solid body_camera. STL generated by ONSHAPE BY PTC INC, 1.218. Units = meters
   facet normal -6.12323e-17 1 0
      outer loop
         vertex 0.00015 0.105111 -0.029214
         vertex 0.00107982 0.105111 -0.0206644
         vertex 0.00199875 0.105111 -0.0208151
      endloop
   endfacet
   facet normal -6.12323e-17 1 0
      outer loop
         vertex 0.00199875 0.105111 -0.0208151
         vertex 0.00289599 0.105111 -0.0210642
         vertex 0.00015 0.105111 -0.029214
      endloop
   endfacet
   facet normal -6.12323e-17 1 0
      outer loop
         vertex 0.00289599 0.105111 -0.0210642
         vertex 0.00376105 0.105111 -0.0214089
         vertex 0.00015 0.105111 -0.029214
      endloop
   endfacet
   facet normal -6.12323e-17 1 0
      outer loop
         vertex 0.00376105 0.105111 -0.0214089
         vertex 0.00458376 0.105111 -0.021845
         vertex 0.00015 0.105111 -0.029214
      endloop
   endfacet
   facet normal -6.12323e-17 1 0
      outer loop
         vertex 0.00458376 0.105111 -0.021845
         vertex 0.0053545 0.105111 -0.0223676
         vertex 0.00015 0.105111 -0.029214
      endloop
   endfacet
   facet normal -6.12323e-17 1 0
      outer loop
         vertex 0.0053545 0.105111 -0.0223676
         vertex 0.00606422 0.105111 -0.0229705
         vertex 0.00015 0.105111 -0.029214
      endloop
   endfacet
   facet normal -6.12323e-17 1 0
      outer loop
         vertex 0.00606422 0.105111 -0.0229705
         vertex 0.00670459 0.105111 -0.0236465
         vertex 0.00015 0.105111 -0.029214
      endloop
   endfacet
   facet normal -6.12323e-17 1 0
      outer loop
         vertex 0.00670459 0.105111 -0.0236465
         vertex 0.00726813 0.105111 -0.0243878
         vertex 0.00015 0.105111 -0.029214
      endloop
   endfacet
   facet normal -6.12323e-17 1 0
      outer loop
         vertex 0.00726813 0.105111 -0.0243878
         vertex 0.0077482 0.105111 -0.0251857
         vertex 0.00015 0.105111 -0.029214
      endloop
   endfacet
   facet normal -6.12323e-17 1 0
      outer loop
         vertex 0.0077482 0.105111 -0.0251857
         vertex 0.0081392 0.105111 -0.0260308
         vertex 0.00015 0.105111 -0.029214
      endloop
   endfacet
   facet normal -6.12323e-17 1 0
      outer loop
         vertex 0.0081392 0.105111 -0.0260308
         vertex 0.00843653 0.105111 -0.0269133
         vertex 0.00015 0.105111 -0.029214
      endloop
   endfacet
   facet normal -6.12323e-17 1 0
      outer loop
         vertex 0.00843653 0.105111 -0.0269133
         vertex 0.00863671 0.105111 -0.0278227
         vertex 0.00015 0.105111 -0.029214
      endloop
   endfacet
   facet normal -6.12323e-17 1 0
      outer loop
         vertex 0.00863671 0.105111 -0.0278227
         vertex 0.00873739 0.105111 -0.0287484
         vertex 0.00015 0.105111 -0.029214
      endloop
   endfacet
   facet normal -6.12323e-17 1 0
      outer loop
         vertex 0.00873739 0.105111 -0.0287484
         vertex 0.00873739 0.105111 -0.0296796
         vertex 0.00015 0.105111 -0.029214
      endloop
   endfacet
   facet normal -6.12323e-17 1 0
      outer loop
         vertex 0.00873739 0.105111 -0.0296796
         vertex 0.00863671 0.105111 -0.0306053
         vertex 0.00015 0.105111 -0.029214
      endloop
   endfacet
   facet normal -6.12323e-17 1 0
      outer loop
         vertex 0.00863671 0.105111 -0.0306053
         vertex 0.00843653 0.105111 -0.0315148
         vertex 0.00015 0.105111 -0.029214
      endloop
   endfacet
   facet normal -6.12323e-17 1 0
      outer loop
         vertex 0.00843653 0.105111 -0.0315148
         vertex 0.0081392 0.105111 -0.0323972
         vertex 0.00015 0.105111 -0.029214
      endloop
   endfacet
   facet normal -6.12323e-17 1 0
      outer loop
         vertex 0.0081392 0.105111 -0.0323972
         vertex 0.0077482 0.105111 -0.0332423
         vertex 0.00015 0.105111 -0.029214
      endloop
   endfacet
   facet normal -6.12323e-17 1 0
      outer loop
         vertex 0.0077482 0.105111 -0.0332423
         vertex 0.00726813 0.105111 -0.0340402
         vertex 0.00015 0.105111 -0.029214
      endloop
   endfacet
   facet normal -6.12323e-17 1 0
      outer loop
         vertex 0.00726813 0.105111 -0.0340402
         vertex 0.00670459 0.105111 -0.0347815
         vertex 0.00015 0.105111 -0.029214
      endloop
   endfacet
   facet normal -6.12323e-17 1 0
      outer loop
         vertex 0.00670459 0.105111 -0.0347815
         vertex 0.00606422 0.105111 -0.0354576
         vertex 0.00015 0.105111 -0.029214
      endloop
   endfacet
   facet normal -6.12323e-17 1 0
      outer loop
         vertex 0.00606422 0.105111 -0.0354576
         vertex 0.0053545 0.105111 -0.0360604
         vertex 0.00015 0.105111 -0.029214
      endloop
   endfacet
   facet normal -6.12323e-17 1 0
      outer loop
         vertex 0.0053545 0.105111 -0.0360604
         vertex 0.00458376 0.105111 -0.036583
         vertex 0.00015 0.105111 -0.029214
      endloop
   endfacet
   facet normal -6.12323e-17 1 0
      outer loop
         vertex 0.00458376 0.105111 -0.036583
         vertex 0.00376105 0.105111 -0.0370192
         vertex 0.00015 0.105111 -0.029214
      endloop
   endfacet
   facet normal -6.12323e-17 1 0
      outer loop
         vertex 0.00376105 0.105111 -0.0370192
         vertex 0.00289599 0.105111 -0.0373638
         vertex 0.00015 0.105111 -0.029214
      endloop
   endfacet
   facet normal -6.12323e-17 1 0
      outer loop
         vertex 0.00289599 0.105111 -0.0373638
         vertex 0.00199875 0.105111 -0.037613
         vertex 0.00015 0.105111 -0.029214
      endloop
   endfacet
   facet normal -6.12323e-17 1 0
      outer loop
         vertex 0.00199875 0.105111 -0.037613
         vertex 0.00107982 0.105111 -0.0377636
         vertex 0.00015 0.105111 -0.029214
      endloop
   endfacet
   facet normal -6.12323e-17 1 0
      outer loop
         vertex 0.00107982 0.105111 -0.0377636
         vertex 0.00015 0.105111 -0.037814
         vertex 0.00015 0.105111 -0.029214
      endloop
   endfacet
   facet normal -6.12323e-17 1 0
      outer loop
         vertex 0.00015 0.105111 -0.037814
         vertex -0.000779824 0.105111 -0.0377636
         vertex 0.00015 0.105111 -0.029214
      endloop
   endfacet
   facet normal -6.12323e-17 1 0
      outer loop
         vertex -0.000779824 0.105111 -0.0377636
         vertex -0.00169875 0.105111 -0.037613
         vertex 0.00015 0.105111 -0.029214
      endloop
   endfacet
   facet normal -6.12323e-17 1 0
      outer loop
         vertex -0.00169875 0.105111 -0.037613
         vertex -0.00259599 0.105111 -0.0373638
         vertex 0.00015 0.105111 -0.029214
      endloop
   endfacet
   facet normal -6.12323e-17 1 0
      outer loop
         vertex -0.00259599 0.105111 -0.0373638
         vertex -0.00346105 0.105111 -0.0370192
         vertex 0.00015 0.105111 -0.029214
      endloop
   endfacet
   facet normal -6.12323e-17 1 0
      outer loop
         vertex -0.00346105 0.105111 -0.0370192
         vertex -0.00428376 0.105111 -0.036583
         vertex 0.00015 0.105111 -0.029214
      endloop
   endfacet
   facet normal -6.12323e-17 1 0
      outer loop
         vertex -0.00428376 0.105111 -0.036583
         vertex -0.0050545 0.105111 -0.0360604
         vertex 0.00015 0.105111 -0.029214
      endloop
   endfacet
   facet normal -6.12323e-17 1 0
      outer loop
         vertex -0.0050545 0.105111 -0.0360604
         vertex -0.00576422 0.105111 -0.0354576
         vertex 0.00015 0.105111 -0.029214
      endloop
   endfacet
   facet normal -6.12323e-17 1 0
      outer loop
         vertex -0.00576422 0.105111 -0.0354576
         vertex -0.00640459 0.105111 -0.0347815
         vertex 0.00015 0.105111 -0.029214
      endloop
   endfacet
   facet normal -6.12323e-17 1 0
      outer loop
         vertex -0.00640459 0.105111 -0.0347815
         vertex -0.00696813 0.105111 -0.0340402
         vertex 0.00015 0.105111 -0.029214
      endloop
   endfacet
   facet normal -6.12323e-17 1 0
      outer loop
         vertex -0.00696813 0.105111 -0.0340402
         vertex -0.0074482 0.105111 -0.0332423
         vertex 0.00015 0.105111 -0.029214
      endloop
   endfacet
   facet normal -6.12323e-17 1 0
      outer loop
         vertex -0.0074482 0.105111 -0.0332423
         vertex -0.0078392 0.105111 -0.0323972
         vertex 0.00015 0.105111 -0.029214
      endloop
   endfacet
   facet normal -6.12323e-17 1 0
      outer loop
         vertex -0.0078392 0.105111 -0.0323972
         vertex -0.00813653 0.105111 -0.0315148
         vertex 0.00015 0.105111 -0.029214
      endloop
   endfacet
   facet normal -6.12323e-17 1 0
      outer loop
         vertex -0.00813653 0.105111 -0.0315148
         vertex -0.00833671 0.105111 -0.0306053
         vertex 0.00015 0.105111 -0.029214
      endloop
   endfacet
   facet normal -6.12323e-17 1 0
      outer loop
         vertex -0.00833671 0.105111 -0.0306053
         vertex -0.00843739 0.105111 -0.0296796
         vertex 0.00015 0.105111 -0.029214
      endloop
   endfacet
   facet normal -6.12323e-17 1 0
      outer loop
         vertex -0.00843739 0.105111 -0.0296796
         vertex -0.00843739 0.105111 -0.0287484
         vertex 0.00015 0.105111 -0.029214
      endloop
   endfacet
   facet normal -6.12323e-17 1 0
      outer loop
         vertex -0.00843739 0.105111 -0.0287484
         vertex -0.00833671 0.105111 -0.0278227
         vertex 0.00015 0.105111 -0.029214
      endloop
   endfacet
   facet normal -6.12323e-17 1 0
      outer loop
         vertex -0.00833671 0.105111 -0.0278227
         vertex -0.00813653 0.105111 -0.0269133
         vertex 0.00015 0.105111 -0.029214
      endloop
   endfacet
   facet normal -6.12323e-17 1 0
      outer loop
         vertex -0.00813653 0.105111 -0.0269133
         vertex -0.0078392 0.105111 -0.0260308
         vertex 0.00015 0.105111 -0.029214
      endloop
   endfacet
   facet normal -6.12323e-17 1 0
      outer loop
         vertex -0.0078392 0.105111 -0.0260308
         vertex -0.0074482 0.105111 -0.0251857
         vertex 0.00015 0.105111 -0.029214
      endloop
   endfacet
   facet normal -6.12323e-17 1 0
      outer loop
         vertex -0.0074482 0.105111 -0.0251857
         vertex -0.00696813 0.105111 -0.0243878
         vertex 0.00015 0.105111 -0.029214
      endloop
   endfacet
   facet normal -6.12323e-17 1 0
      outer loop
         vertex -0.00696813 0.105111 -0.0243878
         vertex -0.00640459 0.105111 -0.0236465
         vertex 0.00015 0.105111 -0.029214
      endloop
   endfacet
   facet normal -6.12323e-17 1 0
      outer loop
         vertex -0.00640459 0.105111 -0.0236465
         vertex -0.00576422 0.105111 -0.0229705
         vertex 0.00015 0.105111 -0.029214
      endloop
   endfacet
   facet normal -6.12323e-17 1 0
      outer loop
         vertex -0.00576422 0.105111 -0.0229705
         vertex -0.0050545 0.105111 -0.0223676
         vertex 0.00015 0.105111 -0.029214
      endloop
   endfacet
   facet normal -6.12323e-17 1 0
      outer loop
         vertex -0.0050545 0.105111 -0.0223676
         vertex -0.00428376 0.105111 -0.021845
         vertex 0.00015 0.105111 -0.029214
      endloop
   endfacet
   facet normal -6.12323e-17 1 0
      outer loop
         vertex -0.00428376 0.105111 -0.021845
         vertex -0.00346105 0.105111 -0.0214089
         vertex 0.00015 0.105111 -0.029214
      endloop
   endfacet
   facet normal -6.12323e-17 1 0
      outer loop
         vertex -0.00346105 0.105111 -0.0214089
         vertex -0.00259599 0.105111 -0.0210642
         vertex 0.00015 0.105111 -0.029214
      endloop
   endfacet
   facet normal -6.12323e-17 1 0
      outer loop
         vertex -0.00259599 0.105111 -0.0210642
         vertex -0.00169875 0.105111 -0.0208151
         vertex 0.00015 0.105111 -0.029214
      endloop
   endfacet
   facet normal -6.12323e-17 1 0
      outer loop
         vertex -0.00169875 0.105111 -0.0208151
         vertex -0.000779824 0.105111 -0.0206644
         vertex 0.00015 0.105111 -0.029214
      endloop
   endfacet
   facet normal -6.12323e-17 1 0
      outer loop
         vertex -0.000779824 0.105111 -0.0206644
         vertex 0.00015 0.105111 -0.020614
         vertex 0.00015 0.105111 -0.029214
      endloop
   endfacet
   facet normal -6.12323e-17 1 0
      outer loop
         vertex 0.00015 0.105111 -0.020614
         vertex 0.00107982 0.105111 -0.0206644
         vertex 0.00015 0.105111 -0.029214
      endloop
   endfacet
   facet normal 0 0 -1
      outer loop
         vertex 0.00015 0.0980112 -0.037814
         vertex 0.00015 0.105111 -0.037814
         vertex 0.00107982 0.105111 -0.0377636
      endloop
   endfacet
   facet normal 0.108119 6.62038e-18 -0.994138
      outer loop
         vertex 0.00107982 0.0980112 -0.0377636
         vertex 0.00107982 0.105111 -0.0377636
         vertex 0.00199875 0.105111 -0.037613
      endloop
   endfacet
   facet normal 0.21497 1.31631e-17 -0.976621
      outer loop
         vertex 0.00199875 0.0980112 -0.037613
         vertex 0.00199875 0.105111 -0.037613
         vertex 0.00289599 0.105111 -0.0373638
      endloop
   endfacet
   facet normal 0.319302 1.95516e-17 -0.947653
      outer loop
         vertex 0.00289599 0.0980112 -0.0373638
         vertex 0.00289599 0.105111 -0.0373638
         vertex 0.00376105 0.105111 -0.0370192
      endloop
   endfacet
   facet normal 0.419889 2.57108e-17 -0.907575
      outer loop
         vertex 0.00376105 0.0980112 -0.0370192
         vertex 0.00376105 0.105111 -0.0370192
         vertex 0.00458376 0.105111 -0.036583
      endloop
   endfacet
   facet normal 0.515554 3.15686e-17 -0.856857
      outer loop
         vertex 0.00458376 0.0980112 -0.036583
         vertex 0.00458376 0.105111 -0.036583
         vertex 0.0053545 0.105111 -0.0360604
      endloop
   endfacet
   facet normal 0.605174 3.70562e-17 -0.796093
      outer loop
         vertex 0.0053545 0.0980112 -0.0360604
         vertex 0.0053545 0.105111 -0.0360604
         vertex 0.00606422 0.105111 -0.0354576
      endloop
   endfacet
   facet normal 0.687699 4.21094e-17 -0.725995
      outer loop
         vertex 0.00606422 0.0980112 -0.0354576
         vertex 0.00606422 0.105111 -0.0354576
         vertex 0.00670459 0.105111 -0.0347815
      endloop
   endfacet
   facet normal 0.762162 4.6669e-17 -0.647386
      outer loop
         vertex 0.00670459 0.0980112 -0.0347815
         vertex 0.00670459 0.105111 -0.0347815
         vertex 0.00726813 0.105111 -0.0340402
      endloop
   endfacet
   facet normal 0.827689 5.06813e-17 -0.561187
      outer loop
         vertex 0.00726813 0.0980112 -0.0340402
         vertex 0.00726813 0.105111 -0.0340402
         vertex 0.0077482 0.105111 -0.0332423
      endloop
   endfacet
   facet normal 0.883512 5.40995e-17 -0.468408
      outer loop
         vertex 0.0077482 0.0980112 -0.0332423
         vertex 0.0077482 0.105111 -0.0332423
         vertex 0.0081392 0.105111 -0.0323972
      endloop
   endfacet
   facet normal 0.928977 5.68834e-17 -0.370138
      outer loop
         vertex 0.0081392 0.0980112 -0.0323972
         vertex 0.0081392 0.105111 -0.0323972
         vertex 0.00843653 0.105111 -0.0315148
      endloop
   endfacet
   facet normal 0.96355 5.90004e-17 -0.267528
      outer loop
         vertex 0.00843653 0.0980112 -0.0315148
         vertex 0.00843653 0.105111 -0.0315148
         vertex 0.00863671 0.105111 -0.0306053
      endloop
   endfacet
   facet normal 0.986827 6.04257e-17 -0.161782
      outer loop
         vertex 0.00863671 0.0980112 -0.0306053
         vertex 0.00863671 0.105111 -0.0306053
         vertex 0.00873739 0.105111 -0.0296796
      endloop
   endfacet
   facet normal 0.998533 6.11425e-17 -0.0541389
      outer loop
         vertex 0.00873739 0.0980112 -0.0296796
         vertex 0.00873739 0.105111 -0.0296796
         vertex 0.00873739 0.105111 -0.0287484
      endloop
   endfacet
   facet normal 0.998533 6.11425e-17 0.0541389
      outer loop
         vertex 0.00873739 0.0980112 -0.0287484
         vertex 0.00873739 0.105111 -0.0287484
         vertex 0.00863671 0.105111 -0.0278227
      endloop
   endfacet
   facet normal 0.986827 6.04257e-17 0.161782
      outer loop
         vertex 0.00863671 0.0980112 -0.0278227
         vertex 0.00863671 0.105111 -0.0278227
         vertex 0.00843653 0.105111 -0.0269133
      endloop
   endfacet
   facet normal 0.96355 5.90004e-17 0.267528
      outer loop
         vertex 0.00843653 0.0980112 -0.0269133
         vertex 0.00843653 0.105111 -0.0269133
         vertex 0.0081392 0.105111 -0.0260308
      endloop
   endfacet
   facet normal 0.928977 5.68834e-17 0.370138
      outer loop
         vertex 0.0081392 0.0980112 -0.0260308
         vertex 0.0081392 0.105111 -0.0260308
         vertex 0.0077482 0.105111 -0.0251857
      endloop
   endfacet
   facet normal 0.883512 5.40995e-17 0.468408
      outer loop
         vertex 0.0077482 0.0980112 -0.0251857
         vertex 0.0077482 0.105111 -0.0251857
         vertex 0.00726813 0.105111 -0.0243878
      endloop
   endfacet
   facet normal 0.827689 5.06813e-17 0.561187
      outer loop
         vertex 0.00726813 0.0980112 -0.0243878
         vertex 0.00726813 0.105111 -0.0243878
         vertex 0.00670459 0.105111 -0.0236465
      endloop
   endfacet
   facet normal 0.762162 4.6669e-17 0.647386
      outer loop
         vertex 0.00670459 0.0980112 -0.0236465
         vertex 0.00670459 0.105111 -0.0236465
         vertex 0.00606422 0.105111 -0.0229705
      endloop
   endfacet
   facet normal 0.687699 4.21094e-17 0.725995
      outer loop
         vertex 0.00606422 0.0980112 -0.0229705
         vertex 0.00606422 0.105111 -0.0229705
         vertex 0.0053545 0.105111 -0.0223676
      endloop
   endfacet
   facet normal 0.605174 3.70562e-17 0.796093
      outer loop
         vertex 0.0053545 0.0980112 -0.0223676
         vertex 0.0053545 0.105111 -0.0223676
         vertex 0.00458376 0.105111 -0.021845
      endloop
   endfacet
   facet normal 0.515554 3.15686e-17 0.856857
      outer loop
         vertex 0.00458376 0.0980112 -0.021845
         vertex 0.00458376 0.105111 -0.021845
         vertex 0.00376105 0.105111 -0.0214089
      endloop
   endfacet
   facet normal 0.419889 2.57108e-17 0.907575
      outer loop
         vertex 0.00376105 0.0980112 -0.0214089
         vertex 0.00376105 0.105111 -0.0214089
         vertex 0.00289599 0.105111 -0.0210642
      endloop
   endfacet
   facet normal 0.319302 1.95516e-17 0.947653
      outer loop
         vertex 0.00289599 0.0980112 -0.0210642
         vertex 0.00289599 0.105111 -0.0210642
         vertex 0.00199875 0.105111 -0.0208151
      endloop
   endfacet
   facet normal 0.21497 1.31631e-17 0.976621
      outer loop
         vertex 0.00199875 0.0980112 -0.0208151
         vertex 0.00199875 0.105111 -0.0208151
         vertex 0.00107982 0.105111 -0.0206644
      endloop
   endfacet
   facet normal 0.108119 6.62038e-18 0.994138
      outer loop
         vertex 0.00107982 0.0980112 -0.0206644
         vertex 0.00107982 0.105111 -0.0206644
         vertex 0.00015 0.105111 -0.020614
      endloop
   endfacet
   facet normal 1.22465e-16 7.4988e-33 1
      outer loop
         vertex 0.00015 0.0980112 -0.020614
         vertex 0.00015 0.105111 -0.020614
         vertex -0.000779824 0.105111 -0.0206644
      endloop
   endfacet
   facet normal -0.108119 -6.62038e-18 0.994138
      outer loop
         vertex -0.000779824 0.0980112 -0.0206644
         vertex -0.000779824 0.105111 -0.0206644
         vertex -0.00169875 0.105111 -0.0208151
      endloop
   endfacet
   facet normal -0.21497 -1.31631e-17 0.976621
      outer loop
         vertex -0.00169875 0.0980112 -0.0208151
         vertex -0.00169875 0.105111 -0.0208151
         vertex -0.00259599 0.105111 -0.0210642
      endloop
   endfacet
   facet normal -0.319302 -1.95516e-17 0.947653
      outer loop
         vertex -0.00259599 0.0980112 -0.0210642
         vertex -0.00259599 0.105111 -0.0210642
         vertex -0.00346105 0.105111 -0.0214089
      endloop
   endfacet
   facet normal -0.419889 -2.57108e-17 0.907575
      outer loop
         vertex -0.00346105 0.0980112 -0.0214089
         vertex -0.00346105 0.105111 -0.0214089
         vertex -0.00428376 0.105111 -0.021845
      endloop
   endfacet
   facet normal -0.515554 -3.15686e-17 0.856857
      outer loop
         vertex -0.00428376 0.0980112 -0.021845
         vertex -0.00428376 0.105111 -0.021845
         vertex -0.0050545 0.105111 -0.0223676
      endloop
   endfacet
   facet normal -0.605174 -3.70562e-17 0.796093
      outer loop
         vertex -0.0050545 0.0980112 -0.0223676
         vertex -0.0050545 0.105111 -0.0223676
         vertex -0.00576422 0.105111 -0.0229705
      endloop
   endfacet
   facet normal -0.687699 -4.21094e-17 0.725995
      outer loop
         vertex -0.00576422 0.0980112 -0.0229705
         vertex -0.00576422 0.105111 -0.0229705
         vertex -0.00640459 0.105111 -0.0236465
      endloop
   endfacet
   facet normal -0.762162 -4.6669e-17 0.647386
      outer loop
         vertex -0.00640459 0.0980112 -0.0236465
         vertex -0.00640459 0.105111 -0.0236465
         vertex -0.00696813 0.105111 -0.0243878
      endloop
   endfacet
   facet normal -0.827689 -5.06813e-17 0.561187
      outer loop
         vertex -0.00696813 0.0980112 -0.0243878
         vertex -0.00696813 0.105111 -0.0243878
         vertex -0.0074482 0.105111 -0.0251857
      endloop
   endfacet
   facet normal -0.883512 -5.40995e-17 0.468408
      outer loop
         vertex -0.0074482 0.0980112 -0.0251857
         vertex -0.0074482 0.105111 -0.0251857
         vertex -0.0078392 0.105111 -0.0260308
      endloop
   endfacet
   facet normal -0.928977 -5.68834e-17 0.370138
      outer loop
         vertex -0.0078392 0.0980112 -0.0260308
         vertex -0.0078392 0.105111 -0.0260308
         vertex -0.00813653 0.105111 -0.0269133
      endloop
   endfacet
   facet normal -0.96355 -5.90004e-17 0.267528
      outer loop
         vertex -0.00813653 0.0980112 -0.0269133
         vertex -0.00813653 0.105111 -0.0269133
         vertex -0.00833671 0.105111 -0.0278227
      endloop
   endfacet
   facet normal -0.986827 -6.04257e-17 0.161782
      outer loop
         vertex -0.00833671 0.0980112 -0.0278227
         vertex -0.00833671 0.105111 -0.0278227
         vertex -0.00843739 0.105111 -0.0287484
      endloop
   endfacet
   facet normal -0.998533 -6.11425e-17 0.0541389
      outer loop
         vertex -0.00843739 0.0980112 -0.0287484
         vertex -0.00843739 0.105111 -0.0287484
         vertex -0.00843739 0.105111 -0.0296796
      endloop
   endfacet
   facet normal -0.998533 -6.11425e-17 -0.0541389
      outer loop
         vertex -0.00843739 0.0980112 -0.0296796
         vertex -0.00843739 0.105111 -0.0296796
         vertex -0.00833671 0.105111 -0.0306053
      endloop
   endfacet
   facet normal -0.986827 -6.04257e-17 -0.161782
      outer loop
         vertex -0.00833671 0.0980112 -0.0306053
         vertex -0.00833671 0.105111 -0.0306053
         vertex -0.00813653 0.105111 -0.0315148
      endloop
   endfacet
   facet normal -0.96355 -5.90004e-17 -0.267528
      outer loop
         vertex -0.00813653 0.0980112 -0.0315148
         vertex -0.00813653 0.105111 -0.0315148
         vertex -0.0078392 0.105111 -0.0323972
      endloop
   endfacet
   facet normal -0.928977 -5.68834e-17 -0.370138
      outer loop
         vertex -0.0078392 0.0980112 -0.0323972
         vertex -0.0078392 0.105111 -0.0323972
         vertex -0.0074482 0.105111 -0.0332423
      endloop
   endfacet
   facet normal -0.883512 -5.40995e-17 -0.468408
      outer loop
         vertex -0.0074482 0.0980112 -0.0332423
         vertex -0.0074482 0.105111 -0.0332423
         vertex -0.00696813 0.105111 -0.0340402
      endloop
   endfacet
   facet normal -0.827689 -5.06813e-17 -0.561187
      outer loop
         vertex -0.00696813 0.0980112 -0.0340402
         vertex -0.00696813 0.105111 -0.0340402
         vertex -0.00640459 0.105111 -0.0347815
      endloop
   endfacet
   facet normal -0.762162 -4.6669e-17 -0.647386
      outer loop
         vertex -0.00640459 0.0980112 -0.0347815
         vertex -0.00640459 0.105111 -0.0347815
         vertex -0.00576422 0.105111 -0.0354576
      endloop
   endfacet
   facet normal -0.687699 -4.21094e-17 -0.725995
      outer loop
         vertex -0.00576422 0.0980112 -0.0354576
         vertex -0.00576422 0.105111 -0.0354576
         vertex -0.0050545 0.105111 -0.0360604
      endloop
   endfacet
   facet normal -0.605174 -3.70562e-17 -0.796093
      outer loop
         vertex -0.0050545 0.0980112 -0.0360604
         vertex -0.0050545 0.105111 -0.0360604
         vertex -0.00428376 0.105111 -0.036583
      endloop
   endfacet
   facet normal -0.515554 -3.15686e-17 -0.856857
      outer loop
         vertex -0.00428376 0.0980112 -0.036583
         vertex -0.00428376 0.105111 -0.036583
         vertex -0.00346105 0.105111 -0.0370192
      endloop
   endfacet
   facet normal -0.419889 -2.57108e-17 -0.907575
      outer loop
         vertex -0.00346105 0.0980112 -0.0370192
         vertex -0.00346105 0.105111 -0.0370192
         vertex -0.00259599 0.105111 -0.0373638
      endloop
   endfacet
   facet normal -0.319302 -1.95516e-17 -0.947653
      outer loop
         vertex -0.00259599 0.0980112 -0.0373638
         vertex -0.00259599 0.105111 -0.0373638
         vertex -0.00169875 0.105111 -0.037613
      endloop
   endfacet
   facet normal -0.21497 -1.31631e-17 -0.976621
      outer loop
         vertex -0.00169875 0.0980112 -0.037613
         vertex -0.00169875 0.105111 -0.037613
         vertex -0.000779824 0.105111 -0.0377636
      endloop
   endfacet
   facet normal -0.108119 -6.62038e-18 -0.994138
      outer loop
         vertex -0.000779824 0.0980112 -0.0377636
         vertex -0.000779824 0.105111 -0.0377636
         vertex 0.00015 0.105111 -0.037814
      endloop
   endfacet
   facet normal 0 0 -1
      outer loop
         vertex 0.00015 0.105111 -0.037814
         vertex 0.00015 0.0980112 -0.037814
         vertex -0.000779824 0.0980112 -0.0377636
      endloop
   endfacet
   facet normal -0.108119 -6.62038e-18 -0.994138
      outer loop
         vertex -0.000779824 0.105111 -0.0377636
         vertex -0.000779824 0.0980112 -0.0377636
         vertex -0.00169875 0.0980112 -0.037613
      endloop
   endfacet
   facet normal -0.21497 -1.31631e-17 -0.976621
      outer loop
         vertex -0.00169875 0.105111 -0.037613
         vertex -0.00169875 0.0980112 -0.037613
         vertex -0.00259599 0.0980112 -0.0373638
      endloop
   endfacet
   facet normal -0.319302 -1.95516e-17 -0.947653
      outer loop
         vertex -0.00259599 0.105111 -0.0373638
         vertex -0.00259599 0.0980112 -0.0373638
         vertex -0.00346105 0.0980112 -0.0370192
      endloop
   endfacet
   facet normal -0.419889 -2.57108e-17 -0.907575
      outer loop
         vertex -0.00346105 0.105111 -0.0370192
         vertex -0.00346105 0.0980112 -0.0370192
         vertex -0.00428376 0.0980112 -0.036583
      endloop
   endfacet
   facet normal -0.515554 -3.15686e-17 -0.856857
      outer loop
         vertex -0.00428376 0.105111 -0.036583
         vertex -0.00428376 0.0980112 -0.036583
         vertex -0.0050545 0.0980112 -0.0360604
      endloop
   endfacet
   facet normal -0.605174 -3.70562e-17 -0.796093
      outer loop
         vertex -0.0050545 0.105111 -0.0360604
         vertex -0.0050545 0.0980112 -0.0360604
         vertex -0.00576422 0.0980112 -0.0354576
      endloop
   endfacet
   facet normal -0.687699 -4.21094e-17 -0.725995
      outer loop
         vertex -0.00576422 0.105111 -0.0354576
         vertex -0.00576422 0.0980112 -0.0354576
         vertex -0.00640459 0.0980112 -0.0347815
      endloop
   endfacet
   facet normal -0.762162 -4.6669e-17 -0.647386
      outer loop
         vertex -0.00640459 0.105111 -0.0347815
         vertex -0.00640459 0.0980112 -0.0347815
         vertex -0.00696813 0.0980112 -0.0340402
      endloop
   endfacet
   facet normal -0.827689 -5.06813e-17 -0.561187
      outer loop
         vertex -0.00696813 0.105111 -0.0340402
         vertex -0.00696813 0.0980112 -0.0340402
         vertex -0.0074482 0.0980112 -0.0332423
      endloop
   endfacet
   facet normal -0.883512 -5.40995e-17 -0.468408
      outer loop
         vertex -0.0074482 0.105111 -0.0332423
         vertex -0.0074482 0.0980112 -0.0332423
         vertex -0.0078392 0.0980112 -0.0323972
      endloop
   endfacet
   facet normal -0.928977 -5.68834e-17 -0.370138
      outer loop
         vertex -0.0078392 0.105111 -0.0323972
         vertex -0.0078392 0.0980112 -0.0323972
         vertex -0.00813653 0.0980112 -0.0315148
      endloop
   endfacet
   facet normal -0.96355 -5.90004e-17 -0.267528
      outer loop
         vertex -0.00813653 0.105111 -0.0315148
         vertex -0.00813653 0.0980112 -0.0315148
         vertex -0.00833671 0.0980112 -0.0306053
      endloop
   endfacet
   facet normal -0.986827 -6.04257e-17 -0.161782
      outer loop
         vertex -0.00833671 0.105111 -0.0306053
         vertex -0.00833671 0.0980112 -0.0306053
         vertex -0.00843739 0.0980112 -0.0296796
      endloop
   endfacet
   facet normal -0.998533 -6.11425e-17 -0.0541389
      outer loop
         vertex -0.00843739 0.105111 -0.0296796
         vertex -0.00843739 0.0980112 -0.0296796
         vertex -0.00843739 0.0980112 -0.0287484
      endloop
   endfacet
   facet normal -0.998533 -6.11425e-17 0.0541389
      outer loop
         vertex -0.00843739 0.105111 -0.0287484
         vertex -0.00843739 0.0980112 -0.0287484
         vertex -0.00833671 0.0980112 -0.0278227
      endloop
   endfacet
   facet normal -0.986827 -6.04257e-17 0.161782
      outer loop
         vertex -0.00833671 0.105111 -0.0278227
         vertex -0.00833671 0.0980112 -0.0278227
         vertex -0.00813653 0.0980112 -0.0269133
      endloop
   endfacet
   facet normal -0.96355 -5.90004e-17 0.267528
      outer loop
         vertex -0.00813653 0.105111 -0.0269133
         vertex -0.00813653 0.0980112 -0.0269133
         vertex -0.0078392 0.0980112 -0.0260308
      endloop
   endfacet
   facet normal -0.928977 -5.68834e-17 0.370138
      outer loop
         vertex -0.0078392 0.105111 -0.0260308
         vertex -0.0078392 0.0980112 -0.0260308
         vertex -0.0074482 0.0980112 -0.0251857
      endloop
   endfacet
   facet normal -0.883512 -5.40995e-17 0.468408
      outer loop
         vertex -0.0074482 0.105111 -0.0251857
         vertex -0.0074482 0.0980112 -0.0251857
         vertex -0.00696813 0.0980112 -0.0243878
      endloop
   endfacet
   facet normal -0.827689 -5.06813e-17 0.561187
      outer loop
         vertex -0.00696813 0.105111 -0.0243878
         vertex -0.00696813 0.0980112 -0.0243878
         vertex -0.00640459 0.0980112 -0.0236465
      endloop
   endfacet
   facet normal -0.762162 -4.6669e-17 0.647386
      outer loop
         vertex -0.00640459 0.105111 -0.0236465
         vertex -0.00640459 0.0980112 -0.0236465
         vertex -0.00576422 0.0980112 -0.0229705
      endloop
   endfacet
   facet normal -0.687699 -4.21094e-17 0.725995
      outer loop
         vertex -0.00576422 0.105111 -0.0229705
         vertex -0.00576422 0.0980112 -0.0229705
         vertex -0.0050545 0.0980112 -0.0223676
      endloop
   endfacet
   facet normal -0.605174 -3.70562e-17 0.796093
      outer loop
         vertex -0.0050545 0.105111 -0.0223676
         vertex -0.0050545 0.0980112 -0.0223676
         vertex -0.00428376 0.0980112 -0.021845
      endloop
   endfacet
   facet normal -0.515554 -3.15686e-17 0.856857
      outer loop
         vertex -0.00428376 0.105111 -0.021845
         vertex -0.00428376 0.0980112 -0.021845
         vertex -0.00346105 0.0980112 -0.0214089
      endloop
   endfacet
   facet normal -0.419889 -2.57108e-17 0.907575
      outer loop
         vertex -0.00346105 0.105111 -0.0214089
         vertex -0.00346105 0.0980112 -0.0214089
         vertex -0.00259599 0.0980112 -0.0210642
      endloop
   endfacet
   facet normal -0.319302 -1.95516e-17 0.947653
      outer loop
         vertex -0.00259599 0.105111 -0.0210642
         vertex -0.00259599 0.0980112 -0.0210642
         vertex -0.00169875 0.0980112 -0.0208151
      endloop
   endfacet
   facet normal -0.21497 -1.31631e-17 0.976621
      outer loop
         vertex -0.00169875 0.105111 -0.0208151
         vertex -0.00169875 0.0980112 -0.0208151
         vertex -0.000779824 0.0980112 -0.0206644
      endloop
   endfacet
   facet normal -0.108119 -6.62038e-18 0.994138
      outer loop
         vertex -0.000779824 0.105111 -0.0206644
         vertex -0.000779824 0.0980112 -0.0206644
         vertex 0.00015 0.0980112 -0.020614
      endloop
   endfacet
   facet normal 1.22465e-16 7.4988e-33 1
      outer loop
         vertex 0.00015 0.105111 -0.020614
         vertex 0.00015 0.0980112 -0.020614
         vertex 0.00107982 0.0980112 -0.0206644
      endloop
   endfacet
   facet normal 0.108119 6.62038e-18 0.994138
      outer loop
         vertex 0.00107982 0.105111 -0.0206644
         vertex 0.00107982 0.0980112 -0.0206644
         vertex 0.00199875 0.0980112 -0.0208151
      endloop
   endfacet
   facet normal 0.21497 1.31631e-17 0.976621
      outer loop
         vertex 0.00199875 0.105111 -0.0208151
         vertex 0.00199875 0.0980112 -0.0208151
         vertex 0.00289599 0.0980112 -0.0210642
      endloop
   endfacet
   facet normal 0.319302 1.95516e-17 0.947653
      outer loop
         vertex 0.00289599 0.105111 -0.0210642
         vertex 0.00289599 0.0980112 -0.0210642
         vertex 0.00376105 0.0980112 -0.0214089
      endloop
   endfacet
   facet normal 0.419889 2.57108e-17 0.907575
      outer loop
         vertex 0.00376105 0.105111 -0.0214089
         vertex 0.00376105 0.0980112 -0.0214089
         vertex 0.00458376 0.0980112 -0.021845
      endloop
   endfacet
   facet normal 0.515554 3.15686e-17 0.856857
      outer loop
         vertex 0.00458376 0.105111 -0.021845
         vertex 0.00458376 0.0980112 -0.021845
         vertex 0.0053545 0.0980112 -0.0223676
      endloop
   endfacet
   facet normal 0.605174 3.70562e-17 0.796093
      outer loop
         vertex 0.0053545 0.105111 -0.0223676
         vertex 0.0053545 0.0980112 -0.0223676
         vertex 0.00606422 0.0980112 -0.0229705
      endloop
   endfacet
   facet normal 0.687699 4.21094e-17 0.725995
      outer loop
         vertex 0.00606422 0.105111 -0.0229705
         vertex 0.00606422 0.0980112 -0.0229705
         vertex 0.00670459 0.0980112 -0.0236465
      endloop
   endfacet
   facet normal 0.762162 4.6669e-17 0.647386
      outer loop
         vertex 0.00670459 0.105111 -0.0236465
         vertex 0.00670459 0.0980112 -0.0236465
         vertex 0.00726813 0.0980112 -0.0243878
      endloop
   endfacet
   facet normal 0.827689 5.06813e-17 0.561187
      outer loop
         vertex 0.00726813 0.105111 -0.0243878
         vertex 0.00726813 0.0980112 -0.0243878
         vertex 0.0077482 0.0980112 -0.0251857
      endloop
   endfacet
   facet normal 0.883512 5.40995e-17 0.468408
      outer loop
         vertex 0.0077482 0.105111 -0.0251857
         vertex 0.0077482 0.0980112 -0.0251857
         vertex 0.0081392 0.0980112 -0.0260308
      endloop
   endfacet
   facet normal 0.928977 5.68834e-17 0.370138
      outer loop
         vertex 0.0081392 0.105111 -0.0260308
         vertex 0.0081392 0.0980112 -0.0260308
         vertex 0.00843653 0.0980112 -0.0269133
      endloop
   endfacet
   facet normal 0.96355 5.90004e-17 0.267528
      outer loop
         vertex 0.00843653 0.105111 -0.0269133
         vertex 0.00843653 0.0980112 -0.0269133
         vertex 0.00863671 0.0980112 -0.0278227
      endloop
   endfacet
   facet normal 0.986827 6.04257e-17 0.161782
      outer loop
         vertex 0.00863671 0.105111 -0.0278227
         vertex 0.00863671 0.0980112 -0.0278227
         vertex 0.00873739 0.0980112 -0.0287484
      endloop
   endfacet
   facet normal 0.998533 6.11425e-17 0.0541389
      outer loop
         vertex 0.00873739 0.105111 -0.0287484
         vertex 0.00873739 0.0980112 -0.0287484
         vertex 0.00873739 0.0980112 -0.0296796
      endloop
   endfacet
   facet normal 0.998533 6.11425e-17 -0.0541389
      outer loop
         vertex 0.00873739 0.105111 -0.0296796
         vertex 0.00873739 0.0980112 -0.0296796
         vertex 0.00863671 0.0980112 -0.0306053
      endloop
   endfacet
   facet normal 0.986827 6.04257e-17 -0.161782
      outer loop
         vertex 0.00863671 0.105111 -0.0306053
         vertex 0.00863671 0.0980112 -0.0306053
         vertex 0.00843653 0.0980112 -0.0315148
      endloop
   endfacet
   facet normal 0.96355 5.90004e-17 -0.267528
      outer loop
         vertex 0.00843653 0.105111 -0.0315148
         vertex 0.00843653 0.0980112 -0.0315148
         vertex 0.0081392 0.0980112 -0.0323972
      endloop
   endfacet
   facet normal 0.928977 5.68834e-17 -0.370138
      outer loop
         vertex 0.0081392 0.105111 -0.0323972
         vertex 0.0081392 0.0980112 -0.0323972
         vertex 0.0077482 0.0980112 -0.0332423
      endloop
   endfacet
   facet normal 0.883512 5.40995e-17 -0.468408
      outer loop
         vertex 0.0077482 0.105111 -0.0332423
         vertex 0.0077482 0.0980112 -0.0332423
         vertex 0.00726813 0.0980112 -0.0340402
      endloop
   endfacet
   facet normal 0.827689 5.06813e-17 -0.561187
      outer loop
         vertex 0.00726813 0.105111 -0.0340402
         vertex 0.00726813 0.0980112 -0.0340402
         vertex 0.00670459 0.0980112 -0.0347815
      endloop
   endfacet
   facet normal 0.762162 4.6669e-17 -0.647386
      outer loop
         vertex 0.00670459 0.105111 -0.0347815
         vertex 0.00670459 0.0980112 -0.0347815
         vertex 0.00606422 0.0980112 -0.0354576
      endloop
   endfacet
   facet normal 0.687699 4.21094e-17 -0.725995
      outer loop
         vertex 0.00606422 0.105111 -0.0354576
         vertex 0.00606422 0.0980112 -0.0354576
         vertex 0.0053545 0.0980112 -0.0360604
      endloop
   endfacet
   facet normal 0.605174 3.70562e-17 -0.796093
      outer loop
         vertex 0.0053545 0.105111 -0.0360604
         vertex 0.0053545 0.0980112 -0.0360604
         vertex 0.00458376 0.0980112 -0.036583
      endloop
   endfacet
   facet normal 0.515554 3.15686e-17 -0.856857
      outer loop
         vertex 0.00458376 0.105111 -0.036583
         vertex 0.00458376 0.0980112 -0.036583
         vertex 0.00376105 0.0980112 -0.0370192
      endloop
   endfacet
   facet normal 0.419889 2.57108e-17 -0.907575
      outer loop
         vertex 0.00376105 0.105111 -0.0370192
         vertex 0.00376105 0.0980112 -0.0370192
         vertex 0.00289599 0.0980112 -0.0373638
      endloop
   endfacet
   facet normal 0.319302 1.95516e-17 -0.947653
      outer loop
         vertex 0.00289599 0.105111 -0.0373638
         vertex 0.00289599 0.0980112 -0.0373638
         vertex 0.00199875 0.0980112 -0.037613
      endloop
   endfacet
   facet normal 0.21497 1.31631e-17 -0.976621
      outer loop
         vertex 0.00199875 0.105111 -0.037613
         vertex 0.00199875 0.0980112 -0.037613
         vertex 0.00107982 0.0980112 -0.0377636
      endloop
   endfacet
   facet normal 0.108119 6.62038e-18 -0.994138
      outer loop
         vertex 0.00107982 0.105111 -0.0377636
         vertex 0.00107982 0.0980112 -0.0377636
         vertex 0.00015 0.0980112 -0.037814
      endloop
   endfacet
   facet normal 6.12323e-17 -1 0
      outer loop
         vertex 0.00289599 0.0980112 -0.0210642
         vertex 0.00254476 0.0980112 -0.0221066
         vertex 0.00329917 0.0980112 -0.0224072
      endloop
   endfacet
   facet normal 6.12323e-17 -1 0
      outer loop
         vertex 0.00199875 0.0980112 -0.0208151
         vertex 0.00176228 0.0980112 -0.0218894
         vertex 0.00254476 0.0980112 -0.0221066
      endloop
   endfacet
   facet normal 6.12323e-17 -1 0
      outer loop
         vertex -0.00169875 0.0980112 -0.0208151
         vertex -0.00146228 0.0980112 -0.0218894
         vertex -0.000660893 0.0980112 -0.021758
      endloop
   endfacet
   facet normal 6.12323e-17 -1 0
      outer loop
         vertex -0.00259599 0.0980112 -0.0210642
         vertex -0.00224476 0.0980112 -0.0221066
         vertex -0.00146228 0.0980112 -0.0218894
      endloop
   endfacet
   facet normal 6.12323e-17 -1 0
      outer loop
         vertex 0.00254476 0.0980112 -0.0221066
         vertex 0.00289599 0.0980112 -0.0210642
         vertex 0.00199875 0.0980112 -0.0208151
      endloop
   endfacet
   facet normal 6.12323e-17 -1 0
      outer loop
         vertex 0.00199875 0.0980112 -0.0208151
         vertex 0.00107982 0.0980112 -0.0206644
         vertex 0.000960893 0.0980112 -0.021758
      endloop
   endfacet
   facet normal 6.12323e-17 -1 0
      outer loop
         vertex -0.00146228 0.0980112 -0.0218894
         vertex -0.00169875 0.0980112 -0.0208151
         vertex -0.00259599 0.0980112 -0.0210642
      endloop
   endfacet
   facet normal 6.12323e-17 -1 0
      outer loop
         vertex -0.00259599 0.0980112 -0.0210642
         vertex -0.00346105 0.0980112 -0.0214089
         vertex -0.00299917 0.0980112 -0.0224072
      endloop
   endfacet
   facet normal 6.12323e-17 -1 0
      outer loop
         vertex 0.000960893 0.0980112 -0.021758
         vertex 0.00176228 0.0980112 -0.0218894
         vertex 0.00199875 0.0980112 -0.0208151
      endloop
   endfacet
   facet normal 6.12323e-17 -1 0
      outer loop
         vertex 0.00015 0.0980112 -0.020614
         vertex 0.00015 0.0980112 -0.021714
         vertex 0.000960893 0.0980112 -0.021758
      endloop
   endfacet
   facet normal 6.12323e-17 -1 0
      outer loop
         vertex -0.000779824 0.0980112 -0.0206644
         vertex -0.000660893 0.0980112 -0.021758
         vertex 0.00015 0.0980112 -0.021714
      endloop
   endfacet
   facet normal 6.12323e-17 -1 0
      outer loop
         vertex -0.00299917 0.0980112 -0.0224072
         vertex -0.00224476 0.0980112 -0.0221066
         vertex -0.00259599 0.0980112 -0.0210642
      endloop
   endfacet
   facet normal 6.12323e-17 -1 0
      outer loop
         vertex 0.0077482 0.0980112 -0.0251857
         vertex 0.00677634 0.0980112 -0.025701
         vertex 0.00711733 0.0980112 -0.026438
      endloop
   endfacet
   facet normal 6.12323e-17 -1 0
      outer loop
         vertex 0.00726813 0.0980112 -0.0243878
         vertex 0.00635767 0.0980112 -0.0250051
         vertex 0.00677634 0.0980112 -0.025701
      endloop
   endfacet
   facet normal 6.12323e-17 -1 0
      outer loop
         vertex 0.00458376 0.0980112 -0.021845
         vertex 0.00401665 0.0980112 -0.0227876
         vertex 0.00468881 0.0980112 -0.0232433
      endloop
   endfacet
   facet normal 6.12323e-17 -1 0
      outer loop
         vertex 0.00458376 0.0980112 -0.021845
         vertex 0.00376105 0.0980112 -0.0214089
         vertex 0.00329917 0.0980112 -0.0224072
      endloop
   endfacet
   facet normal 6.12323e-17 -1 0
      outer loop
         vertex 0.000960893 0.0980112 -0.021758
         vertex 0.00107982 0.0980112 -0.0206644
         vertex 0.00015 0.0980112 -0.020614
      endloop
   endfacet
   facet normal 6.12323e-17 -1 0
      outer loop
         vertex -0.000660893 0.0980112 -0.021758
         vertex -0.000779824 0.0980112 -0.0206644
         vertex -0.00169875 0.0980112 -0.0208151
      endloop
   endfacet
   facet normal 6.12323e-17 -1 0
      outer loop
         vertex -0.00833671 0.0980112 -0.0278227
         vertex -0.00843739 0.0980112 -0.0287484
         vertex -0.007339 0.0980112 -0.028808
      endloop
   endfacet
   facet normal 6.12323e-17 -1 0
      outer loop
         vertex -0.00843739 0.0980112 -0.0287484
         vertex -0.00843739 0.0980112 -0.0296796
         vertex -0.007339 0.0980112 -0.0296201
      endloop
   endfacet
   facet normal 6.12323e-17 -1 0
      outer loop
         vertex 0.0081392 0.0980112 -0.0260308
         vertex 0.00711733 0.0980112 -0.026438
         vertex 0.00737662 0.0980112 -0.0272076
      endloop
   endfacet
   facet normal 6.12323e-17 -1 0
      outer loop
         vertex 0.00677634 0.0980112 -0.025701
         vertex 0.0077482 0.0980112 -0.0251857
         vertex 0.00726813 0.0980112 -0.0243878
      endloop
   endfacet
   facet normal 6.12323e-17 -1 0
      outer loop
         vertex 0.00329917 0.0980112 -0.0224072
         vertex 0.00401665 0.0980112 -0.0227876
         vertex 0.00458376 0.0980112 -0.021845
      endloop
   endfacet
   facet normal 6.12323e-17 -1 0
      outer loop
         vertex 0.00015 0.0980112 -0.021714
         vertex 0.00015 0.0980112 -0.020614
         vertex -0.000779824 0.0980112 -0.0206644
      endloop
   endfacet
   facet normal 6.12323e-17 -1 0
      outer loop
         vertex -0.00428376 0.0980112 -0.021845
         vertex -0.00371665 0.0980112 -0.0227876
         vertex -0.00299917 0.0980112 -0.0224072
      endloop
   endfacet
   facet normal 6.12323e-17 -1 0
      outer loop
         vertex -0.00428376 0.0980112 -0.021845
         vertex -0.0050545 0.0980112 -0.0223676
         vertex -0.00438881 0.0980112 -0.0232433
      endloop
   endfacet
   facet normal 6.12323e-17 -1 0
      outer loop
         vertex -0.0078392 0.0980112 -0.0260308
         vertex -0.00813653 0.0980112 -0.0269133
         vertex -0.00707662 0.0980112 -0.0272076
      endloop
   endfacet
   facet normal 6.12323e-17 -1 0
      outer loop
         vertex -0.00813653 0.0980112 -0.0269133
         vertex -0.00833671 0.0980112 -0.0278227
         vertex -0.0072512 0.0980112 -0.0280007
      endloop
   endfacet
   facet normal 6.12323e-17 -1 0
      outer loop
         vertex -0.007339 0.0980112 -0.0296201
         vertex -0.007339 0.0980112 -0.028808
         vertex -0.00843739 0.0980112 -0.0287484
      endloop
   endfacet
   facet normal 6.12323e-17 -1 0
      outer loop
         vertex -0.00833671 0.0980112 -0.0306053
         vertex -0.0072512 0.0980112 -0.0304274
         vertex -0.007339 0.0980112 -0.0296201
      endloop
   endfacet
   facet normal 6.12323e-17 -1 0
      outer loop
         vertex -0.00813653 0.0980112 -0.0315148
         vertex -0.00707662 0.0980112 -0.0312205
         vertex -0.0072512 0.0980112 -0.0304274
      endloop
   endfacet
   facet normal 6.12323e-17 -1 0
      outer loop
         vertex -0.0078392 0.0980112 -0.0323972
         vertex -0.00681733 0.0980112 -0.0319901
         vertex -0.00707662 0.0980112 -0.0312205
      endloop
   endfacet
   facet normal 6.12323e-17 -1 0
      outer loop
         vertex 0.00863671 0.0980112 -0.0278227
         vertex 0.00843653 0.0980112 -0.0269133
         vertex 0.00737662 0.0980112 -0.0272076
      endloop
   endfacet
   facet normal 6.12323e-17 -1 0
      outer loop
         vertex 0.00711733 0.0980112 -0.026438
         vertex 0.0081392 0.0980112 -0.0260308
         vertex 0.0077482 0.0980112 -0.0251857
      endloop
   endfacet
   facet normal 6.12323e-17 -1 0
      outer loop
         vertex 0.00329917 0.0980112 -0.0224072
         vertex 0.00376105 0.0980112 -0.0214089
         vertex 0.00289599 0.0980112 -0.0210642
      endloop
   endfacet
   facet normal 6.12323e-17 -1 0
      outer loop
         vertex -0.00438881 0.0980112 -0.0232433
         vertex -0.00371665 0.0980112 -0.0227876
         vertex -0.00428376 0.0980112 -0.021845
      endloop
   endfacet
   facet normal 6.12323e-17 -1 0
      outer loop
         vertex -0.00576422 0.0980112 -0.0229705
         vertex -0.00500775 0.0980112 -0.0237691
         vertex -0.00438881 0.0980112 -0.0232433
      endloop
   endfacet
   facet normal 6.12323e-17 -1 0
      outer loop
         vertex -0.00576422 0.0980112 -0.0229705
         vertex -0.00640459 0.0980112 -0.0236465
         vertex -0.00556622 0.0980112 -0.0243586
      endloop
   endfacet
   facet normal 6.12323e-17 -1 0
      outer loop
         vertex -0.0078392 0.0980112 -0.0260308
         vertex -0.00681733 0.0980112 -0.026438
         vertex -0.00647634 0.0980112 -0.025701
      endloop
   endfacet
   facet normal 6.12323e-17 -1 0
      outer loop
         vertex -0.0072512 0.0980112 -0.0280007
         vertex -0.00707662 0.0980112 -0.0272076
         vertex -0.00813653 0.0980112 -0.0269133
      endloop
   endfacet
   facet normal 6.12323e-17 -1 0
      outer loop
         vertex -0.007339 0.0980112 -0.0296201
         vertex -0.00843739 0.0980112 -0.0296796
         vertex -0.00833671 0.0980112 -0.0306053
      endloop
   endfacet
   facet normal 6.12323e-17 -1 0
      outer loop
         vertex -0.00707662 0.0980112 -0.0312205
         vertex -0.00813653 0.0980112 -0.0315148
         vertex -0.0078392 0.0980112 -0.0323972
      endloop
   endfacet
   facet normal 6.12323e-17 -1 0
      outer loop
         vertex -0.0074482 0.0980112 -0.0332423
         vertex -0.00647634 0.0980112 -0.0327271
         vertex -0.00681733 0.0980112 -0.0319901
      endloop
   endfacet
   facet normal 6.12323e-17 -1 0
      outer loop
         vertex -0.0074482 0.0980112 -0.0332423
         vertex -0.00696813 0.0980112 -0.0340402
         vertex -0.00605767 0.0980112 -0.0334229
      endloop
   endfacet
   facet normal 6.12323e-17 -1 0
      outer loop
         vertex 0.00737662 0.0980112 -0.0272076
         vertex 0.00843653 0.0980112 -0.0269133
         vertex 0.0081392 0.0980112 -0.0260308
      endloop
   endfacet
   facet normal 6.12323e-17 -1 0
      outer loop
         vertex 0.00670459 0.0980112 -0.0236465
         vertex 0.00586622 0.0980112 -0.0243586
         vertex 0.00635767 0.0980112 -0.0250051
      endloop
   endfacet
   facet normal 6.12323e-17 -1 0
      outer loop
         vertex -0.00299917 0.0980112 -0.0224072
         vertex -0.00346105 0.0980112 -0.0214089
         vertex -0.00428376 0.0980112 -0.021845
      endloop
   endfacet
   facet normal 6.12323e-17 -1 0
      outer loop
         vertex -0.00556622 0.0980112 -0.0243586
         vertex -0.00500775 0.0980112 -0.0237691
         vertex -0.00576422 0.0980112 -0.0229705
      endloop
   endfacet
   facet normal 6.12323e-17 -1 0
      outer loop
         vertex -0.00696813 0.0980112 -0.0243878
         vertex -0.00605767 0.0980112 -0.0250051
         vertex -0.00556622 0.0980112 -0.0243586
      endloop
   endfacet
   facet normal 6.12323e-17 -1 0
      outer loop
         vertex -0.00696813 0.0980112 -0.0243878
         vertex -0.0074482 0.0980112 -0.0251857
         vertex -0.00647634 0.0980112 -0.025701
      endloop
   endfacet
   facet normal 6.12323e-17 -1 0
      outer loop
         vertex -0.00707662 0.0980112 -0.0272076
         vertex -0.00681733 0.0980112 -0.026438
         vertex -0.0078392 0.0980112 -0.0260308
      endloop
   endfacet
   facet normal 6.12323e-17 -1 0
      outer loop
         vertex -0.0072512 0.0980112 -0.0304274
         vertex -0.00833671 0.0980112 -0.0306053
         vertex -0.00813653 0.0980112 -0.0315148
      endloop
   endfacet
   facet normal 6.12323e-17 -1 0
      outer loop
         vertex -0.00605767 0.0980112 -0.0334229
         vertex -0.00647634 0.0980112 -0.0327271
         vertex -0.0074482 0.0980112 -0.0332423
      endloop
   endfacet
   facet normal 6.12323e-17 -1 0
      outer loop
         vertex -0.00696813 0.0980112 -0.0340402
         vertex -0.00640459 0.0980112 -0.0347815
         vertex -0.00556622 0.0980112 -0.0340694
      endloop
   endfacet
   facet normal 6.12323e-17 -1 0
      outer loop
         vertex 0.00670459 0.0980112 -0.0347815
         vertex 0.00726813 0.0980112 -0.0340402
         vertex 0.00635767 0.0980112 -0.0334229
      endloop
   endfacet
   facet normal 6.12323e-17 -1 0
      outer loop
         vertex 0.00726813 0.0980112 -0.0340402
         vertex 0.0077482 0.0980112 -0.0332423
         vertex 0.00677634 0.0980112 -0.0327271
      endloop
   endfacet
   facet normal 6.12323e-17 -1 0
      outer loop
         vertex 0.00873739 0.0980112 -0.0287484
         vertex 0.00863671 0.0980112 -0.0278227
         vertex 0.0075512 0.0980112 -0.0280007
      endloop
   endfacet
   facet normal 6.12323e-17 -1 0
      outer loop
         vertex 0.00635767 0.0980112 -0.0250051
         vertex 0.00726813 0.0980112 -0.0243878
         vertex 0.00670459 0.0980112 -0.0236465
      endloop
   endfacet
   facet normal 6.12323e-17 -1 0
      outer loop
         vertex 0.00606422 0.0980112 -0.0229705
         vertex 0.00530775 0.0980112 -0.0237691
         vertex 0.00586622 0.0980112 -0.0243586
      endloop
   endfacet
   facet normal 6.12323e-17 -1 0
      outer loop
         vertex 0.00606422 0.0980112 -0.0229705
         vertex 0.0053545 0.0980112 -0.0223676
         vertex 0.00468881 0.0980112 -0.0232433
      endloop
   endfacet
   facet normal 6.12323e-17 -1 0
      outer loop
         vertex -0.00438881 0.0980112 -0.0232433
         vertex -0.0050545 0.0980112 -0.0223676
         vertex -0.00576422 0.0980112 -0.0229705
      endloop
   endfacet
   facet normal 6.12323e-17 -1 0
      outer loop
         vertex -0.00647634 0.0980112 -0.025701
         vertex -0.00605767 0.0980112 -0.0250051
         vertex -0.00696813 0.0980112 -0.0243878
      endloop
   endfacet
   facet normal 6.12323e-17 -1 0
      outer loop
         vertex -0.007339 0.0980112 -0.028808
         vertex -0.0072512 0.0980112 -0.0280007
         vertex -0.00833671 0.0980112 -0.0278227
      endloop
   endfacet
   facet normal 6.12323e-17 -1 0
      outer loop
         vertex -0.00556622 0.0980112 -0.0340694
         vertex -0.00605767 0.0980112 -0.0334229
         vertex -0.00696813 0.0980112 -0.0340402
      endloop
   endfacet
   facet normal 6.12323e-17 -1 0
      outer loop
         vertex -0.00576422 0.0980112 -0.0354576
         vertex -0.00500775 0.0980112 -0.034659
         vertex -0.00556622 0.0980112 -0.0340694
      endloop
   endfacet
   facet normal 6.12323e-17 -1 0
      outer loop
         vertex -0.00576422 0.0980112 -0.0354576
         vertex -0.0050545 0.0980112 -0.0360604
         vertex -0.00438881 0.0980112 -0.0351847
      endloop
   endfacet
   facet normal 6.12323e-17 -1 0
      outer loop
         vertex -0.00428376 0.0980112 -0.036583
         vertex -0.00371665 0.0980112 -0.0356404
         vertex -0.00438881 0.0980112 -0.0351847
      endloop
   endfacet
   facet normal 6.12323e-17 -1 0
      outer loop
         vertex -0.00346105 0.0980112 -0.0370192
         vertex -0.00299917 0.0980112 -0.0360208
         vertex -0.00371665 0.0980112 -0.0356404
      endloop
   endfacet
   facet normal 6.12323e-17 -1 0
      outer loop
         vertex -0.00259599 0.0980112 -0.0373638
         vertex -0.00224476 0.0980112 -0.0363214
         vertex -0.00299917 0.0980112 -0.0360208
      endloop
   endfacet
   facet normal 6.12323e-17 -1 0
      outer loop
         vertex -0.00259599 0.0980112 -0.0373638
         vertex -0.00169875 0.0980112 -0.037613
         vertex -0.00146228 0.0980112 -0.0365387
      endloop
   endfacet
   facet normal 6.12323e-17 -1 0
      outer loop
         vertex 0.00677634 0.0980112 -0.0327271
         vertex 0.00635767 0.0980112 -0.0334229
         vertex 0.00726813 0.0980112 -0.0340402
      endloop
   endfacet
   facet normal 6.12323e-17 -1 0
      outer loop
         vertex 0.0077482 0.0980112 -0.0332423
         vertex 0.0081392 0.0980112 -0.0323972
         vertex 0.00711733 0.0980112 -0.0319901
      endloop
   endfacet
   facet normal 6.12323e-17 -1 0
      outer loop
         vertex 0.0081392 0.0980112 -0.0323972
         vertex 0.00843653 0.0980112 -0.0315148
         vertex 0.00737662 0.0980112 -0.0312205
      endloop
   endfacet
   facet normal 6.12323e-17 -1 0
      outer loop
         vertex 0.00843653 0.0980112 -0.0315148
         vertex 0.00863671 0.0980112 -0.0306053
         vertex 0.0075512 0.0980112 -0.0304274
      endloop
   endfacet
   facet normal 6.12323e-17 -1 0
      outer loop
         vertex 0.00737662 0.0980112 -0.0272076
         vertex 0.0075512 0.0980112 -0.0280007
         vertex 0.00863671 0.0980112 -0.0278227
      endloop
   endfacet
   facet normal 6.12323e-17 -1 0
      outer loop
         vertex 0.00468881 0.0980112 -0.0232433
         vertex 0.00530775 0.0980112 -0.0237691
         vertex 0.00606422 0.0980112 -0.0229705
      endloop
   endfacet
   facet normal 6.12323e-17 -1 0
      outer loop
         vertex -0.00556622 0.0980112 -0.0243586
         vertex -0.00640459 0.0980112 -0.0236465
         vertex -0.00696813 0.0980112 -0.0243878
      endloop
   endfacet
   facet normal 6.12323e-17 -1 0
      outer loop
         vertex -0.00681733 0.0980112 -0.0319901
         vertex -0.0078392 0.0980112 -0.0323972
         vertex -0.0074482 0.0980112 -0.0332423
      endloop
   endfacet
   facet normal 6.12323e-17 -1 0
      outer loop
         vertex -0.00438881 0.0980112 -0.0351847
         vertex -0.00500775 0.0980112 -0.034659
         vertex -0.00576422 0.0980112 -0.0354576
      endloop
   endfacet
   facet normal 6.12323e-17 -1 0
      outer loop
         vertex -0.00371665 0.0980112 -0.0356404
         vertex -0.00428376 0.0980112 -0.036583
         vertex -0.00346105 0.0980112 -0.0370192
      endloop
   endfacet
   facet normal 6.12323e-17 -1 0
      outer loop
         vertex -0.00146228 0.0980112 -0.0365387
         vertex -0.00224476 0.0980112 -0.0363214
         vertex -0.00259599 0.0980112 -0.0373638
      endloop
   endfacet
   facet normal 6.12323e-17 -1 0
      outer loop
         vertex -0.00169875 0.0980112 -0.037613
         vertex -0.000779824 0.0980112 -0.0377636
         vertex -0.000660893 0.0980112 -0.0366701
      endloop
   endfacet
   facet normal 6.12323e-17 -1 0
      outer loop
         vertex 0.00199875 0.0980112 -0.037613
         vertex 0.00176228 0.0980112 -0.0365387
         vertex 0.000960893 0.0980112 -0.0366701
      endloop
   endfacet
   facet normal 6.12323e-17 -1 0
      outer loop
         vertex 0.00199875 0.0980112 -0.037613
         vertex 0.00289599 0.0980112 -0.0373638
         vertex 0.00254476 0.0980112 -0.0363214
      endloop
   endfacet
   facet normal 6.12323e-17 -1 0
      outer loop
         vertex 0.00376105 0.0980112 -0.0370192
         vertex 0.00329917 0.0980112 -0.0360208
         vertex 0.00254476 0.0980112 -0.0363214
      endloop
   endfacet
   facet normal 6.12323e-17 -1 0
      outer loop
         vertex 0.00376105 0.0980112 -0.0370192
         vertex 0.00458376 0.0980112 -0.036583
         vertex 0.00401665 0.0980112 -0.0356404
      endloop
   endfacet
   facet normal 6.12323e-17 -1 0
      outer loop
         vertex 0.00606422 0.0980112 -0.0354576
         vertex 0.00530775 0.0980112 -0.034659
         vertex 0.00468881 0.0980112 -0.0351847
      endloop
   endfacet
   facet normal 6.12323e-17 -1 0
      outer loop
         vertex 0.00670459 0.0980112 -0.0347815
         vertex 0.00586622 0.0980112 -0.0340694
         vertex 0.00530775 0.0980112 -0.034659
      endloop
   endfacet
   facet normal 6.12323e-17 -1 0
      outer loop
         vertex 0.00711733 0.0980112 -0.0319901
         vertex 0.00677634 0.0980112 -0.0327271
         vertex 0.0077482 0.0980112 -0.0332423
      endloop
   endfacet
   facet normal 6.12323e-17 -1 0
      outer loop
         vertex 0.0075512 0.0980112 -0.0304274
         vertex 0.00737662 0.0980112 -0.0312205
         vertex 0.00843653 0.0980112 -0.0315148
      endloop
   endfacet
   facet normal 6.12323e-17 -1 0
      outer loop
         vertex 0.00586622 0.0980112 -0.0243586
         vertex 0.00670459 0.0980112 -0.0236465
         vertex 0.00606422 0.0980112 -0.0229705
      endloop
   endfacet
   facet normal 6.12323e-17 -1 0
      outer loop
         vertex -0.00647634 0.0980112 -0.025701
         vertex -0.0074482 0.0980112 -0.0251857
         vertex -0.0078392 0.0980112 -0.0260308
      endloop
   endfacet
   facet normal 6.12323e-17 -1 0
      outer loop
         vertex -0.00438881 0.0980112 -0.0351847
         vertex -0.0050545 0.0980112 -0.0360604
         vertex -0.00428376 0.0980112 -0.036583
      endloop
   endfacet
   facet normal 6.12323e-17 -1 0
      outer loop
         vertex -0.000660893 0.0980112 -0.0366701
         vertex -0.00146228 0.0980112 -0.0365387
         vertex -0.00169875 0.0980112 -0.037613
      endloop
   endfacet
   facet normal 6.12323e-17 -1 0
      outer loop
         vertex 0.00254476 0.0980112 -0.0363214
         vertex 0.00176228 0.0980112 -0.0365387
         vertex 0.00199875 0.0980112 -0.037613
      endloop
   endfacet
   facet normal 6.12323e-17 -1 0
      outer loop
         vertex 0.00401665 0.0980112 -0.0356404
         vertex 0.00329917 0.0980112 -0.0360208
         vertex 0.00376105 0.0980112 -0.0370192
      endloop
   endfacet
   facet normal 6.12323e-17 -1 0
      outer loop
         vertex 0.00530775 0.0980112 -0.034659
         vertex 0.00606422 0.0980112 -0.0354576
         vertex 0.00670459 0.0980112 -0.0347815
      endloop
   endfacet
   facet normal 6.12323e-17 -1 0
      outer loop
         vertex 0.00737662 0.0980112 -0.0312205
         vertex 0.00711733 0.0980112 -0.0319901
         vertex 0.0081392 0.0980112 -0.0323972
      endloop
   endfacet
   facet normal 6.12323e-17 -1 0
      outer loop
         vertex 0.00873739 0.0980112 -0.0296796
         vertex 0.007639 0.0980112 -0.0296201
         vertex 0.0075512 0.0980112 -0.0304274
      endloop
   endfacet
   facet normal 6.12323e-17 -1 0
      outer loop
         vertex 0.00873739 0.0980112 -0.0296796
         vertex 0.00873739 0.0980112 -0.0287484
         vertex 0.007639 0.0980112 -0.028808
      endloop
   endfacet
   facet normal 6.12323e-17 -1 0
      outer loop
         vertex 0.00468881 0.0980112 -0.0232433
         vertex 0.0053545 0.0980112 -0.0223676
         vertex 0.00458376 0.0980112 -0.021845
      endloop
   endfacet
   facet normal 6.12323e-17 -1 0
      outer loop
         vertex -0.00299917 0.0980112 -0.0360208
         vertex -0.00346105 0.0980112 -0.0370192
         vertex -0.00259599 0.0980112 -0.0373638
      endloop
   endfacet
   facet normal 6.12323e-17 -1 0
      outer loop
         vertex 0.00015 0.0980112 -0.037814
         vertex 0.00015 0.0980112 -0.036714
         vertex -0.000660893 0.0980112 -0.0366701
      endloop
   endfacet
   facet normal 6.12323e-17 -1 0
      outer loop
         vertex 0.00015 0.0980112 -0.037814
         vertex 0.00107982 0.0980112 -0.0377636
         vertex 0.000960893 0.0980112 -0.0366701
      endloop
   endfacet
   facet normal 6.12323e-17 -1 0
      outer loop
         vertex 0.00254476 0.0980112 -0.0363214
         vertex 0.00289599 0.0980112 -0.0373638
         vertex 0.00376105 0.0980112 -0.0370192
      endloop
   endfacet
   facet normal 6.12323e-17 -1 0
      outer loop
         vertex 0.00458376 0.0980112 -0.036583
         vertex 0.0053545 0.0980112 -0.0360604
         vertex 0.00468881 0.0980112 -0.0351847
      endloop
   endfacet
   facet normal 6.12323e-17 -1 0
      outer loop
         vertex 0.00635767 0.0980112 -0.0334229
         vertex 0.00586622 0.0980112 -0.0340694
         vertex 0.00670459 0.0980112 -0.0347815
      endloop
   endfacet
   facet normal 6.12323e-17 -1 0
      outer loop
         vertex 0.007639 0.0980112 -0.028808
         vertex 0.007639 0.0980112 -0.0296201
         vertex 0.00873739 0.0980112 -0.0296796
      endloop
   endfacet
   facet normal 6.12323e-17 -1 0
      outer loop
         vertex -0.00556622 0.0980112 -0.0340694
         vertex -0.00640459 0.0980112 -0.0347815
         vertex -0.00576422 0.0980112 -0.0354576
      endloop
   endfacet
   facet normal 6.12323e-17 -1 0
      outer loop
         vertex 0.000960893 0.0980112 -0.0366701
         vertex 0.00015 0.0980112 -0.036714
         vertex 0.00015 0.0980112 -0.037814
      endloop
   endfacet
   facet normal 6.12323e-17 -1 0
      outer loop
         vertex 0.00468881 0.0980112 -0.0351847
         vertex 0.00401665 0.0980112 -0.0356404
         vertex 0.00458376 0.0980112 -0.036583
      endloop
   endfacet
   facet normal 6.12323e-17 -1 0
      outer loop
         vertex 0.0075512 0.0980112 -0.0304274
         vertex 0.00863671 0.0980112 -0.0306053
         vertex 0.00873739 0.0980112 -0.0296796
      endloop
   endfacet
   facet normal 6.12323e-17 -1 0
      outer loop
         vertex -0.000660893 0.0980112 -0.0366701
         vertex -0.000779824 0.0980112 -0.0377636
         vertex 0.00015 0.0980112 -0.037814
      endloop
   endfacet
   facet normal 6.12323e-17 -1 0
      outer loop
         vertex 0.00468881 0.0980112 -0.0351847
         vertex 0.0053545 0.0980112 -0.0360604
         vertex 0.00606422 0.0980112 -0.0354576
      endloop
   endfacet
   facet normal 6.12323e-17 -1 0
      outer loop
         vertex 0.000960893 0.0980112 -0.0366701
         vertex 0.00107982 0.0980112 -0.0377636
         vertex 0.00199875 0.0980112 -0.037613
      endloop
   endfacet
   facet normal 6.12323e-17 -1 0
      outer loop
         vertex 0.0075512 0.0980112 -0.0280007
         vertex 0.007639 0.0980112 -0.028808
         vertex 0.00873739 0.0980112 -0.0287484
      endloop
   endfacet
   facet normal 0 0 -1
      outer loop
         vertex 0.00015 0.0872612 -0.036714
         vertex 0.00015 0.0980112 -0.036714
         vertex 0.000960893 0.0980112 -0.0366701
      endloop
   endfacet
   facet normal 0.108119 6.62038e-18 -0.994138
      outer loop
         vertex 0.000960893 0.0872612 -0.0366701
         vertex 0.000960893 0.0980112 -0.0366701
         vertex 0.00176228 0.0980112 -0.0365387
      endloop
   endfacet
   facet normal 0.21497 1.31631e-17 -0.976621
      outer loop
         vertex 0.00176228 0.0872612 -0.0365387
         vertex 0.00176228 0.0980112 -0.0365387
         vertex 0.00254476 0.0980112 -0.0363214
      endloop
   endfacet
   facet normal 0.319302 1.95516e-17 -0.947653
      outer loop
         vertex 0.00254476 0.0872612 -0.0363214
         vertex 0.00254476 0.0980112 -0.0363214
         vertex 0.00329917 0.0980112 -0.0360208
      endloop
   endfacet
   facet normal 0.419889 2.57108e-17 -0.907575
      outer loop
         vertex 0.00329917 0.0872612 -0.0360208
         vertex 0.00329917 0.0980112 -0.0360208
         vertex 0.00401665 0.0980112 -0.0356404
      endloop
   endfacet
   facet normal 0.515554 3.15686e-17 -0.856857
      outer loop
         vertex 0.00401665 0.0872612 -0.0356404
         vertex 0.00401665 0.0980112 -0.0356404
         vertex 0.00468881 0.0980112 -0.0351847
      endloop
   endfacet
   facet normal 0.605174 3.70562e-17 -0.796093
      outer loop
         vertex 0.00468881 0.0872612 -0.0351847
         vertex 0.00468881 0.0980112 -0.0351847
         vertex 0.00530775 0.0980112 -0.034659
      endloop
   endfacet
   facet normal 0.687699 4.21094e-17 -0.725995
      outer loop
         vertex 0.00530775 0.0872612 -0.034659
         vertex 0.00530775 0.0980112 -0.034659
         vertex 0.00586622 0.0980112 -0.0340694
      endloop
   endfacet
   facet normal 0.762162 4.6669e-17 -0.647386
      outer loop
         vertex 0.00586622 0.0872612 -0.0340694
         vertex 0.00586622 0.0980112 -0.0340694
         vertex 0.00635767 0.0980112 -0.0334229
      endloop
   endfacet
   facet normal 0.827689 5.06813e-17 -0.561187
      outer loop
         vertex 0.00635767 0.0872612 -0.0334229
         vertex 0.00635767 0.0980112 -0.0334229
         vertex 0.00677634 0.0980112 -0.0327271
      endloop
   endfacet
   facet normal 0.883512 5.40995e-17 -0.468408
      outer loop
         vertex 0.00677634 0.0872612 -0.0327271
         vertex 0.00677634 0.0980112 -0.0327271
         vertex 0.00711733 0.0980112 -0.0319901
      endloop
   endfacet
   facet normal 0.928977 5.68834e-17 -0.370138
      outer loop
         vertex 0.00711733 0.0872612 -0.0319901
         vertex 0.00711733 0.0980112 -0.0319901
         vertex 0.00737662 0.0980112 -0.0312205
      endloop
   endfacet
   facet normal 0.96355 5.90004e-17 -0.267528
      outer loop
         vertex 0.00737662 0.0872612 -0.0312205
         vertex 0.00737662 0.0980112 -0.0312205
         vertex 0.0075512 0.0980112 -0.0304274
      endloop
   endfacet
   facet normal 0.986827 6.04257e-17 -0.161782
      outer loop
         vertex 0.0075512 0.0872612 -0.0304274
         vertex 0.0075512 0.0980112 -0.0304274
         vertex 0.007639 0.0980112 -0.0296201
      endloop
   endfacet
   facet normal 0.998533 6.11425e-17 -0.0541389
      outer loop
         vertex 0.007639 0.0872612 -0.0296201
         vertex 0.007639 0.0980112 -0.0296201
         vertex 0.007639 0.0980112 -0.028808
      endloop
   endfacet
   facet normal 0.998533 6.11425e-17 0.0541389
      outer loop
         vertex 0.007639 0.0872612 -0.028808
         vertex 0.007639 0.0980112 -0.028808
         vertex 0.0075512 0.0980112 -0.0280007
      endloop
   endfacet
   facet normal 0.986827 6.04257e-17 0.161782
      outer loop
         vertex 0.0075512 0.0872612 -0.0280007
         vertex 0.0075512 0.0980112 -0.0280007
         vertex 0.00737662 0.0980112 -0.0272076
      endloop
   endfacet
   facet normal 0.96355 5.90004e-17 0.267528
      outer loop
         vertex 0.00737662 0.0872612 -0.0272076
         vertex 0.00737662 0.0980112 -0.0272076
         vertex 0.00711733 0.0980112 -0.026438
      endloop
   endfacet
   facet normal 0.928977 5.68834e-17 0.370138
      outer loop
         vertex 0.00711733 0.0872612 -0.026438
         vertex 0.00711733 0.0980112 -0.026438
         vertex 0.00677634 0.0980112 -0.025701
      endloop
   endfacet
   facet normal 0.883512 5.40995e-17 0.468408
      outer loop
         vertex 0.00677634 0.0872612 -0.025701
         vertex 0.00677634 0.0980112 -0.025701
         vertex 0.00635767 0.0980112 -0.0250051
      endloop
   endfacet
   facet normal 0.827689 5.06813e-17 0.561187
      outer loop
         vertex 0.00635767 0.0872612 -0.0250051
         vertex 0.00635767 0.0980112 -0.0250051
         vertex 0.00586622 0.0980112 -0.0243586
      endloop
   endfacet
   facet normal 0.762162 4.6669e-17 0.647386
      outer loop
         vertex 0.00586622 0.0872612 -0.0243586
         vertex 0.00586622 0.0980112 -0.0243586
         vertex 0.00530775 0.0980112 -0.0237691
      endloop
   endfacet
   facet normal 0.687699 4.21094e-17 0.725995
      outer loop
         vertex 0.00530775 0.0872612 -0.0237691
         vertex 0.00530775 0.0980112 -0.0237691
         vertex 0.00468881 0.0980112 -0.0232433
      endloop
   endfacet
   facet normal 0.605174 3.70562e-17 0.796093
      outer loop
         vertex 0.00468881 0.0872612 -0.0232433
         vertex 0.00468881 0.0980112 -0.0232433
         vertex 0.00401665 0.0980112 -0.0227876
      endloop
   endfacet
   facet normal 0.515554 3.15686e-17 0.856857
      outer loop
         vertex 0.00401665 0.0872612 -0.0227876
         vertex 0.00401665 0.0980112 -0.0227876
         vertex 0.00329917 0.0980112 -0.0224072
      endloop
   endfacet
   facet normal 0.419889 2.57108e-17 0.907575
      outer loop
         vertex 0.00329917 0.0872612 -0.0224072
         vertex 0.00329917 0.0980112 -0.0224072
         vertex 0.00254476 0.0980112 -0.0221066
      endloop
   endfacet
   facet normal 0.319302 1.95516e-17 0.947653
      outer loop
         vertex 0.00254476 0.0872612 -0.0221066
         vertex 0.00254476 0.0980112 -0.0221066
         vertex 0.00176228 0.0980112 -0.0218894
      endloop
   endfacet
   facet normal 0.21497 1.31631e-17 0.976621
      outer loop
         vertex 0.00176228 0.0872612 -0.0218894
         vertex 0.00176228 0.0980112 -0.0218894
         vertex 0.000960893 0.0980112 -0.021758
      endloop
   endfacet
   facet normal 0.108119 6.62038e-18 0.994138
      outer loop
         vertex 0.000960893 0.0872612 -0.021758
         vertex 0.000960893 0.0980112 -0.021758
         vertex 0.00015 0.0980112 -0.021714
      endloop
   endfacet
   facet normal 1.22465e-16 7.4988e-33 1
      outer loop
         vertex 0.00015 0.0872612 -0.021714
         vertex 0.00015 0.0980112 -0.021714
         vertex -0.000660893 0.0980112 -0.021758
      endloop
   endfacet
   facet normal -0.108119 -6.62038e-18 0.994138
      outer loop
         vertex -0.000660893 0.0872612 -0.021758
         vertex -0.000660893 0.0980112 -0.021758
         vertex -0.00146228 0.0980112 -0.0218894
      endloop
   endfacet
   facet normal -0.21497 -1.31631e-17 0.976621
      outer loop
         vertex -0.00146228 0.0872612 -0.0218894
         vertex -0.00146228 0.0980112 -0.0218894
         vertex -0.00224476 0.0980112 -0.0221066
      endloop
   endfacet
   facet normal -0.319302 -1.95516e-17 0.947653
      outer loop
         vertex -0.00224476 0.0872612 -0.0221066
         vertex -0.00224476 0.0980112 -0.0221066
         vertex -0.00299917 0.0980112 -0.0224072
      endloop
   endfacet
   facet normal -0.419889 -2.57108e-17 0.907575
      outer loop
         vertex -0.00299917 0.0872612 -0.0224072
         vertex -0.00299917 0.0980112 -0.0224072
         vertex -0.00371665 0.0980112 -0.0227876
      endloop
   endfacet
   facet normal -0.515554 -3.15686e-17 0.856857
      outer loop
         vertex -0.00371665 0.0872612 -0.0227876
         vertex -0.00371665 0.0980112 -0.0227876
         vertex -0.00438881 0.0980112 -0.0232433
      endloop
   endfacet
   facet normal -0.605174 -3.70562e-17 0.796093
      outer loop
         vertex -0.00438881 0.0872612 -0.0232433
         vertex -0.00438881 0.0980112 -0.0232433
         vertex -0.00500775 0.0980112 -0.0237691
      endloop
   endfacet
   facet normal -0.687699 -4.21094e-17 0.725995
      outer loop
         vertex -0.00500775 0.0872612 -0.0237691
         vertex -0.00500775 0.0980112 -0.0237691
         vertex -0.00556622 0.0980112 -0.0243586
      endloop
   endfacet
   facet normal -0.762162 -4.6669e-17 0.647386
      outer loop
         vertex -0.00556622 0.0872612 -0.0243586
         vertex -0.00556622 0.0980112 -0.0243586
         vertex -0.00605767 0.0980112 -0.0250051
      endloop
   endfacet
   facet normal -0.827689 -5.06813e-17 0.561187
      outer loop
         vertex -0.00605767 0.0872612 -0.0250051
         vertex -0.00605767 0.0980112 -0.0250051
         vertex -0.00647634 0.0980112 -0.025701
      endloop
   endfacet
   facet normal -0.883512 -5.40995e-17 0.468408
      outer loop
         vertex -0.00647634 0.0872612 -0.025701
         vertex -0.00647634 0.0980112 -0.025701
         vertex -0.00681733 0.0980112 -0.026438
      endloop
   endfacet
   facet normal -0.928977 -5.68834e-17 0.370138
      outer loop
         vertex -0.00681733 0.0872612 -0.026438
         vertex -0.00681733 0.0980112 -0.026438
         vertex -0.00707662 0.0980112 -0.0272076
      endloop
   endfacet
   facet normal -0.96355 -5.90004e-17 0.267528
      outer loop
         vertex -0.00707662 0.0872612 -0.0272076
         vertex -0.00707662 0.0980112 -0.0272076
         vertex -0.0072512 0.0980112 -0.0280007
      endloop
   endfacet
   facet normal -0.986827 -6.04257e-17 0.161782
      outer loop
         vertex -0.0072512 0.0872612 -0.0280007
         vertex -0.0072512 0.0980112 -0.0280007
         vertex -0.007339 0.0980112 -0.028808
      endloop
   endfacet
   facet normal -0.998533 -6.11425e-17 0.0541389
      outer loop
         vertex -0.007339 0.0872612 -0.028808
         vertex -0.007339 0.0980112 -0.028808
         vertex -0.007339 0.0980112 -0.0296201
      endloop
   endfacet
   facet normal -0.998533 -6.11425e-17 -0.0541389
      outer loop
         vertex -0.007339 0.0872612 -0.0296201
         vertex -0.007339 0.0980112 -0.0296201
         vertex -0.0072512 0.0980112 -0.0304274
      endloop
   endfacet
   facet normal -0.986827 -6.04257e-17 -0.161782
      outer loop
         vertex -0.0072512 0.0872612 -0.0304274
         vertex -0.0072512 0.0980112 -0.0304274
         vertex -0.00707662 0.0980112 -0.0312205
      endloop
   endfacet
   facet normal -0.96355 -5.90004e-17 -0.267528
      outer loop
         vertex -0.00707662 0.0872612 -0.0312205
         vertex -0.00707662 0.0980112 -0.0312205
         vertex -0.00681733 0.0980112 -0.0319901
      endloop
   endfacet
   facet normal -0.928977 -5.68834e-17 -0.370138
      outer loop
         vertex -0.00681733 0.0872612 -0.0319901
         vertex -0.00681733 0.0980112 -0.0319901
         vertex -0.00647634 0.0980112 -0.0327271
      endloop
   endfacet
   facet normal -0.883512 -5.40995e-17 -0.468408
      outer loop
         vertex -0.00647634 0.0872612 -0.0327271
         vertex -0.00647634 0.0980112 -0.0327271
         vertex -0.00605767 0.0980112 -0.0334229
      endloop
   endfacet
   facet normal -0.827689 -5.06813e-17 -0.561187
      outer loop
         vertex -0.00605767 0.0872612 -0.0334229
         vertex -0.00605767 0.0980112 -0.0334229
         vertex -0.00556622 0.0980112 -0.0340694
      endloop
   endfacet
   facet normal -0.762162 -4.6669e-17 -0.647386
      outer loop
         vertex -0.00556622 0.0872612 -0.0340694
         vertex -0.00556622 0.0980112 -0.0340694
         vertex -0.00500775 0.0980112 -0.034659
      endloop
   endfacet
   facet normal -0.687699 -4.21094e-17 -0.725995
      outer loop
         vertex -0.00500775 0.0872612 -0.034659
         vertex -0.00500775 0.0980112 -0.034659
         vertex -0.00438881 0.0980112 -0.0351847
      endloop
   endfacet
   facet normal -0.605174 -3.70562e-17 -0.796093
      outer loop
         vertex -0.00438881 0.0872612 -0.0351847
         vertex -0.00438881 0.0980112 -0.0351847
         vertex -0.00371665 0.0980112 -0.0356404
      endloop
   endfacet
   facet normal -0.515554 -3.15686e-17 -0.856857
      outer loop
         vertex -0.00371665 0.0872612 -0.0356404
         vertex -0.00371665 0.0980112 -0.0356404
         vertex -0.00299917 0.0980112 -0.0360208
      endloop
   endfacet
   facet normal -0.419889 -2.57108e-17 -0.907575
      outer loop
         vertex -0.00299917 0.0872612 -0.0360208
         vertex -0.00299917 0.0980112 -0.0360208
         vertex -0.00224476 0.0980112 -0.0363214
      endloop
   endfacet
   facet normal -0.319302 -1.95516e-17 -0.947653
      outer loop
         vertex -0.00224476 0.0872612 -0.0363214
         vertex -0.00224476 0.0980112 -0.0363214
         vertex -0.00146228 0.0980112 -0.0365387
      endloop
   endfacet
   facet normal -0.21497 -1.31631e-17 -0.976621
      outer loop
         vertex -0.00146228 0.0872612 -0.0365387
         vertex -0.00146228 0.0980112 -0.0365387
         vertex -0.000660893 0.0980112 -0.0366701
      endloop
   endfacet
   facet normal -0.108119 -6.62038e-18 -0.994138
      outer loop
         vertex -0.000660893 0.0872612 -0.0366701
         vertex -0.000660893 0.0980112 -0.0366701
         vertex 0.00015 0.0980112 -0.036714
      endloop
   endfacet
   facet normal 0 0 -1
      outer loop
         vertex 0.00015 0.0980112 -0.036714
         vertex 0.00015 0.0872612 -0.036714
         vertex -0.000660893 0.0872612 -0.0366701
      endloop
   endfacet
   facet normal -0.108119 -6.62038e-18 -0.994138
      outer loop
         vertex -0.000660893 0.0980112 -0.0366701
         vertex -0.000660893 0.0872612 -0.0366701
         vertex -0.00146228 0.0872612 -0.0365387
      endloop
   endfacet
   facet normal -0.21497 -1.31631e-17 -0.976621
      outer loop
         vertex -0.00146228 0.0980112 -0.0365387
         vertex -0.00146228 0.0872612 -0.0365387
         vertex -0.00224476 0.0872612 -0.0363214
      endloop
   endfacet
   facet normal -0.319302 -1.95516e-17 -0.947653
      outer loop
         vertex -0.00224476 0.0980112 -0.0363214
         vertex -0.00224476 0.0872612 -0.0363214
         vertex -0.00299917 0.0872612 -0.0360208
      endloop
   endfacet
   facet normal -0.419889 -2.57108e-17 -0.907575
      outer loop
         vertex -0.00299917 0.0980112 -0.0360208
         vertex -0.00299917 0.0872612 -0.0360208
         vertex -0.00371665 0.0872612 -0.0356404
      endloop
   endfacet
   facet normal -0.515554 -3.15686e-17 -0.856857
      outer loop
         vertex -0.00371665 0.0980112 -0.0356404
         vertex -0.00371665 0.0872612 -0.0356404
         vertex -0.00438881 0.0872612 -0.0351847
      endloop
   endfacet
   facet normal -0.605174 -3.70562e-17 -0.796093
      outer loop
         vertex -0.00438881 0.0980112 -0.0351847
         vertex -0.00438881 0.0872612 -0.0351847
         vertex -0.00500775 0.0872612 -0.034659
      endloop
   endfacet
   facet normal -0.687699 -4.21094e-17 -0.725995
      outer loop
         vertex -0.00500775 0.0980112 -0.034659
         vertex -0.00500775 0.0872612 -0.034659
         vertex -0.00556622 0.0872612 -0.0340694
      endloop
   endfacet
   facet normal -0.762162 -4.6669e-17 -0.647386
      outer loop
         vertex -0.00556622 0.0980112 -0.0340694
         vertex -0.00556622 0.0872612 -0.0340694
         vertex -0.00605767 0.0872612 -0.0334229
      endloop
   endfacet
   facet normal -0.827689 -5.06813e-17 -0.561187
      outer loop
         vertex -0.00605767 0.0980112 -0.0334229
         vertex -0.00605767 0.0872612 -0.0334229
         vertex -0.00647634 0.0872612 -0.0327271
      endloop
   endfacet
   facet normal -0.883512 -5.40995e-17 -0.468408
      outer loop
         vertex -0.00647634 0.0980112 -0.0327271
         vertex -0.00647634 0.0872612 -0.0327271
         vertex -0.00681733 0.0872612 -0.0319901
      endloop
   endfacet
   facet normal -0.928977 -5.68834e-17 -0.370138
      outer loop
         vertex -0.00681733 0.0980112 -0.0319901
         vertex -0.00681733 0.0872612 -0.0319901
         vertex -0.00707662 0.0872612 -0.0312205
      endloop
   endfacet
   facet normal -0.96355 -5.90004e-17 -0.267528
      outer loop
         vertex -0.00707662 0.0980112 -0.0312205
         vertex -0.00707662 0.0872612 -0.0312205
         vertex -0.0072512 0.0872612 -0.0304274
      endloop
   endfacet
   facet normal -0.986827 -6.04257e-17 -0.161782
      outer loop
         vertex -0.0072512 0.0980112 -0.0304274
         vertex -0.0072512 0.0872612 -0.0304274
         vertex -0.007339 0.0872612 -0.0296201
      endloop
   endfacet
   facet normal -0.998533 -6.11425e-17 -0.0541389
      outer loop
         vertex -0.007339 0.0980112 -0.0296201
         vertex -0.007339 0.0872612 -0.0296201
         vertex -0.007339 0.0872612 -0.028808
      endloop
   endfacet
   facet normal -0.998533 -6.11425e-17 0.0541389
      outer loop
         vertex -0.007339 0.0980112 -0.028808
         vertex -0.007339 0.0872612 -0.028808
         vertex -0.0072512 0.0872612 -0.0280007
      endloop
   endfacet
   facet normal -0.986827 -6.04257e-17 0.161782
      outer loop
         vertex -0.0072512 0.0980112 -0.0280007
         vertex -0.0072512 0.0872612 -0.0280007
         vertex -0.00707662 0.0872612 -0.0272076
      endloop
   endfacet
   facet normal -0.96355 -5.90004e-17 0.267528
      outer loop
         vertex -0.00707662 0.0980112 -0.0272076
         vertex -0.00707662 0.0872612 -0.0272076
         vertex -0.00681733 0.0872612 -0.026438
      endloop
   endfacet
   facet normal -0.928977 -5.68834e-17 0.370138
      outer loop
         vertex -0.00681733 0.0980112 -0.026438
         vertex -0.00681733 0.0872612 -0.026438
         vertex -0.00647634 0.0872612 -0.025701
      endloop
   endfacet
   facet normal -0.883512 -5.40995e-17 0.468408
      outer loop
         vertex -0.00647634 0.0980112 -0.025701
         vertex -0.00647634 0.0872612 -0.025701
         vertex -0.00605767 0.0872612 -0.0250051
      endloop
   endfacet
   facet normal -0.827689 -5.06813e-17 0.561187
      outer loop
         vertex -0.00605767 0.0980112 -0.0250051
         vertex -0.00605767 0.0872612 -0.0250051
         vertex -0.00556622 0.0872612 -0.0243586
      endloop
   endfacet
   facet normal -0.762162 -4.6669e-17 0.647386
      outer loop
         vertex -0.00556622 0.0980112 -0.0243586
         vertex -0.00556622 0.0872612 -0.0243586
         vertex -0.00500775 0.0872612 -0.0237691
      endloop
   endfacet
   facet normal -0.687699 -4.21094e-17 0.725995
      outer loop
         vertex -0.00500775 0.0980112 -0.0237691
         vertex -0.00500775 0.0872612 -0.0237691
         vertex -0.00438881 0.0872612 -0.0232433
      endloop
   endfacet
   facet normal -0.605174 -3.70562e-17 0.796093
      outer loop
         vertex -0.00438881 0.0980112 -0.0232433
         vertex -0.00438881 0.0872612 -0.0232433
         vertex -0.00371665 0.0872612 -0.0227876
      endloop
   endfacet
   facet normal -0.515554 -3.15686e-17 0.856857
      outer loop
         vertex -0.00371665 0.0980112 -0.0227876
         vertex -0.00371665 0.0872612 -0.0227876
         vertex -0.00299917 0.0872612 -0.0224072
      endloop
   endfacet
   facet normal -0.419889 -2.57108e-17 0.907575
      outer loop
         vertex -0.00299917 0.0980112 -0.0224072
         vertex -0.00299917 0.0872612 -0.0224072
         vertex -0.00224476 0.0872612 -0.0221066
      endloop
   endfacet
   facet normal -0.319302 -1.95516e-17 0.947653
      outer loop
         vertex -0.00224476 0.0980112 -0.0221066
         vertex -0.00224476 0.0872612 -0.0221066
         vertex -0.00146228 0.0872612 -0.0218894
      endloop
   endfacet
   facet normal -0.21497 -1.31631e-17 0.976621
      outer loop
         vertex -0.00146228 0.0980112 -0.0218894
         vertex -0.00146228 0.0872612 -0.0218894
         vertex -0.000660893 0.0872612 -0.021758
      endloop
   endfacet
   facet normal -0.108119 -6.62038e-18 0.994138
      outer loop
         vertex -0.000660893 0.0980112 -0.021758
         vertex -0.000660893 0.0872612 -0.021758
         vertex 0.00015 0.0872612 -0.021714
      endloop
   endfacet
   facet normal 1.22465e-16 7.4988e-33 1
      outer loop
         vertex 0.00015 0.0980112 -0.021714
         vertex 0.00015 0.0872612 -0.021714
         vertex 0.000960893 0.0872612 -0.021758
      endloop
   endfacet
   facet normal 0.108119 6.62038e-18 0.994138
      outer loop
         vertex 0.000960893 0.0980112 -0.021758
         vertex 0.000960893 0.0872612 -0.021758
         vertex 0.00176228 0.0872612 -0.0218894
      endloop
   endfacet
   facet normal 0.21497 1.31631e-17 0.976621
      outer loop
         vertex 0.00176228 0.0980112 -0.0218894
         vertex 0.00176228 0.0872612 -0.0218894
         vertex 0.00254476 0.0872612 -0.0221066
      endloop
   endfacet
   facet normal 0.319302 1.95516e-17 0.947653
      outer loop
         vertex 0.00254476 0.0980112 -0.0221066
         vertex 0.00254476 0.0872612 -0.0221066
         vertex 0.00329917 0.0872612 -0.0224072
      endloop
   endfacet
   facet normal 0.419889 2.57108e-17 0.907575
      outer loop
         vertex 0.00329917 0.0980112 -0.0224072
         vertex 0.00329917 0.0872612 -0.0224072
         vertex 0.00401665 0.0872612 -0.0227876
      endloop
   endfacet
   facet normal 0.515554 3.15686e-17 0.856857
      outer loop
         vertex 0.00401665 0.0980112 -0.0227876
         vertex 0.00401665 0.0872612 -0.0227876
         vertex 0.00468881 0.0872612 -0.0232433
      endloop
   endfacet
   facet normal 0.605174 3.70562e-17 0.796093
      outer loop
         vertex 0.00468881 0.0980112 -0.0232433
         vertex 0.00468881 0.0872612 -0.0232433
         vertex 0.00530775 0.0872612 -0.0237691
      endloop
   endfacet
   facet normal 0.687699 4.21094e-17 0.725995
      outer loop
         vertex 0.00530775 0.0980112 -0.0237691
         vertex 0.00530775 0.0872612 -0.0237691
         vertex 0.00586622 0.0872612 -0.0243586
      endloop
   endfacet
   facet normal 0.762162 4.6669e-17 0.647386
      outer loop
         vertex 0.00586622 0.0980112 -0.0243586
         vertex 0.00586622 0.0872612 -0.0243586
         vertex 0.00635767 0.0872612 -0.0250051
      endloop
   endfacet
   facet normal 0.827689 5.06813e-17 0.561187
      outer loop
         vertex 0.00635767 0.0980112 -0.0250051
         vertex 0.00635767 0.0872612 -0.0250051
         vertex 0.00677634 0.0872612 -0.025701
      endloop
   endfacet
   facet normal 0.883512 5.40995e-17 0.468408
      outer loop
         vertex 0.00677634 0.0980112 -0.025701
         vertex 0.00677634 0.0872612 -0.025701
         vertex 0.00711733 0.0872612 -0.026438
      endloop
   endfacet
   facet normal 0.928977 5.68834e-17 0.370138
      outer loop
         vertex 0.00711733 0.0980112 -0.026438
         vertex 0.00711733 0.0872612 -0.026438
         vertex 0.00737662 0.0872612 -0.0272076
      endloop
   endfacet
   facet normal 0.96355 5.90004e-17 0.267528
      outer loop
         vertex 0.00737662 0.0980112 -0.0272076
         vertex 0.00737662 0.0872612 -0.0272076
         vertex 0.0075512 0.0872612 -0.0280007
      endloop
   endfacet
   facet normal 0.986827 6.04257e-17 0.161782
      outer loop
         vertex 0.0075512 0.0980112 -0.0280007
         vertex 0.0075512 0.0872612 -0.0280007
         vertex 0.007639 0.0872612 -0.028808
      endloop
   endfacet
   facet normal 0.998533 6.11425e-17 0.0541389
      outer loop
         vertex 0.007639 0.0980112 -0.028808
         vertex 0.007639 0.0872612 -0.028808
         vertex 0.007639 0.0872612 -0.0296201
      endloop
   endfacet
   facet normal 0.998533 6.11425e-17 -0.0541389
      outer loop
         vertex 0.007639 0.0980112 -0.0296201
         vertex 0.007639 0.0872612 -0.0296201
         vertex 0.0075512 0.0872612 -0.0304274
      endloop
   endfacet
   facet normal 0.986827 6.04257e-17 -0.161782
      outer loop
         vertex 0.0075512 0.0980112 -0.0304274
         vertex 0.0075512 0.0872612 -0.0304274
         vertex 0.00737662 0.0872612 -0.0312205
      endloop
   endfacet
   facet normal 0.96355 5.90004e-17 -0.267528
      outer loop
         vertex 0.00737662 0.0980112 -0.0312205
         vertex 0.00737662 0.0872612 -0.0312205
         vertex 0.00711733 0.0872612 -0.0319901
      endloop
   endfacet
   facet normal 0.928977 5.68834e-17 -0.370138
      outer loop
         vertex 0.00711733 0.0980112 -0.0319901
         vertex 0.00711733 0.0872612 -0.0319901
         vertex 0.00677634 0.0872612 -0.0327271
      endloop
   endfacet
   facet normal 0.883512 5.40995e-17 -0.468408
      outer loop
         vertex 0.00677634 0.0980112 -0.0327271
         vertex 0.00677634 0.0872612 -0.0327271
         vertex 0.00635767 0.0872612 -0.0334229
      endloop
   endfacet
   facet normal 0.827689 5.06813e-17 -0.561187
      outer loop
         vertex 0.00635767 0.0980112 -0.0334229
         vertex 0.00635767 0.0872612 -0.0334229
         vertex 0.00586622 0.0872612 -0.0340694
      endloop
   endfacet
   facet normal 0.762162 4.6669e-17 -0.647386
      outer loop
         vertex 0.00586622 0.0980112 -0.0340694
         vertex 0.00586622 0.0872612 -0.0340694
         vertex 0.00530775 0.0872612 -0.034659
      endloop
   endfacet
   facet normal 0.687699 4.21094e-17 -0.725995
      outer loop
         vertex 0.00530775 0.0980112 -0.034659
         vertex 0.00530775 0.0872612 -0.034659
         vertex 0.00468881 0.0872612 -0.0351847
      endloop
   endfacet
   facet normal 0.605174 3.70562e-17 -0.796093
      outer loop
         vertex 0.00468881 0.0980112 -0.0351847
         vertex 0.00468881 0.0872612 -0.0351847
         vertex 0.00401665 0.0872612 -0.0356404
      endloop
   endfacet
   facet normal 0.515554 3.15686e-17 -0.856857
      outer loop
         vertex 0.00401665 0.0980112 -0.0356404
         vertex 0.00401665 0.0872612 -0.0356404
         vertex 0.00329917 0.0872612 -0.0360208
      endloop
   endfacet
   facet normal 0.419889 2.57108e-17 -0.907575
      outer loop
         vertex 0.00329917 0.0980112 -0.0360208
         vertex 0.00329917 0.0872612 -0.0360208
         vertex 0.00254476 0.0872612 -0.0363214
      endloop
   endfacet
   facet normal 0.319302 1.95516e-17 -0.947653
      outer loop
         vertex 0.00254476 0.0980112 -0.0363214
         vertex 0.00254476 0.0872612 -0.0363214
         vertex 0.00176228 0.0872612 -0.0365387
      endloop
   endfacet
   facet normal 0.21497 1.31631e-17 -0.976621
      outer loop
         vertex 0.00176228 0.0980112 -0.0365387
         vertex 0.00176228 0.0872612 -0.0365387
         vertex 0.000960893 0.0872612 -0.0366701
      endloop
   endfacet
   facet normal 0.108119 6.62038e-18 -0.994138
      outer loop
         vertex 0.000960893 0.0980112 -0.0366701
         vertex 0.000960893 0.0872612 -0.0366701
         vertex 0.00015 0.0872612 -0.036714
      endloop
   endfacet
   facet normal -6.12323e-17 1 0
      outer loop
         vertex 0.007639 0.0872612 -0.028808
         vertex 0.0111021 0.0872612 -0.028446
         vertex 0.0111563 0.0872612 -0.0286482
      endloop
   endfacet
   facet normal -6.12323e-17 1 0
      outer loop
         vertex 0.007639 0.0872612 -0.028808
         vertex 0.0106863 0.0872612 -0.0277258
         vertex 0.010818 0.0872612 -0.0278885
      endloop
   endfacet
   facet normal -6.12323e-17 1 0
      outer loop
         vertex 0.007639 0.0872612 -0.028808
         vertex 0.0110271 0.0872612 -0.0282505
         vertex 0.0111021 0.0872612 -0.028446
      endloop
   endfacet
   facet normal -6.12323e-17 1 0
      outer loop
         vertex 0.010818 0.0872612 -0.0278885
         vertex 0.0109321 0.0872612 -0.028064
         vertex 0.007639 0.0872612 -0.028808
      endloop
   endfacet
   facet normal -6.12323e-17 1 0
      outer loop
         vertex 0.007639 0.0872612 -0.028808
         vertex 0.0102 0.0872612 -0.027332
         vertex 0.0103756 0.0872612 -0.027446
      endloop
   endfacet
   facet normal -6.12323e-17 1 0
      outer loop
         vertex 0.007639 0.0872612 -0.028808
         vertex 0.00940906 0.0872612 -0.027075
         vertex 0.00961582 0.0872612 -0.0271077
      endloop
   endfacet
   facet normal -6.12323e-17 1 0
      outer loop
         vertex 0.0109321 0.0872612 -0.028064
         vertex 0.0110271 0.0872612 -0.0282505
         vertex 0.007639 0.0872612 -0.028808
      endloop
   endfacet
   facet normal -6.12323e-17 1 0
      outer loop
         vertex 0.0103756 0.0872612 -0.027446
         vertex 0.0105383 0.0872612 -0.0275777
         vertex 0.007639 0.0872612 -0.028808
      endloop
   endfacet
   facet normal -6.12323e-17 1 0
      outer loop
         vertex 0.007639 0.0872612 -0.028808
         vertex 0.00981803 0.0872612 -0.0271619
         vertex 0.0100135 0.0872612 -0.0272369
      endloop
   endfacet
   facet normal -6.12323e-17 1 0
      outer loop
         vertex 0.007639 0.0872612 -0.028808
         vertex 0.0092 0.0872612 -0.027064
         vertex 0.00940906 0.0872612 -0.027075
      endloop
   endfacet
   facet normal -6.12323e-17 1 0
      outer loop
         vertex 0.007639 0.0872612 -0.0296201
         vertex 0.0106863 0.0872612 -0.0307023
         vertex 0.0105383 0.0872612 -0.0308503
      endloop
   endfacet
   facet normal -6.12323e-17 1 0
      outer loop
         vertex 0.00765 0.0872612 -0.036714
         vertex 0.00586622 0.0872612 -0.0340694
         vertex 0.00635767 0.0872612 -0.0334229
      endloop
   endfacet
   facet normal -6.12323e-17 1 0
      outer loop
         vertex 0.0105383 0.0872612 -0.0275777
         vertex 0.0106863 0.0872612 -0.0277258
         vertex 0.007639 0.0872612 -0.028808
      endloop
   endfacet
   facet normal -6.12323e-17 1 0
      outer loop
         vertex 0.00961582 0.0872612 -0.0271077
         vertex 0.00981803 0.0872612 -0.0271619
         vertex 0.007639 0.0872612 -0.028808
      endloop
   endfacet
   facet normal -6.12323e-17 1 0
      outer loop
         vertex 0.007639 0.0872612 -0.0296201
         vertex 0.007639 0.0872612 -0.028808
         vertex 0.0112 0.0872612 -0.029064
      endloop
   endfacet
   facet normal -6.12323e-17 1 0
      outer loop
         vertex 0.007639 0.0872612 -0.0296201
         vertex 0.010818 0.0872612 -0.0305396
         vertex 0.0106863 0.0872612 -0.0307023
      endloop
   endfacet
   facet normal -6.12323e-17 1 0
      outer loop
         vertex 0.0075512 0.0872612 -0.0304274
         vertex 0.0100135 0.0872612 -0.0311911
         vertex 0.00981803 0.0872612 -0.0312661
      endloop
   endfacet
   facet normal -6.12323e-17 1 0
      outer loop
         vertex 0.00765 0.0872612 -0.021714
         vertex 0.00711733 0.0872612 -0.026438
         vertex 0.00677634 0.0872612 -0.025701
      endloop
   endfacet
   facet normal -6.12323e-17 1 0
      outer loop
         vertex 0.00765 0.0872612 -0.027064
         vertex 0.00737662 0.0872612 -0.0272076
         vertex 0.00711733 0.0872612 -0.026438
      endloop
   endfacet
   facet normal -6.12323e-17 1 0
      outer loop
         vertex 0.00765 0.0872612 -0.031364
         vertex 0.00765 0.0872612 -0.036714
         vertex 0.00711733 0.0872612 -0.0319901
      endloop
   endfacet
   facet normal -6.12323e-17 1 0
      outer loop
         vertex 0.00635767 0.0872612 -0.0334229
         vertex 0.00677634 0.0872612 -0.0327271
         vertex 0.00765 0.0872612 -0.036714
      endloop
   endfacet
   facet normal -6.12323e-17 1 0
      outer loop
         vertex 0.00765 0.0872612 -0.036714
         vertex 0.00254476 0.0872612 -0.0363214
         vertex 0.00329917 0.0872612 -0.0360208
      endloop
   endfacet
   facet normal -6.12323e-17 1 0
      outer loop
         vertex 0.0100135 0.0872612 -0.0272369
         vertex 0.0102 0.0872612 -0.027332
         vertex 0.007639 0.0872612 -0.028808
      endloop
   endfacet
   facet normal -6.12323e-17 1 0
      outer loop
         vertex 0.007639 0.0872612 -0.0296201
         vertex 0.0112 0.0872612 -0.029364
         vertex 0.011189 0.0872612 -0.0295731
      endloop
   endfacet
   facet normal -6.12323e-17 1 0
      outer loop
         vertex 0.007639 0.0872612 -0.028808
         vertex 0.011189 0.0872612 -0.028855
         vertex 0.0112 0.0872612 -0.029064
      endloop
   endfacet
   facet normal -6.12323e-17 1 0
      outer loop
         vertex 0.007639 0.0872612 -0.0296201
         vertex 0.0109321 0.0872612 -0.030364
         vertex 0.010818 0.0872612 -0.0305396
      endloop
   endfacet
   facet normal -6.12323e-17 1 0
      outer loop
         vertex 0.007639 0.0872612 -0.0296201
         vertex 0.0111021 0.0872612 -0.0299821
         vertex 0.0110271 0.0872612 -0.0301775
      endloop
   endfacet
   facet normal -6.12323e-17 1 0
      outer loop
         vertex 0.0075512 0.0872612 -0.0304274
         vertex 0.0102 0.0872612 -0.0310961
         vertex 0.0100135 0.0872612 -0.0311911
      endloop
   endfacet
   facet normal -6.12323e-17 1 0
      outer loop
         vertex 0.0075512 0.0872612 -0.0304274
         vertex 0.0105383 0.0872612 -0.0308503
         vertex 0.0103756 0.0872612 -0.0309821
      endloop
   endfacet
   facet normal -6.12323e-17 1 0
      outer loop
         vertex 0.00711733 0.0872612 -0.026438
         vertex 0.00765 0.0872612 -0.021714
         vertex 0.00765 0.0872612 -0.027064
      endloop
   endfacet
   facet normal -6.12323e-17 1 0
      outer loop
         vertex 0.00677634 0.0872612 -0.0327271
         vertex 0.00711733 0.0872612 -0.0319901
         vertex 0.00765 0.0872612 -0.036714
      endloop
   endfacet
   facet normal -6.12323e-17 1 0
      outer loop
         vertex 0.00765 0.0872612 -0.036714
         vertex 0.00468881 0.0872612 -0.0351847
         vertex 0.00530775 0.0872612 -0.034659
      endloop
   endfacet
   facet normal -6.12323e-17 1 0
      outer loop
         vertex 0.00329917 0.0872612 -0.0360208
         vertex 0.00401665 0.0872612 -0.0356404
         vertex 0.00765 0.0872612 -0.036714
      endloop
   endfacet
   facet normal -6.12323e-17 1 0
      outer loop
         vertex 0.00765 0.0872612 -0.036714
         vertex 0.000960893 0.0872612 -0.0366701
         vertex 0.00176228 0.0872612 -0.0365387
      endloop
   endfacet
   facet normal -6.12323e-17 1 0
      outer loop
         vertex 0.007639 0.0872612 -0.028808
         vertex 0.00765 0.0872612 -0.027064
         vertex 0.0092 0.0872612 -0.027064
      endloop
   endfacet
   facet normal -6.12323e-17 1 0
      outer loop
         vertex 0.0112 0.0872612 -0.029064
         vertex 0.0112 0.0872612 -0.029364
         vertex 0.007639 0.0872612 -0.0296201
      endloop
   endfacet
   facet normal -6.12323e-17 1 0
      outer loop
         vertex 0.0110271 0.0872612 -0.0301775
         vertex 0.0109321 0.0872612 -0.030364
         vertex 0.007639 0.0872612 -0.0296201
      endloop
   endfacet
   facet normal -6.12323e-17 1 0
      outer loop
         vertex 0.0075512 0.0872612 -0.0304274
         vertex 0.00961582 0.0872612 -0.0313203
         vertex 0.00940906 0.0872612 -0.0313531
      endloop
   endfacet
   facet normal -6.12323e-17 1 0
      outer loop
         vertex 0.0103756 0.0872612 -0.0309821
         vertex 0.0102 0.0872612 -0.0310961
         vertex 0.0075512 0.0872612 -0.0304274
      endloop
   endfacet
   facet normal -6.12323e-17 1 0
      outer loop
         vertex 0.00765 0.0872612 -0.021714
         vertex 0.00254476 0.0872612 -0.0221066
         vertex 0.00176228 0.0872612 -0.0218894
      endloop
   endfacet
   facet normal -6.12323e-17 1 0
      outer loop
         vertex 0.00677634 0.0872612 -0.025701
         vertex 0.00635767 0.0872612 -0.0250051
         vertex 0.00765 0.0872612 -0.021714
      endloop
   endfacet
   facet normal -6.12323e-17 1 0
      outer loop
         vertex 0.00530775 0.0872612 -0.034659
         vertex 0.00586622 0.0872612 -0.0340694
         vertex 0.00765 0.0872612 -0.036714
      endloop
   endfacet
   facet normal -6.12323e-17 1 0
      outer loop
         vertex 0.00176228 0.0872612 -0.0365387
         vertex 0.00254476 0.0872612 -0.0363214
         vertex 0.00765 0.0872612 -0.036714
      endloop
   endfacet
   facet normal -6.12323e-17 1 0
      outer loop
         vertex 0.011189 0.0872612 -0.0295731
         vertex 0.0111563 0.0872612 -0.0297798
         vertex 0.007639 0.0872612 -0.0296201
      endloop
   endfacet
   facet normal -6.12323e-17 1 0
      outer loop
         vertex 0.007639 0.0872612 -0.0296201
         vertex 0.0111563 0.0872612 -0.0297798
         vertex 0.0111021 0.0872612 -0.0299821
      endloop
   endfacet
   facet normal -6.12323e-17 1 0
      outer loop
         vertex 0.0075512 0.0872612 -0.0304274
         vertex 0.0092 0.0872612 -0.031364
         vertex 0.00765 0.0872612 -0.031364
      endloop
   endfacet
   facet normal -6.12323e-17 1 0
      outer loop
         vertex 0.00981803 0.0872612 -0.0312661
         vertex 0.00961582 0.0872612 -0.0313203
         vertex 0.0075512 0.0872612 -0.0304274
      endloop
   endfacet
   facet normal -6.12323e-17 1 0
      outer loop
         vertex 0.00765 0.0872612 -0.021714
         vertex 0.00329917 0.0872612 -0.0224072
         vertex 0.00254476 0.0872612 -0.0221066
      endloop
   endfacet
   facet normal -6.12323e-17 1 0
      outer loop
         vertex 0.00765 0.0872612 -0.021714
         vertex 0.00586622 0.0872612 -0.0243586
         vertex 0.00530775 0.0872612 -0.0237691
      endloop
   endfacet
   facet normal -6.12323e-17 1 0
      outer loop
         vertex 0.00765 0.0872612 -0.027064
         vertex 0.0075512 0.0872612 -0.0280007
         vertex 0.00737662 0.0872612 -0.0272076
      endloop
   endfacet
   facet normal -6.12323e-17 1 0
      outer loop
         vertex 0.00401665 0.0872612 -0.0356404
         vertex 0.00468881 0.0872612 -0.0351847
         vertex 0.00765 0.0872612 -0.036714
      endloop
   endfacet
   facet normal -6.12323e-17 1 0
      outer loop
         vertex 0.0105383 0.0872612 -0.0308503
         vertex 0.0075512 0.0872612 -0.0304274
         vertex 0.007639 0.0872612 -0.0296201
      endloop
   endfacet
   facet normal -6.12323e-17 1 0
      outer loop
         vertex 0.00940906 0.0872612 -0.0313531
         vertex 0.0092 0.0872612 -0.031364
         vertex 0.0075512 0.0872612 -0.0304274
      endloop
   endfacet
   facet normal -6.12323e-17 1 0
      outer loop
         vertex 0.00176228 0.0872612 -0.0218894
         vertex 0.000960893 0.0872612 -0.021758
         vertex 0.00765 0.0872612 -0.021714
      endloop
   endfacet
   facet normal -6.12323e-17 1 0
      outer loop
         vertex 0.00765 0.0872612 -0.021714
         vertex 0.00468881 0.0872612 -0.0232433
         vertex 0.00401665 0.0872612 -0.0227876
      endloop
   endfacet
   facet normal -6.12323e-17 1 0
      outer loop
         vertex 0.00635767 0.0872612 -0.0250051
         vertex 0.00586622 0.0872612 -0.0243586
         vertex 0.00765 0.0872612 -0.021714
      endloop
   endfacet
   facet normal -6.12323e-17 1 0
      outer loop
         vertex 0.00765 0.0872612 -0.036714
         vertex 0.00015 0.0872612 -0.036714
         vertex 0.000960893 0.0872612 -0.0366701
      endloop
   endfacet
   facet normal -6.12323e-17 1 0
      outer loop
         vertex 0.00765 0.0872612 -0.031364
         vertex 0.00737662 0.0872612 -0.0312205
         vertex 0.0075512 0.0872612 -0.0304274
      endloop
   endfacet
   facet normal -6.12323e-17 1 0
      outer loop
         vertex 0.00401665 0.0872612 -0.0227876
         vertex 0.00329917 0.0872612 -0.0224072
         vertex 0.00765 0.0872612 -0.021714
      endloop
   endfacet
   facet normal -6.12323e-17 1 0
      outer loop
         vertex 0.00765 0.0872612 -0.027064
         vertex 0.007639 0.0872612 -0.028808
         vertex 0.0075512 0.0872612 -0.0280007
      endloop
   endfacet
   facet normal -6.12323e-17 1 0
      outer loop
         vertex 0.0111563 0.0872612 -0.0286482
         vertex 0.011189 0.0872612 -0.028855
         vertex 0.007639 0.0872612 -0.028808
      endloop
   endfacet
   facet normal -6.12323e-17 1 0
      outer loop
         vertex 0.00530775 0.0872612 -0.0237691
         vertex 0.00468881 0.0872612 -0.0232433
         vertex 0.00765 0.0872612 -0.021714
      endloop
   endfacet
   facet normal -6.12323e-17 1 0
      outer loop
         vertex 0.000960893 0.0872612 -0.021758
         vertex 0.00015 0.0872612 -0.021714
         vertex 0.00765 0.0872612 -0.021714
      endloop
   endfacet
   facet normal -6.12323e-17 1 0
      outer loop
         vertex 0.00711733 0.0872612 -0.0319901
         vertex 0.00737662 0.0872612 -0.0312205
         vertex 0.00765 0.0872612 -0.031364
      endloop
   endfacet
   facet normal 1 6.12323e-17 0
      outer loop
         vertex 0.00765 0.0872612 -0.021714
         vertex 0.00765 0.0809612 -0.021714
         vertex 0.00765 0.0809612 -0.027064
      endloop
   endfacet
   facet normal 1 6.12323e-17 0
      outer loop
         vertex 0.00765 0.0809612 -0.027064
         vertex 0.00765 0.0872612 -0.027064
         vertex 0.00765 0.0872612 -0.021714
      endloop
   endfacet
   facet normal 0 0 1
      outer loop
         vertex 0.0092 0.0809612 -0.027064
         vertex 0.0092 0.0872612 -0.027064
         vertex 0.00765 0.0872612 -0.027064
      endloop
   endfacet
   facet normal 0 0 1
      outer loop
         vertex 0.00765 0.0872612 -0.027064
         vertex 0.00765 0.0809612 -0.027064
         vertex 0.0092 0.0809612 -0.027064
      endloop
   endfacet
   facet normal 1 6.12323e-17 0
      outer loop
         vertex 0.0112 0.0809612 -0.029064
         vertex 0.0112 0.0872612 -0.029064
         vertex 0.011189 0.0872612 -0.028855
      endloop
   endfacet
   facet normal 0.994522 6.08969e-17 0.104528
      outer loop
         vertex 0.011189 0.0809612 -0.028855
         vertex 0.011189 0.0872612 -0.028855
         vertex 0.0111563 0.0872612 -0.0286482
      endloop
   endfacet
   facet normal 0.978148 5.98943e-17 0.207912
      outer loop
         vertex 0.0111563 0.0809612 -0.0286482
         vertex 0.0111563 0.0872612 -0.0286482
         vertex 0.0111021 0.0872612 -0.028446
      endloop
   endfacet
   facet normal 0.951057 5.82354e-17 0.309017
      outer loop
         vertex 0.0111021 0.0809612 -0.028446
         vertex 0.0111021 0.0872612 -0.028446
         vertex 0.0110271 0.0872612 -0.0282505
      endloop
   endfacet
   facet normal 0.913545 5.59385e-17 0.406737
      outer loop
         vertex 0.0110271 0.0809612 -0.0282505
         vertex 0.0110271 0.0872612 -0.0282505
         vertex 0.0109321 0.0872612 -0.028064
      endloop
   endfacet
   facet normal 0.866025 5.30288e-17 0.5
      outer loop
         vertex 0.0109321 0.0809612 -0.028064
         vertex 0.0109321 0.0872612 -0.028064
         vertex 0.010818 0.0872612 -0.0278885
      endloop
   endfacet
   facet normal 0.809017 4.9538e-17 0.587785
      outer loop
         vertex 0.010818 0.0809612 -0.0278885
         vertex 0.010818 0.0872612 -0.0278885
         vertex 0.0106863 0.0872612 -0.0277258
      endloop
   endfacet
   facet normal 0.743145 4.55045e-17 0.669131
      outer loop
         vertex 0.0106863 0.0809612 -0.0277258
         vertex 0.0106863 0.0872612 -0.0277258
         vertex 0.0105383 0.0872612 -0.0275777
      endloop
   endfacet
   facet normal 0.669131 4.09724e-17 0.743145
      outer loop
         vertex 0.0105383 0.0809612 -0.0275777
         vertex 0.0105383 0.0872612 -0.0275777
         vertex 0.0103756 0.0872612 -0.027446
      endloop
   endfacet
   facet normal 0.587785 3.59915e-17 0.809017
      outer loop
         vertex 0.0103756 0.0809612 -0.027446
         vertex 0.0103756 0.0872612 -0.027446
         vertex 0.0102 0.0872612 -0.027332
      endloop
   endfacet
   facet normal 0.5 3.06162e-17 0.866025
      outer loop
         vertex 0.0102 0.0809612 -0.027332
         vertex 0.0102 0.0872612 -0.027332
         vertex 0.0100135 0.0872612 -0.0272369
      endloop
   endfacet
   facet normal 0.406737 2.49054e-17 0.913545
      outer loop
         vertex 0.0100135 0.0809612 -0.0272369
         vertex 0.0100135 0.0872612 -0.0272369
         vertex 0.00981803 0.0872612 -0.0271619
      endloop
   endfacet
   facet normal 0.309017 1.89218e-17 0.951057
      outer loop
         vertex 0.00981803 0.0809612 -0.0271619
         vertex 0.00981803 0.0872612 -0.0271619
         vertex 0.00961582 0.0872612 -0.0271077
      endloop
   endfacet
   facet normal 0.207912 1.27309e-17 0.978148
      outer loop
         vertex 0.00961582 0.0809612 -0.0271077
         vertex 0.00961582 0.0872612 -0.0271077
         vertex 0.00940906 0.0872612 -0.027075
      endloop
   endfacet
   facet normal 0.104528 6.40052e-18 0.994522
      outer loop
         vertex 0.00940906 0.0809612 -0.027075
         vertex 0.00940906 0.0872612 -0.027075
         vertex 0.0092 0.0872612 -0.027064
      endloop
   endfacet
   facet normal 1.22465e-16 7.4988e-33 1
      outer loop
         vertex 0.0092 0.0872612 -0.027064
         vertex 0.0092 0.0809612 -0.027064
         vertex 0.00940906 0.0809612 -0.027075
      endloop
   endfacet
   facet normal 0.104528 6.40052e-18 0.994522
      outer loop
         vertex 0.00940906 0.0872612 -0.027075
         vertex 0.00940906 0.0809612 -0.027075
         vertex 0.00961582 0.0809612 -0.0271077
      endloop
   endfacet
   facet normal 0.207912 1.27309e-17 0.978148
      outer loop
         vertex 0.00961582 0.0872612 -0.0271077
         vertex 0.00961582 0.0809612 -0.0271077
         vertex 0.00981803 0.0809612 -0.0271619
      endloop
   endfacet
   facet normal 0.309017 1.89218e-17 0.951057
      outer loop
         vertex 0.00981803 0.0872612 -0.0271619
         vertex 0.00981803 0.0809612 -0.0271619
         vertex 0.0100135 0.0809612 -0.0272369
      endloop
   endfacet
   facet normal 0.406737 2.49054e-17 0.913545
      outer loop
         vertex 0.0100135 0.0872612 -0.0272369
         vertex 0.0100135 0.0809612 -0.0272369
         vertex 0.0102 0.0809612 -0.027332
      endloop
   endfacet
   facet normal 0.5 3.06162e-17 0.866025
      outer loop
         vertex 0.0102 0.0872612 -0.027332
         vertex 0.0102 0.0809612 -0.027332
         vertex 0.0103756 0.0809612 -0.027446
      endloop
   endfacet
   facet normal 0.587785 3.59915e-17 0.809017
      outer loop
         vertex 0.0103756 0.0872612 -0.027446
         vertex 0.0103756 0.0809612 -0.027446
         vertex 0.0105383 0.0809612 -0.0275777
      endloop
   endfacet
   facet normal 0.669131 4.09724e-17 0.743145
      outer loop
         vertex 0.0105383 0.0872612 -0.0275777
         vertex 0.0105383 0.0809612 -0.0275777
         vertex 0.0106863 0.0809612 -0.0277258
      endloop
   endfacet
   facet normal 0.743145 4.55045e-17 0.669131
      outer loop
         vertex 0.0106863 0.0872612 -0.0277258
         vertex 0.0106863 0.0809612 -0.0277258
         vertex 0.010818 0.0809612 -0.0278885
      endloop
   endfacet
   facet normal 0.809017 4.9538e-17 0.587785
      outer loop
         vertex 0.010818 0.0872612 -0.0278885
         vertex 0.010818 0.0809612 -0.0278885
         vertex 0.0109321 0.0809612 -0.028064
      endloop
   endfacet
   facet normal 0.866025 5.30288e-17 0.5
      outer loop
         vertex 0.0109321 0.0872612 -0.028064
         vertex 0.0109321 0.0809612 -0.028064
         vertex 0.0110271 0.0809612 -0.0282505
      endloop
   endfacet
   facet normal 0.913545 5.59385e-17 0.406737
      outer loop
         vertex 0.0110271 0.0872612 -0.0282505
         vertex 0.0110271 0.0809612 -0.0282505
         vertex 0.0111021 0.0809612 -0.028446
      endloop
   endfacet
   facet normal 0.951057 5.82354e-17 0.309017
      outer loop
         vertex 0.0111021 0.0872612 -0.028446
         vertex 0.0111021 0.0809612 -0.028446
         vertex 0.0111563 0.0809612 -0.0286482
      endloop
   endfacet
   facet normal 0.978148 5.98943e-17 0.207912
      outer loop
         vertex 0.0111563 0.0872612 -0.0286482
         vertex 0.0111563 0.0809612 -0.0286482
         vertex 0.011189 0.0809612 -0.028855
      endloop
   endfacet
   facet normal 0.994522 6.08969e-17 0.104528
      outer loop
         vertex 0.011189 0.0872612 -0.028855
         vertex 0.011189 0.0809612 -0.028855
         vertex 0.0112 0.0809612 -0.029064
      endloop
   endfacet
   facet normal 1 6.12323e-17 0
      outer loop
         vertex 0.0112 0.0872612 -0.029064
         vertex 0.0112 0.0809612 -0.029064
         vertex 0.0112 0.0809612 -0.029364
      endloop
   endfacet
   facet normal 1 6.12323e-17 0
      outer loop
         vertex 0.0112 0.0809612 -0.029364
         vertex 0.0112 0.0872612 -0.029364
         vertex 0.0112 0.0872612 -0.029064
      endloop
   endfacet
   facet normal 0 0 -1
      outer loop
         vertex 0.0092 0.0809612 -0.031364
         vertex 0.0092 0.0872612 -0.031364
         vertex 0.00940906 0.0872612 -0.0313531
      endloop
   endfacet
   facet normal 0.104528 6.40052e-18 -0.994522
      outer loop
         vertex 0.00940906 0.0809612 -0.0313531
         vertex 0.00940906 0.0872612 -0.0313531
         vertex 0.00961582 0.0872612 -0.0313203
      endloop
   endfacet
   facet normal 0.207912 1.27309e-17 -0.978148
      outer loop
         vertex 0.00961582 0.0809612 -0.0313203
         vertex 0.00961582 0.0872612 -0.0313203
         vertex 0.00981803 0.0872612 -0.0312661
      endloop
   endfacet
   facet normal 0.309017 1.89218e-17 -0.951057
      outer loop
         vertex 0.00981803 0.0809612 -0.0312661
         vertex 0.00981803 0.0872612 -0.0312661
         vertex 0.0100135 0.0872612 -0.0311911
      endloop
   endfacet
   facet normal 0.406737 2.49054e-17 -0.913545
      outer loop
         vertex 0.0100135 0.0809612 -0.0311911
         vertex 0.0100135 0.0872612 -0.0311911
         vertex 0.0102 0.0872612 -0.0310961
      endloop
   endfacet
   facet normal 0.5 3.06162e-17 -0.866025
      outer loop
         vertex 0.0102 0.0809612 -0.0310961
         vertex 0.0102 0.0872612 -0.0310961
         vertex 0.0103756 0.0872612 -0.0309821
      endloop
   endfacet
   facet normal 0.587785 3.59915e-17 -0.809017
      outer loop
         vertex 0.0103756 0.0809612 -0.0309821
         vertex 0.0103756 0.0872612 -0.0309821
         vertex 0.0105383 0.0872612 -0.0308503
      endloop
   endfacet
   facet normal 0.669131 4.09724e-17 -0.743145
      outer loop
         vertex 0.0105383 0.0809612 -0.0308503
         vertex 0.0105383 0.0872612 -0.0308503
         vertex 0.0106863 0.0872612 -0.0307023
      endloop
   endfacet
   facet normal 0.743145 4.55045e-17 -0.669131
      outer loop
         vertex 0.0106863 0.0809612 -0.0307023
         vertex 0.0106863 0.0872612 -0.0307023
         vertex 0.010818 0.0872612 -0.0305396
      endloop
   endfacet
   facet normal 0.809017 4.9538e-17 -0.587785
      outer loop
         vertex 0.010818 0.0809612 -0.0305396
         vertex 0.010818 0.0872612 -0.0305396
         vertex 0.0109321 0.0872612 -0.030364
      endloop
   endfacet
   facet normal 0.866025 5.30288e-17 -0.5
      outer loop
         vertex 0.0109321 0.0809612 -0.030364
         vertex 0.0109321 0.0872612 -0.030364
         vertex 0.0110271 0.0872612 -0.0301775
      endloop
   endfacet
   facet normal 0.913545 5.59385e-17 -0.406737
      outer loop
         vertex 0.0110271 0.0809612 -0.0301775
         vertex 0.0110271 0.0872612 -0.0301775
         vertex 0.0111021 0.0872612 -0.0299821
      endloop
   endfacet
   facet normal 0.951057 5.82354e-17 -0.309017
      outer loop
         vertex 0.0111021 0.0809612 -0.0299821
         vertex 0.0111021 0.0872612 -0.0299821
         vertex 0.0111563 0.0872612 -0.0297798
      endloop
   endfacet
   facet normal 0.978148 5.98943e-17 -0.207912
      outer loop
         vertex 0.0111563 0.0809612 -0.0297798
         vertex 0.0111563 0.0872612 -0.0297798
         vertex 0.011189 0.0872612 -0.0295731
      endloop
   endfacet
   facet normal 0.994522 6.08969e-17 -0.104528
      outer loop
         vertex 0.011189 0.0809612 -0.0295731
         vertex 0.011189 0.0872612 -0.0295731
         vertex 0.0112 0.0872612 -0.029364
      endloop
   endfacet
   facet normal 1 6.12323e-17 2.43637e-14
      outer loop
         vertex 0.0112 0.0872612 -0.029364
         vertex 0.0112 0.0809612 -0.029364
         vertex 0.011189 0.0809612 -0.0295731
      endloop
   endfacet
   facet normal 0.994522 6.08969e-17 -0.104528
      outer loop
         vertex 0.011189 0.0872612 -0.0295731
         vertex 0.011189 0.0809612 -0.0295731
         vertex 0.0111563 0.0809612 -0.0297798
      endloop
   endfacet
   facet normal 0.978148 5.98943e-17 -0.207912
      outer loop
         vertex 0.0111563 0.0872612 -0.0297798
         vertex 0.0111563 0.0809612 -0.0297798
         vertex 0.0111021 0.0809612 -0.0299821
      endloop
   endfacet
   facet normal 0.951057 5.82354e-17 -0.309017
      outer loop
         vertex 0.0111021 0.0872612 -0.0299821
         vertex 0.0111021 0.0809612 -0.0299821
         vertex 0.0110271 0.0809612 -0.0301775
      endloop
   endfacet
   facet normal 0.913545 5.59385e-17 -0.406737
      outer loop
         vertex 0.0110271 0.0872612 -0.0301775
         vertex 0.0110271 0.0809612 -0.0301775
         vertex 0.0109321 0.0809612 -0.030364
      endloop
   endfacet
   facet normal 0.866025 5.30288e-17 -0.5
      outer loop
         vertex 0.0109321 0.0872612 -0.030364
         vertex 0.0109321 0.0809612 -0.030364
         vertex 0.010818 0.0809612 -0.0305396
      endloop
   endfacet
   facet normal 0.809017 4.9538e-17 -0.587785
      outer loop
         vertex 0.010818 0.0872612 -0.0305396
         vertex 0.010818 0.0809612 -0.0305396
         vertex 0.0106863 0.0809612 -0.0307023
      endloop
   endfacet
   facet normal 0.743145 4.55045e-17 -0.669131
      outer loop
         vertex 0.0106863 0.0872612 -0.0307023
         vertex 0.0106863 0.0809612 -0.0307023
         vertex 0.0105383 0.0809612 -0.0308503
      endloop
   endfacet
   facet normal 0.669131 4.09724e-17 -0.743145
      outer loop
         vertex 0.0105383 0.0872612 -0.0308503
         vertex 0.0105383 0.0809612 -0.0308503
         vertex 0.0103756 0.0809612 -0.0309821
      endloop
   endfacet
   facet normal 0.587785 3.59915e-17 -0.809017
      outer loop
         vertex 0.0103756 0.0872612 -0.0309821
         vertex 0.0103756 0.0809612 -0.0309821
         vertex 0.0102 0.0809612 -0.0310961
      endloop
   endfacet
   facet normal 0.5 3.06162e-17 -0.866025
      outer loop
         vertex 0.0102 0.0872612 -0.0310961
         vertex 0.0102 0.0809612 -0.0310961
         vertex 0.0100135 0.0809612 -0.0311911
      endloop
   endfacet
   facet normal 0.406737 2.49054e-17 -0.913545
      outer loop
         vertex 0.0100135 0.0872612 -0.0311911
         vertex 0.0100135 0.0809612 -0.0311911
         vertex 0.00981803 0.0809612 -0.0312661
      endloop
   endfacet
   facet normal 0.309017 1.89218e-17 -0.951057
      outer loop
         vertex 0.00981803 0.0872612 -0.0312661
         vertex 0.00981803 0.0809612 -0.0312661
         vertex 0.00961582 0.0809612 -0.0313203
      endloop
   endfacet
   facet normal 0.207912 1.27309e-17 -0.978148
      outer loop
         vertex 0.00961582 0.0872612 -0.0313203
         vertex 0.00961582 0.0809612 -0.0313203
         vertex 0.00940906 0.0809612 -0.0313531
      endloop
   endfacet
   facet normal 0.104528 6.40052e-18 -0.994522
      outer loop
         vertex 0.00940906 0.0872612 -0.0313531
         vertex 0.00940906 0.0809612 -0.0313531
         vertex 0.0092 0.0809612 -0.031364
      endloop
   endfacet
   facet normal 0 0 -1
      outer loop
         vertex 0.0092 0.0809612 -0.031364
         vertex 0.00765 0.0809612 -0.031364
         vertex 0.00765 0.0872612 -0.031364
      endloop
   endfacet
   facet normal 0 0 -1
      outer loop
         vertex 0.00765 0.0872612 -0.031364
         vertex 0.0092 0.0872612 -0.031364
         vertex 0.0092 0.0809612 -0.031364
      endloop
   endfacet
   facet normal 1 6.12323e-17 2.43637e-14
      outer loop
         vertex 0.00765 0.0872612 -0.031364
         vertex 0.00765 0.0809612 -0.031364
         vertex 0.00765 0.0809612 -0.036714
      endloop
   endfacet
   facet normal 1 6.12323e-17 2.43637e-14
      outer loop
         vertex 0.00765 0.0809612 -0.036714
         vertex 0.00765 0.0872612 -0.036714
         vertex 0.00765 0.0872612 -0.031364
      endloop
   endfacet
   facet normal 0 0 1
      outer loop
         vertex -0.00735 0.0809612 -0.021714
         vertex 0.00765 0.0809612 -0.021714
         vertex 0.00015 0.0872612 -0.021714
      endloop
   endfacet
   facet normal 0 0 1
      outer loop
         vertex 0.00765 0.0809612 -0.021714
         vertex 0.00765 0.0872612 -0.021714
         vertex 0.00015 0.0872612 -0.021714
      endloop
   endfacet
   facet normal 0 0 1
      outer loop
         vertex 0.00015 0.0872612 -0.021714
         vertex -0.00735 0.0872612 -0.021714
         vertex -0.00735 0.0809612 -0.021714
      endloop
   endfacet
   facet normal 0 0 -1
      outer loop
         vertex -0.00735 0.0809612 -0.036714
         vertex -0.00735 0.0872612 -0.036714
         vertex 0.00015 0.0872612 -0.036714
      endloop
   endfacet
   facet normal 0 0 -1
      outer loop
         vertex 0.00015 0.0872612 -0.036714
         vertex 0.00765 0.0809612 -0.036714
         vertex -0.00735 0.0809612 -0.036714
      endloop
   endfacet
   facet normal 0 0 -1
      outer loop
         vertex 0.00015 0.0872612 -0.036714
         vertex 0.00765 0.0872612 -0.036714
         vertex 0.00765 0.0809612 -0.036714
      endloop
   endfacet
   facet normal -1 -6.12323e-17 0
      outer loop
         vertex -0.00735 0.0872612 -0.036714
         vertex -0.00735 0.0809612 -0.036714
         vertex -0.00735 0.0809612 -0.031364
      endloop
   endfacet
   facet normal -1 -6.12323e-17 0
      outer loop
         vertex -0.00735 0.0809612 -0.031364
         vertex -0.00735 0.0872612 -0.031364
         vertex -0.00735 0.0872612 -0.036714
      endloop
   endfacet
   facet normal 0 0 -1
      outer loop
         vertex -0.0089 0.0872612 -0.031364
         vertex -0.00735 0.0872612 -0.031364
         vertex -0.00735 0.0809612 -0.031364
      endloop
   endfacet
   facet normal 0 0 -1
      outer loop
         vertex -0.00735 0.0809612 -0.031364
         vertex -0.0089 0.0809612 -0.031364
         vertex -0.0089 0.0872612 -0.031364
      endloop
   endfacet
   facet normal -1 -6.12323e-17 0
      outer loop
         vertex -0.0109 0.0809612 -0.029364
         vertex -0.0109 0.0872612 -0.029364
         vertex -0.010889 0.0872612 -0.0295731
      endloop
   endfacet
   facet normal -0.994522 -6.08969e-17 -0.104528
      outer loop
         vertex -0.010889 0.0809612 -0.0295731
         vertex -0.010889 0.0872612 -0.0295731
         vertex -0.0108563 0.0872612 -0.0297798
      endloop
   endfacet
   facet normal -0.978148 -5.98943e-17 -0.207912
      outer loop
         vertex -0.0108563 0.0809612 -0.0297798
         vertex -0.0108563 0.0872612 -0.0297798
         vertex -0.0108021 0.0872612 -0.0299821
      endloop
   endfacet
   facet normal -0.951057 -5.82354e-17 -0.309017
      outer loop
         vertex -0.0108021 0.0809612 -0.0299821
         vertex -0.0108021 0.0872612 -0.0299821
         vertex -0.0107271 0.0872612 -0.0301775
      endloop
   endfacet
   facet normal -0.913545 -5.59385e-17 -0.406737
      outer loop
         vertex -0.0107271 0.0809612 -0.0301775
         vertex -0.0107271 0.0872612 -0.0301775
         vertex -0.0106321 0.0872612 -0.030364
      endloop
   endfacet
   facet normal -0.866025 -5.30288e-17 -0.5
      outer loop
         vertex -0.0106321 0.0809612 -0.030364
         vertex -0.0106321 0.0872612 -0.030364
         vertex -0.010518 0.0872612 -0.0305396
      endloop
   endfacet
   facet normal -0.809017 -4.9538e-17 -0.587785
      outer loop
         vertex -0.010518 0.0809612 -0.0305396
         vertex -0.010518 0.0872612 -0.0305396
         vertex -0.0103863 0.0872612 -0.0307023
      endloop
   endfacet
   facet normal -0.743145 -4.55045e-17 -0.669131
      outer loop
         vertex -0.0103863 0.0809612 -0.0307023
         vertex -0.0103863 0.0872612 -0.0307023
         vertex -0.0102383 0.0872612 -0.0308503
      endloop
   endfacet
   facet normal -0.669131 -4.09724e-17 -0.743145
      outer loop
         vertex -0.0102383 0.0809612 -0.0308503
         vertex -0.0102383 0.0872612 -0.0308503
         vertex -0.0100756 0.0872612 -0.0309821
      endloop
   endfacet
   facet normal -0.587785 -3.59915e-17 -0.809017
      outer loop
         vertex -0.0100756 0.0809612 -0.0309821
         vertex -0.0100756 0.0872612 -0.0309821
         vertex -0.0099 0.0872612 -0.0310961
      endloop
   endfacet
   facet normal -0.5 -3.06162e-17 -0.866025
      outer loop
         vertex -0.0099 0.0809612 -0.0310961
         vertex -0.0099 0.0872612 -0.0310961
         vertex -0.00971347 0.0872612 -0.0311911
      endloop
   endfacet
   facet normal -0.406737 -2.49054e-17 -0.913545
      outer loop
         vertex -0.00971347 0.0809612 -0.0311911
         vertex -0.00971347 0.0872612 -0.0311911
         vertex -0.00951803 0.0872612 -0.0312661
      endloop
   endfacet
   facet normal -0.309017 -1.89218e-17 -0.951057
      outer loop
         vertex -0.00951803 0.0809612 -0.0312661
         vertex -0.00951803 0.0872612 -0.0312661
         vertex -0.00931582 0.0872612 -0.0313203
      endloop
   endfacet
   facet normal -0.207912 -1.27309e-17 -0.978148
      outer loop
         vertex -0.00931582 0.0809612 -0.0313203
         vertex -0.00931582 0.0872612 -0.0313203
         vertex -0.00910906 0.0872612 -0.0313531
      endloop
   endfacet
   facet normal -0.104528 -6.40052e-18 -0.994522
      outer loop
         vertex -0.00910906 0.0809612 -0.0313531
         vertex -0.00910906 0.0872612 -0.0313531
         vertex -0.0089 0.0872612 -0.031364
      endloop
   endfacet
   facet normal -2.44929e-16 -1.49976e-32 -1
      outer loop
         vertex -0.0089 0.0872612 -0.031364
         vertex -0.0089 0.0809612 -0.031364
         vertex -0.00910906 0.0809612 -0.0313531
      endloop
   endfacet
   facet normal -0.104528 -6.40052e-18 -0.994522
      outer loop
         vertex -0.00910906 0.0872612 -0.0313531
         vertex -0.00910906 0.0809612 -0.0313531
         vertex -0.00931582 0.0809612 -0.0313203
      endloop
   endfacet
   facet normal -0.207912 -1.27309e-17 -0.978148
      outer loop
         vertex -0.00931582 0.0872612 -0.0313203
         vertex -0.00931582 0.0809612 -0.0313203
         vertex -0.00951803 0.0809612 -0.0312661
      endloop
   endfacet
   facet normal -0.309017 -1.89218e-17 -0.951057
      outer loop
         vertex -0.00951803 0.0872612 -0.0312661
         vertex -0.00951803 0.0809612 -0.0312661
         vertex -0.00971347 0.0809612 -0.0311911
      endloop
   endfacet
   facet normal -0.406737 -2.49054e-17 -0.913545
      outer loop
         vertex -0.00971347 0.0872612 -0.0311911
         vertex -0.00971347 0.0809612 -0.0311911
         vertex -0.0099 0.0809612 -0.0310961
      endloop
   endfacet
   facet normal -0.5 -3.06162e-17 -0.866025
      outer loop
         vertex -0.0099 0.0872612 -0.0310961
         vertex -0.0099 0.0809612 -0.0310961
         vertex -0.0100756 0.0809612 -0.0309821
      endloop
   endfacet
   facet normal -0.587785 -3.59915e-17 -0.809017
      outer loop
         vertex -0.0100756 0.0872612 -0.0309821
         vertex -0.0100756 0.0809612 -0.0309821
         vertex -0.0102383 0.0809612 -0.0308503
      endloop
   endfacet
   facet normal -0.669131 -4.09724e-17 -0.743145
      outer loop
         vertex -0.0102383 0.0872612 -0.0308503
         vertex -0.0102383 0.0809612 -0.0308503
         vertex -0.0103863 0.0809612 -0.0307023
      endloop
   endfacet
   facet normal -0.743145 -4.55045e-17 -0.669131
      outer loop
         vertex -0.0103863 0.0872612 -0.0307023
         vertex -0.0103863 0.0809612 -0.0307023
         vertex -0.010518 0.0809612 -0.0305396
      endloop
   endfacet
   facet normal -0.809017 -4.9538e-17 -0.587785
      outer loop
         vertex -0.010518 0.0872612 -0.0305396
         vertex -0.010518 0.0809612 -0.0305396
         vertex -0.0106321 0.0809612 -0.030364
      endloop
   endfacet
   facet normal -0.866025 -5.30288e-17 -0.5
      outer loop
         vertex -0.0106321 0.0872612 -0.030364
         vertex -0.0106321 0.0809612 -0.030364
         vertex -0.0107271 0.0809612 -0.0301775
      endloop
   endfacet
   facet normal -0.913545 -5.59385e-17 -0.406737
      outer loop
         vertex -0.0107271 0.0872612 -0.0301775
         vertex -0.0107271 0.0809612 -0.0301775
         vertex -0.0108021 0.0809612 -0.0299821
      endloop
   endfacet
   facet normal -0.951057 -5.82354e-17 -0.309017
      outer loop
         vertex -0.0108021 0.0872612 -0.0299821
         vertex -0.0108021 0.0809612 -0.0299821
         vertex -0.0108563 0.0809612 -0.0297798
      endloop
   endfacet
   facet normal -0.978148 -5.98943e-17 -0.207912
      outer loop
         vertex -0.0108563 0.0872612 -0.0297798
         vertex -0.0108563 0.0809612 -0.0297798
         vertex -0.010889 0.0809612 -0.0295731
      endloop
   endfacet
   facet normal -0.994522 -6.08969e-17 -0.104528
      outer loop
         vertex -0.010889 0.0872612 -0.0295731
         vertex -0.010889 0.0809612 -0.0295731
         vertex -0.0109 0.0809612 -0.029364
      endloop
   endfacet
   facet normal -1 -6.12323e-17 0
      outer loop
         vertex -0.0109 0.0872612 -0.029364
         vertex -0.0109 0.0809612 -0.029364
         vertex -0.0109 0.0809612 -0.029064
      endloop
   endfacet
   facet normal -1 -6.12323e-17 0
      outer loop
         vertex -0.0109 0.0809612 -0.029064
         vertex -0.0109 0.0872612 -0.029064
         vertex -0.0109 0.0872612 -0.029364
      endloop
   endfacet
   facet normal -6.12323e-17 1 0
      outer loop
         vertex -0.007339 0.0872612 -0.0296201
         vertex -0.0107271 0.0872612 -0.0301775
         vertex -0.0108021 0.0872612 -0.0299821
      endloop
   endfacet
   facet normal -6.12323e-17 1 0
      outer loop
         vertex -0.007339 0.0872612 -0.0296201
         vertex -0.0102383 0.0872612 -0.0308503
         vertex -0.0103863 0.0872612 -0.0307023
      endloop
   endfacet
   facet normal -6.12323e-17 1 0
      outer loop
         vertex -0.007339 0.0872612 -0.0296201
         vertex -0.0106321 0.0872612 -0.030364
         vertex -0.0107271 0.0872612 -0.0301775
      endloop
   endfacet
   facet normal -6.12323e-17 1 0
      outer loop
         vertex -0.0103863 0.0872612 -0.0307023
         vertex -0.010518 0.0872612 -0.0305396
         vertex -0.007339 0.0872612 -0.0296201
      endloop
   endfacet
   facet normal -6.12323e-17 1 0
      outer loop
         vertex -0.010518 0.0872612 -0.0305396
         vertex -0.0106321 0.0872612 -0.030364
         vertex -0.007339 0.0872612 -0.0296201
      endloop
   endfacet
   facet normal -6.12323e-17 1 0
      outer loop
         vertex -0.007339 0.0872612 -0.0296201
         vertex -0.0099 0.0872612 -0.0310961
         vertex -0.0100756 0.0872612 -0.0309821
      endloop
   endfacet
   facet normal -6.12323e-17 1 0
      outer loop
         vertex -0.0100756 0.0872612 -0.0309821
         vertex -0.0102383 0.0872612 -0.0308503
         vertex -0.007339 0.0872612 -0.0296201
      endloop
   endfacet
   facet normal -6.12323e-17 1 0
      outer loop
         vertex -0.007339 0.0872612 -0.0296201
         vertex -0.00931582 0.0872612 -0.0313203
         vertex -0.00951803 0.0872612 -0.0312661
      endloop
   endfacet
   facet normal -6.12323e-17 1 0
      outer loop
         vertex -0.0108021 0.0872612 -0.0299821
         vertex -0.0108563 0.0872612 -0.0297798
         vertex -0.007339 0.0872612 -0.0296201
      endloop
   endfacet
   facet normal -6.12323e-17 1 0
      outer loop
         vertex -0.00951803 0.0872612 -0.0312661
         vertex -0.00971347 0.0872612 -0.0311911
         vertex -0.007339 0.0872612 -0.0296201
      endloop
   endfacet
   facet normal -6.12323e-17 1 0
      outer loop
         vertex -0.007339 0.0872612 -0.028808
         vertex -0.0107271 0.0872612 -0.0282505
         vertex -0.0106321 0.0872612 -0.028064
      endloop
   endfacet
   facet normal -6.12323e-17 1 0
      outer loop
         vertex -0.00971347 0.0872612 -0.0311911
         vertex -0.0099 0.0872612 -0.0310961
         vertex -0.007339 0.0872612 -0.0296201
      endloop
   endfacet
   facet normal -6.12323e-17 1 0
      outer loop
         vertex -0.007339 0.0872612 -0.0296201
         vertex -0.0089 0.0872612 -0.031364
         vertex -0.00910906 0.0872612 -0.0313531
      endloop
   endfacet
   facet normal -6.12323e-17 1 0
      outer loop
         vertex -0.007339 0.0872612 -0.0296201
         vertex -0.0109 0.0872612 -0.029364
         vertex -0.0109 0.0872612 -0.029064
      endloop
   endfacet
   facet normal -6.12323e-17 1 0
      outer loop
         vertex -0.007339 0.0872612 -0.028808
         vertex -0.0103863 0.0872612 -0.0277258
         vertex -0.0102383 0.0872612 -0.0275777
      endloop
   endfacet
   facet normal -6.12323e-17 1 0
      outer loop
         vertex -0.0106321 0.0872612 -0.028064
         vertex -0.010518 0.0872612 -0.0278885
         vertex -0.007339 0.0872612 -0.028808
      endloop
   endfacet
   facet normal -6.12323e-17 1 0
      outer loop
         vertex -0.0072512 0.0872612 -0.0280007
         vertex -0.00931582 0.0872612 -0.0271077
         vertex -0.00910906 0.0872612 -0.027075
      endloop
   endfacet
   facet normal -6.12323e-17 1 0
      outer loop
         vertex -0.00735 0.0872612 -0.021714
         vertex -0.00146228 0.0872612 -0.0218894
         vertex -0.00224476 0.0872612 -0.0221066
      endloop
   endfacet
   facet normal -6.12323e-17 1 0
      outer loop
         vertex -0.00735 0.0872612 -0.021714
         vertex 0.00015 0.0872612 -0.021714
         vertex -0.000660893 0.0872612 -0.021758
      endloop
   endfacet
   facet normal -6.12323e-17 1 0
      outer loop
         vertex -0.00910906 0.0872612 -0.0313531
         vertex -0.00931582 0.0872612 -0.0313203
         vertex -0.007339 0.0872612 -0.0296201
      endloop
   endfacet
   facet normal -6.12323e-17 1 0
      outer loop
         vertex -0.007339 0.0872612 -0.028808
         vertex -0.0109 0.0872612 -0.029064
         vertex -0.010889 0.0872612 -0.028855
      endloop
   endfacet
   facet normal -6.12323e-17 1 0
      outer loop
         vertex -0.007339 0.0872612 -0.0296201
         vertex -0.010889 0.0872612 -0.0295731
         vertex -0.0109 0.0872612 -0.029364
      endloop
   endfacet
   facet normal -6.12323e-17 1 0
      outer loop
         vertex -0.010518 0.0872612 -0.0278885
         vertex -0.0103863 0.0872612 -0.0277258
         vertex -0.007339 0.0872612 -0.028808
      endloop
   endfacet
   facet normal -6.12323e-17 1 0
      outer loop
         vertex -0.0072512 0.0872612 -0.0280007
         vertex -0.00951803 0.0872612 -0.0271619
         vertex -0.00931582 0.0872612 -0.0271077
      endloop
   endfacet
   facet normal -6.12323e-17 1 0
      outer loop
         vertex -0.0072512 0.0872612 -0.0280007
         vertex -0.0099 0.0872612 -0.027332
         vertex -0.00971347 0.0872612 -0.0272369
      endloop
   endfacet
   facet normal -6.12323e-17 1 0
      outer loop
         vertex -0.00735 0.0872612 -0.036714
         vertex -0.00299917 0.0872612 -0.0360208
         vertex -0.00224476 0.0872612 -0.0363214
      endloop
   endfacet
   facet normal -6.12323e-17 1 0
      outer loop
         vertex -0.00735 0.0872612 -0.031364
         vertex -0.00707662 0.0872612 -0.0312205
         vertex -0.00681733 0.0872612 -0.0319901
      endloop
   endfacet
   facet normal -6.12323e-17 1 0
      outer loop
         vertex -0.00735 0.0872612 -0.021714
         vertex -0.00556622 0.0872612 -0.0243586
         vertex -0.00605767 0.0872612 -0.0250051
      endloop
   endfacet
   facet normal -6.12323e-17 1 0
      outer loop
         vertex -0.00735 0.0872612 -0.021714
         vertex -0.00438881 0.0872612 -0.0232433
         vertex -0.00500775 0.0872612 -0.0237691
      endloop
   endfacet
   facet normal -6.12323e-17 1 0
      outer loop
         vertex -0.00735 0.0872612 -0.021714
         vertex -0.00299917 0.0872612 -0.0224072
         vertex -0.00371665 0.0872612 -0.0227876
      endloop
   endfacet
   facet normal -6.12323e-17 1 0
      outer loop
         vertex -0.000660893 0.0872612 -0.021758
         vertex -0.00146228 0.0872612 -0.0218894
         vertex -0.00735 0.0872612 -0.021714
      endloop
   endfacet
   facet normal -6.12323e-17 1 0
      outer loop
         vertex -0.007339 0.0872612 -0.0296201
         vertex -0.00735 0.0872612 -0.031364
         vertex -0.0089 0.0872612 -0.031364
      endloop
   endfacet
   facet normal -6.12323e-17 1 0
      outer loop
         vertex -0.0109 0.0872612 -0.029064
         vertex -0.007339 0.0872612 -0.028808
         vertex -0.007339 0.0872612 -0.0296201
      endloop
   endfacet
   facet normal -6.12323e-17 1 0
      outer loop
         vertex -0.007339 0.0872612 -0.028808
         vertex -0.0108021 0.0872612 -0.028446
         vertex -0.0107271 0.0872612 -0.0282505
      endloop
   endfacet
   facet normal -6.12323e-17 1 0
      outer loop
         vertex -0.00971347 0.0872612 -0.0272369
         vertex -0.00951803 0.0872612 -0.0271619
         vertex -0.0072512 0.0872612 -0.0280007
      endloop
   endfacet
   facet normal -6.12323e-17 1 0
      outer loop
         vertex -0.0072512 0.0872612 -0.0280007
         vertex -0.0102383 0.0872612 -0.0275777
         vertex -0.0100756 0.0872612 -0.027446
      endloop
   endfacet
   facet normal -6.12323e-17 1 0
      outer loop
         vertex -0.00224476 0.0872612 -0.0363214
         vertex -0.00146228 0.0872612 -0.0365387
         vertex -0.00735 0.0872612 -0.036714
      endloop
   endfacet
   facet normal -6.12323e-17 1 0
      outer loop
         vertex -0.00735 0.0872612 -0.036714
         vertex -0.00438881 0.0872612 -0.0351847
         vertex -0.00371665 0.0872612 -0.0356404
      endloop
   endfacet
   facet normal -6.12323e-17 1 0
      outer loop
         vertex -0.00735 0.0872612 -0.036714
         vertex -0.00647634 0.0872612 -0.0327271
         vertex -0.00605767 0.0872612 -0.0334229
      endloop
   endfacet
   facet normal -6.12323e-17 1 0
      outer loop
         vertex -0.00735 0.0872612 -0.031364
         vertex -0.0072512 0.0872612 -0.0304274
         vertex -0.00707662 0.0872612 -0.0312205
      endloop
   endfacet
   facet normal -6.12323e-17 1 0
      outer loop
         vertex -0.00735 0.0872612 -0.027064
         vertex -0.00735 0.0872612 -0.021714
         vertex -0.00681733 0.0872612 -0.026438
      endloop
   endfacet
   facet normal -6.12323e-17 1 0
      outer loop
         vertex -0.00500775 0.0872612 -0.0237691
         vertex -0.00556622 0.0872612 -0.0243586
         vertex -0.00735 0.0872612 -0.021714
      endloop
   endfacet
   facet normal -6.12323e-17 1 0
      outer loop
         vertex -0.00224476 0.0872612 -0.0221066
         vertex -0.00299917 0.0872612 -0.0224072
         vertex -0.00735 0.0872612 -0.021714
      endloop
   endfacet
   facet normal -6.12323e-17 1 0
      outer loop
         vertex -0.010889 0.0872612 -0.028855
         vertex -0.0108563 0.0872612 -0.0286482
         vertex -0.007339 0.0872612 -0.028808
      endloop
   endfacet
   facet normal -6.12323e-17 1 0
      outer loop
         vertex -0.007339 0.0872612 -0.028808
         vertex -0.0108563 0.0872612 -0.0286482
         vertex -0.0108021 0.0872612 -0.028446
      endloop
   endfacet
   facet normal -6.12323e-17 1 0
      outer loop
         vertex -0.0072512 0.0872612 -0.0280007
         vertex -0.0089 0.0872612 -0.027064
         vertex -0.00735 0.0872612 -0.027064
      endloop
   endfacet
   facet normal -6.12323e-17 1 0
      outer loop
         vertex -0.0100756 0.0872612 -0.027446
         vertex -0.0099 0.0872612 -0.027332
         vertex -0.0072512 0.0872612 -0.0280007
      endloop
   endfacet
   facet normal -6.12323e-17 1 0
      outer loop
         vertex -0.00371665 0.0872612 -0.0356404
         vertex -0.00299917 0.0872612 -0.0360208
         vertex -0.00735 0.0872612 -0.036714
      endloop
   endfacet
   facet normal -6.12323e-17 1 0
      outer loop
         vertex -0.00735 0.0872612 -0.036714
         vertex -0.00556622 0.0872612 -0.0340694
         vertex -0.00500775 0.0872612 -0.034659
      endloop
   endfacet
   facet normal -6.12323e-17 1 0
      outer loop
         vertex -0.00735 0.0872612 -0.036714
         vertex -0.00681733 0.0872612 -0.0319901
         vertex -0.00647634 0.0872612 -0.0327271
      endloop
   endfacet
   facet normal -6.12323e-17 1 0
      outer loop
         vertex -0.00735 0.0872612 -0.031364
         vertex -0.007339 0.0872612 -0.0296201
         vertex -0.0072512 0.0872612 -0.0304274
      endloop
   endfacet
   facet normal -6.12323e-17 1 0
      outer loop
         vertex -0.00735 0.0872612 -0.021714
         vertex -0.00647634 0.0872612 -0.025701
         vertex -0.00681733 0.0872612 -0.026438
      endloop
   endfacet
   facet normal -6.12323e-17 1 0
      outer loop
         vertex -0.00371665 0.0872612 -0.0227876
         vertex -0.00438881 0.0872612 -0.0232433
         vertex -0.00735 0.0872612 -0.021714
      endloop
   endfacet
   facet normal -6.12323e-17 1 0
      outer loop
         vertex -0.0102383 0.0872612 -0.0275777
         vertex -0.0072512 0.0872612 -0.0280007
         vertex -0.007339 0.0872612 -0.028808
      endloop
   endfacet
   facet normal -6.12323e-17 1 0
      outer loop
         vertex -0.00910906 0.0872612 -0.027075
         vertex -0.0089 0.0872612 -0.027064
         vertex -0.0072512 0.0872612 -0.0280007
      endloop
   endfacet
   facet normal -6.12323e-17 1 0
      outer loop
         vertex -0.00500775 0.0872612 -0.034659
         vertex -0.00438881 0.0872612 -0.0351847
         vertex -0.00735 0.0872612 -0.036714
      endloop
   endfacet
   facet normal -6.12323e-17 1 0
      outer loop
         vertex -0.00681733 0.0872612 -0.0319901
         vertex -0.00735 0.0872612 -0.036714
         vertex -0.00735 0.0872612 -0.031364
      endloop
   endfacet
   facet normal -6.12323e-17 1 0
      outer loop
         vertex -0.00605767 0.0872612 -0.0250051
         vertex -0.00647634 0.0872612 -0.025701
         vertex -0.00735 0.0872612 -0.021714
      endloop
   endfacet
   facet normal -6.12323e-17 1 0
      outer loop
         vertex -0.00735 0.0872612 -0.027064
         vertex -0.00707662 0.0872612 -0.0272076
         vertex -0.0072512 0.0872612 -0.0280007
      endloop
   endfacet
   facet normal -6.12323e-17 1 0
      outer loop
         vertex -0.00605767 0.0872612 -0.0334229
         vertex -0.00556622 0.0872612 -0.0340694
         vertex -0.00735 0.0872612 -0.036714
      endloop
   endfacet
   facet normal -6.12323e-17 1 0
      outer loop
         vertex -0.0108563 0.0872612 -0.0297798
         vertex -0.010889 0.0872612 -0.0295731
         vertex -0.007339 0.0872612 -0.0296201
      endloop
   endfacet
   facet normal -6.12323e-17 1 0
      outer loop
         vertex -0.00146228 0.0872612 -0.0365387
         vertex -0.000660893 0.0872612 -0.0366701
         vertex -0.00735 0.0872612 -0.036714
      endloop
   endfacet
   facet normal -6.12323e-17 1 0
      outer loop
         vertex -0.000660893 0.0872612 -0.0366701
         vertex 0.00015 0.0872612 -0.036714
         vertex -0.00735 0.0872612 -0.036714
      endloop
   endfacet
   facet normal -6.12323e-17 1 0
      outer loop
         vertex -0.00681733 0.0872612 -0.026438
         vertex -0.00707662 0.0872612 -0.0272076
         vertex -0.00735 0.0872612 -0.027064
      endloop
   endfacet
   facet normal 1.22465e-16 7.4988e-33 1
      outer loop
         vertex -0.0089 0.0809612 -0.027064
         vertex -0.0089 0.0872612 -0.027064
         vertex -0.00910906 0.0872612 -0.027075
      endloop
   endfacet
   facet normal -0.104528 -6.40052e-18 0.994522
      outer loop
         vertex -0.00910906 0.0809612 -0.027075
         vertex -0.00910906 0.0872612 -0.027075
         vertex -0.00931582 0.0872612 -0.0271077
      endloop
   endfacet
   facet normal -0.207912 -1.27309e-17 0.978148
      outer loop
         vertex -0.00931582 0.0809612 -0.0271077
         vertex -0.00931582 0.0872612 -0.0271077
         vertex -0.00951803 0.0872612 -0.0271619
      endloop
   endfacet
   facet normal -0.309017 -1.89218e-17 0.951057
      outer loop
         vertex -0.00951803 0.0809612 -0.0271619
         vertex -0.00951803 0.0872612 -0.0271619
         vertex -0.00971347 0.0872612 -0.0272369
      endloop
   endfacet
   facet normal -0.406737 -2.49054e-17 0.913545
      outer loop
         vertex -0.00971347 0.0809612 -0.0272369
         vertex -0.00971347 0.0872612 -0.0272369
         vertex -0.0099 0.0872612 -0.027332
      endloop
   endfacet
   facet normal -0.5 -3.06162e-17 0.866025
      outer loop
         vertex -0.0099 0.0809612 -0.027332
         vertex -0.0099 0.0872612 -0.027332
         vertex -0.0100756 0.0872612 -0.027446
      endloop
   endfacet
   facet normal -0.587785 -3.59915e-17 0.809017
      outer loop
         vertex -0.0100756 0.0809612 -0.027446
         vertex -0.0100756 0.0872612 -0.027446
         vertex -0.0102383 0.0872612 -0.0275777
      endloop
   endfacet
   facet normal -0.669131 -4.09724e-17 0.743145
      outer loop
         vertex -0.0102383 0.0809612 -0.0275777
         vertex -0.0102383 0.0872612 -0.0275777
         vertex -0.0103863 0.0872612 -0.0277258
      endloop
   endfacet
   facet normal -0.743145 -4.55045e-17 0.669131
      outer loop
         vertex -0.0103863 0.0809612 -0.0277258
         vertex -0.0103863 0.0872612 -0.0277258
         vertex -0.010518 0.0872612 -0.0278885
      endloop
   endfacet
   facet normal -0.809017 -4.9538e-17 0.587785
      outer loop
         vertex -0.010518 0.0809612 -0.0278885
         vertex -0.010518 0.0872612 -0.0278885
         vertex -0.0106321 0.0872612 -0.028064
      endloop
   endfacet
   facet normal -0.866025 -5.30288e-17 0.5
      outer loop
         vertex -0.0106321 0.0809612 -0.028064
         vertex -0.0106321 0.0872612 -0.028064
         vertex -0.0107271 0.0872612 -0.0282505
      endloop
   endfacet
   facet normal -0.913545 -5.59385e-17 0.406737
      outer loop
         vertex -0.0107271 0.0809612 -0.0282505
         vertex -0.0107271 0.0872612 -0.0282505
         vertex -0.0108021 0.0872612 -0.028446
      endloop
   endfacet
   facet normal -0.951057 -5.82354e-17 0.309017
      outer loop
         vertex -0.0108021 0.0809612 -0.028446
         vertex -0.0108021 0.0872612 -0.028446
         vertex -0.0108563 0.0872612 -0.0286482
      endloop
   endfacet
   facet normal -0.978148 -5.98943e-17 0.207912
      outer loop
         vertex -0.0108563 0.0809612 -0.0286482
         vertex -0.0108563 0.0872612 -0.0286482
         vertex -0.010889 0.0872612 -0.028855
      endloop
   endfacet
   facet normal -0.994522 -6.08969e-17 0.104528
      outer loop
         vertex -0.010889 0.0809612 -0.028855
         vertex -0.010889 0.0872612 -0.028855
         vertex -0.0109 0.0872612 -0.029064
      endloop
   endfacet
   facet normal -1 -6.12323e-17 -2.55735e-14
      outer loop
         vertex -0.0109 0.0872612 -0.029064
         vertex -0.0109 0.0809612 -0.029064
         vertex -0.010889 0.0809612 -0.028855
      endloop
   endfacet
   facet normal -0.994522 -6.08969e-17 0.104528
      outer loop
         vertex -0.010889 0.0872612 -0.028855
         vertex -0.010889 0.0809612 -0.028855
         vertex -0.0108563 0.0809612 -0.0286482
      endloop
   endfacet
   facet normal -0.978148 -5.98943e-17 0.207912
      outer loop
         vertex -0.0108563 0.0872612 -0.0286482
         vertex -0.0108563 0.0809612 -0.0286482
         vertex -0.0108021 0.0809612 -0.028446
      endloop
   endfacet
   facet normal -0.951057 -5.82354e-17 0.309017
      outer loop
         vertex -0.0108021 0.0872612 -0.028446
         vertex -0.0108021 0.0809612 -0.028446
         vertex -0.0107271 0.0809612 -0.0282505
      endloop
   endfacet
   facet normal -0.913545 -5.59385e-17 0.406737
      outer loop
         vertex -0.0107271 0.0872612 -0.0282505
         vertex -0.0107271 0.0809612 -0.0282505
         vertex -0.0106321 0.0809612 -0.028064
      endloop
   endfacet
   facet normal -0.866025 -5.30288e-17 0.5
      outer loop
         vertex -0.0106321 0.0872612 -0.028064
         vertex -0.0106321 0.0809612 -0.028064
         vertex -0.010518 0.0809612 -0.0278885
      endloop
   endfacet
   facet normal -0.809017 -4.9538e-17 0.587785
      outer loop
         vertex -0.010518 0.0872612 -0.0278885
         vertex -0.010518 0.0809612 -0.0278885
         vertex -0.0103863 0.0809612 -0.0277258
      endloop
   endfacet
   facet normal -0.743145 -4.55045e-17 0.669131
      outer loop
         vertex -0.0103863 0.0872612 -0.0277258
         vertex -0.0103863 0.0809612 -0.0277258
         vertex -0.0102383 0.0809612 -0.0275777
      endloop
   endfacet
   facet normal -0.669131 -4.09724e-17 0.743145
      outer loop
         vertex -0.0102383 0.0872612 -0.0275777
         vertex -0.0102383 0.0809612 -0.0275777
         vertex -0.0100756 0.0809612 -0.027446
      endloop
   endfacet
   facet normal -0.587785 -3.59915e-17 0.809017
      outer loop
         vertex -0.0100756 0.0872612 -0.027446
         vertex -0.0100756 0.0809612 -0.027446
         vertex -0.0099 0.0809612 -0.027332
      endloop
   endfacet
   facet normal -0.5 -3.06162e-17 0.866025
      outer loop
         vertex -0.0099 0.0872612 -0.027332
         vertex -0.0099 0.0809612 -0.027332
         vertex -0.00971347 0.0809612 -0.0272369
      endloop
   endfacet
   facet normal -0.406737 -2.49054e-17 0.913545
      outer loop
         vertex -0.00971347 0.0872612 -0.0272369
         vertex -0.00971347 0.0809612 -0.0272369
         vertex -0.00951803 0.0809612 -0.0271619
      endloop
   endfacet
   facet normal -0.309017 -1.89218e-17 0.951057
      outer loop
         vertex -0.00951803 0.0872612 -0.0271619
         vertex -0.00951803 0.0809612 -0.0271619
         vertex -0.00931582 0.0809612 -0.0271077
      endloop
   endfacet
   facet normal -0.207912 -1.27309e-17 0.978148
      outer loop
         vertex -0.00931582 0.0872612 -0.0271077
         vertex -0.00931582 0.0809612 -0.0271077
         vertex -0.00910906 0.0809612 -0.027075
      endloop
   endfacet
   facet normal -0.104528 -6.40052e-18 0.994522
      outer loop
         vertex -0.00910906 0.0872612 -0.027075
         vertex -0.00910906 0.0809612 -0.027075
         vertex -0.0089 0.0809612 -0.027064
      endloop
   endfacet
   facet normal 0 0 1
      outer loop
         vertex -0.0089 0.0872612 -0.027064
         vertex -0.0089 0.0809612 -0.027064
         vertex -0.00735 0.0809612 -0.027064
      endloop
   endfacet
   facet normal 0 0 1
      outer loop
         vertex -0.00735 0.0809612 -0.027064
         vertex -0.00735 0.0872612 -0.027064
         vertex -0.0089 0.0872612 -0.027064
      endloop
   endfacet
   facet normal -1 -6.12323e-17 -2.55735e-14
      outer loop
         vertex -0.00735 0.0872612 -0.027064
         vertex -0.00735 0.0809612 -0.027064
         vertex -0.00735 0.0809612 -0.021714
      endloop
   endfacet
   facet normal -1 -6.12323e-17 -2.55735e-14
      outer loop
         vertex -0.00735 0.0809612 -0.021714
         vertex -0.00735 0.0872612 -0.021714
         vertex -0.00735 0.0872612 -0.027064
      endloop
   endfacet
   facet normal -6.12323e-17 1 0
      outer loop
         vertex -0.0116 0.0809612 -0.010164
         vertex -0.0123022 0.0809612 -0.0153689
         vertex -0.0123022 0.0809612 -0.0152092
      endloop
   endfacet
   facet normal -6.12323e-17 1 0
      outer loop
         vertex -0.0116 0.0809612 -0.039189
         vertex -0.0123538 0.0809612 -0.0156836
         vertex -0.0123194 0.0809612 -0.0155276
      endloop
   endfacet
   facet normal -6.12323e-17 1 0
      outer loop
         vertex -0.0116 0.0809612 -0.039189
         vertex -0.013304 0.0809612 -0.0166868
         vertex -0.0131557 0.0809612 -0.0166277
      endloop
   endfacet
   facet normal -6.12323e-17 1 0
      outer loop
         vertex -0.0116 0.0809612 -0.039189
         vertex -0.0136155 0.0809612 -0.0167554
         vertex -0.0134579 0.0809612 -0.0167295
      endloop
   endfacet
   facet normal -6.12323e-17 1 0
      outer loop
         vertex -0.0189 0.0809612 -0.039189
         vertex -0.0145354 0.0809612 -0.0165529
         vertex -0.0143943 0.0809612 -0.0166277
      endloop
   endfacet
   facet normal -6.12323e-17 1 0
      outer loop
         vertex -0.0116 0.0809612 -0.010164
         vertex -0.0130146 0.0809612 -0.0140252
         vertex -0.0131557 0.0809612 -0.0139503
      endloop
   endfacet
   facet normal -6.12323e-17 1 0
      outer loop
         vertex -0.0116 0.0809612 -0.010164
         vertex -0.0123194 0.0809612 -0.0155276
         vertex -0.0123022 0.0809612 -0.0153689
      endloop
   endfacet
   facet normal -6.12323e-17 1 0
      outer loop
         vertex -0.0116 0.0809612 -0.039189
         vertex -0.0124048 0.0809612 -0.015835
         vertex -0.0123538 0.0809612 -0.0156836
      endloop
   endfacet
   facet normal -6.12323e-17 1 0
      outer loop
         vertex -0.0134579 0.0809612 -0.0167295
         vertex -0.013304 0.0809612 -0.0166868
         vertex -0.0116 0.0809612 -0.039189
      endloop
   endfacet
   facet normal -6.12323e-17 1 0
      outer loop
         vertex -0.0116 0.0809612 -0.039189
         vertex -0.0189 0.0809612 -0.039189
         vertex -0.0139345 0.0809612 -0.0167554
      endloop
   endfacet
   facet normal -6.12323e-17 1 0
      outer loop
         vertex -0.0143943 0.0809612 -0.0166277
         vertex -0.014246 0.0809612 -0.0166868
         vertex -0.0189 0.0809612 -0.039189
      endloop
   endfacet
   facet normal -6.12323e-17 1 0
      outer loop
         vertex -0.0116 0.0809612 -0.010164
         vertex -0.0128824 0.0809612 -0.0141148
         vertex -0.0130146 0.0809612 -0.0140252
      endloop
   endfacet
   facet normal -6.12323e-17 1 0
      outer loop
         vertex -0.0116 0.0809612 -0.010164
         vertex -0.0124718 0.0809612 -0.0145981
         vertex -0.0125542 0.0809612 -0.0144613
      endloop
   endfacet
   facet normal -6.12323e-17 1 0
      outer loop
         vertex -0.0116 0.0809612 -0.010164
         vertex -0.0123194 0.0809612 -0.0150504
         vertex -0.0123538 0.0809612 -0.0148944
      endloop
   endfacet
   facet normal -6.12323e-17 1 0
      outer loop
         vertex -0.0123194 0.0809612 -0.0155276
         vertex -0.0116 0.0809612 -0.010164
         vertex -0.0116 0.0809612 -0.039189
      endloop
   endfacet
   facet normal -6.12323e-17 1 0
      outer loop
         vertex -0.0131557 0.0809612 -0.0166277
         vertex -0.0130146 0.0809612 -0.0165529
         vertex -0.0116 0.0809612 -0.039189
      endloop
   endfacet
   facet normal -6.12323e-17 1 0
      outer loop
         vertex -0.0139345 0.0809612 -0.0167554
         vertex -0.013775 0.0809612 -0.016764
         vertex -0.0116 0.0809612 -0.039189
      endloop
   endfacet
   facet normal -6.12323e-17 1 0
      outer loop
         vertex -0.014246 0.0809612 -0.0166868
         vertex -0.0140921 0.0809612 -0.0167295
         vertex -0.0189 0.0809612 -0.039189
      endloop
   endfacet
   facet normal -6.12323e-17 1 0
      outer loop
         vertex -0.0189 0.0809612 -0.010164
         vertex -0.0148992 0.0809612 -0.0143341
         vertex -0.0149958 0.0809612 -0.0144613
      endloop
   endfacet
   facet normal -6.12323e-17 1 0
      outer loop
         vertex -0.0131557 0.0809612 -0.0139503
         vertex -0.013304 0.0809612 -0.0138912
         vertex -0.0116 0.0809612 -0.010164
      endloop
   endfacet
   facet normal -6.12323e-17 1 0
      outer loop
         vertex -0.0116 0.0809612 -0.010164
         vertex -0.0126508 0.0809612 -0.0143341
         vertex -0.0127606 0.0809612 -0.0142182
      endloop
   endfacet
   facet normal -6.12323e-17 1 0
      outer loop
         vertex -0.0116 0.0809612 -0.010164
         vertex -0.0124048 0.0809612 -0.0147431
         vertex -0.0124718 0.0809612 -0.0145981
      endloop
   endfacet
   facet normal -6.12323e-17 1 0
      outer loop
         vertex -0.0123022 0.0809612 -0.0152092
         vertex -0.0123194 0.0809612 -0.0150504
         vertex -0.0116 0.0809612 -0.010164
      endloop
   endfacet
   facet normal -6.12323e-17 1 0
      outer loop
         vertex -0.0116 0.0809612 -0.039189
         vertex -0.0126508 0.0809612 -0.0162439
         vertex -0.0125542 0.0809612 -0.0161168
      endloop
   endfacet
   facet normal -6.12323e-17 1 0
      outer loop
         vertex -0.013775 0.0809612 -0.016764
         vertex -0.0136155 0.0809612 -0.0167554
         vertex -0.0116 0.0809612 -0.039189
      endloop
   endfacet
   facet normal -6.12323e-17 1 0
      outer loop
         vertex -0.0189 0.0809612 -0.039189
         vertex -0.0146676 0.0809612 -0.0164633
         vertex -0.0145354 0.0809612 -0.0165529
      endloop
   endfacet
   facet normal -6.12323e-17 1 0
      outer loop
         vertex -0.0189 0.0809612 -0.010164
         vertex -0.0151452 0.0809612 -0.0147431
         vertex -0.0151962 0.0809612 -0.0148944
      endloop
   endfacet
   facet normal -6.12323e-17 1 0
      outer loop
         vertex -0.0149958 0.0809612 -0.0144613
         vertex -0.0150782 0.0809612 -0.0145981
         vertex -0.0189 0.0809612 -0.010164
      endloop
   endfacet
   facet normal -6.12323e-17 1 0
      outer loop
         vertex -0.0189 0.0809612 -0.010164
         vertex -0.0146676 0.0809612 -0.0141148
         vertex -0.0147894 0.0809612 -0.0142182
      endloop
   endfacet
   facet normal -6.12323e-17 1 0
      outer loop
         vertex -0.0189 0.0809612 -0.010164
         vertex -0.014246 0.0809612 -0.0138912
         vertex -0.0143943 0.0809612 -0.0139503
      endloop
   endfacet
   facet normal -6.12323e-17 1 0
      outer loop
         vertex -0.0116 0.0809612 -0.010164
         vertex -0.0134579 0.0809612 -0.0138485
         vertex -0.0136155 0.0809612 -0.0138227
      endloop
   endfacet
   facet normal -6.12323e-17 1 0
      outer loop
         vertex -0.0127606 0.0809612 -0.0142182
         vertex -0.0128824 0.0809612 -0.0141148
         vertex -0.0116 0.0809612 -0.010164
      endloop
   endfacet
   facet normal -6.12323e-17 1 0
      outer loop
         vertex -0.0123538 0.0809612 -0.0148944
         vertex -0.0124048 0.0809612 -0.0147431
         vertex -0.0116 0.0809612 -0.010164
      endloop
   endfacet
   facet normal -6.12323e-17 1 0
      outer loop
         vertex -0.0125542 0.0809612 -0.0161168
         vertex -0.0124718 0.0809612 -0.0159799
         vertex -0.0116 0.0809612 -0.039189
      endloop
   endfacet
   facet normal -6.12323e-17 1 0
      outer loop
         vertex -0.0116 0.0809612 -0.039189
         vertex -0.0128824 0.0809612 -0.0164633
         vertex -0.0127606 0.0809612 -0.0163599
      endloop
   endfacet
   facet normal -6.12323e-17 1 0
      outer loop
         vertex -0.0140921 0.0809612 -0.0167295
         vertex -0.0139345 0.0809612 -0.0167554
         vertex -0.0189 0.0809612 -0.039189
      endloop
   endfacet
   facet normal -6.12323e-17 1 0
      outer loop
         vertex -0.0189 0.0809612 -0.010164
         vertex -0.0152306 0.0809612 -0.0155276
         vertex -0.0151962 0.0809612 -0.0156836
      endloop
   endfacet
   facet normal -6.12323e-17 1 0
      outer loop
         vertex -0.0151962 0.0809612 -0.0148944
         vertex -0.0152306 0.0809612 -0.0150504
         vertex -0.0189 0.0809612 -0.010164
      endloop
   endfacet
   facet normal -6.12323e-17 1 0
      outer loop
         vertex -0.0147894 0.0809612 -0.0142182
         vertex -0.0148992 0.0809612 -0.0143341
         vertex -0.0189 0.0809612 -0.010164
      endloop
   endfacet
   facet normal -6.12323e-17 1 0
      outer loop
         vertex -0.0189 0.0809612 -0.010164
         vertex -0.0140921 0.0809612 -0.0138485
         vertex -0.014246 0.0809612 -0.0138912
      endloop
   endfacet
   facet normal -6.12323e-17 1 0
      outer loop
         vertex -0.013304 0.0809612 -0.0138912
         vertex -0.0134579 0.0809612 -0.0138485
         vertex -0.0116 0.0809612 -0.010164
      endloop
   endfacet
   facet normal -6.12323e-17 1 0
      outer loop
         vertex -0.0124718 0.0809612 -0.0159799
         vertex -0.0124048 0.0809612 -0.015835
         vertex -0.0116 0.0809612 -0.039189
      endloop
   endfacet
   facet normal -6.12323e-17 1 0
      outer loop
         vertex -0.0130146 0.0809612 -0.0165529
         vertex -0.0128824 0.0809612 -0.0164633
         vertex -0.0116 0.0809612 -0.039189
      endloop
   endfacet
   facet normal -6.12323e-17 1 0
      outer loop
         vertex -0.0189 0.0809612 -0.039189
         vertex -0.0148992 0.0809612 -0.0162439
         vertex -0.0147894 0.0809612 -0.0163599
      endloop
   endfacet
   facet normal -6.12323e-17 1 0
      outer loop
         vertex -0.0189 0.0809612 -0.039189
         vertex -0.0151452 0.0809612 -0.015835
         vertex -0.0150782 0.0809612 -0.0159799
      endloop
   endfacet
   facet normal -6.12323e-17 1 0
      outer loop
         vertex -0.0151962 0.0809612 -0.0156836
         vertex -0.0189 0.0809612 -0.039189
         vertex -0.0189 0.0809612 -0.010164
      endloop
   endfacet
   facet normal -6.12323e-17 1 0
      outer loop
         vertex -0.0189 0.0809612 -0.010164
         vertex -0.0152478 0.0809612 -0.0152092
         vertex -0.0152478 0.0809612 -0.0153689
      endloop
   endfacet
   facet normal -6.12323e-17 1 0
      outer loop
         vertex -0.0150782 0.0809612 -0.0145981
         vertex -0.0151452 0.0809612 -0.0147431
         vertex -0.0189 0.0809612 -0.010164
      endloop
   endfacet
   facet normal -6.12323e-17 1 0
      outer loop
         vertex -0.0143943 0.0809612 -0.0139503
         vertex -0.0145354 0.0809612 -0.0140252
         vertex -0.0189 0.0809612 -0.010164
      endloop
   endfacet
   facet normal -6.12323e-17 1 0
      outer loop
         vertex -0.0116 0.0809612 -0.010164
         vertex -0.0139345 0.0809612 -0.0138227
         vertex -0.0140921 0.0809612 -0.0138485
      endloop
   endfacet
   facet normal -6.12323e-17 1 0
      outer loop
         vertex -0.0125542 0.0809612 -0.0144613
         vertex -0.0126508 0.0809612 -0.0143341
         vertex -0.0116 0.0809612 -0.010164
      endloop
   endfacet
   facet normal -6.12323e-17 1 0
      outer loop
         vertex -0.0147894 0.0809612 -0.0163599
         vertex -0.0146676 0.0809612 -0.0164633
         vertex -0.0189 0.0809612 -0.039189
      endloop
   endfacet
   facet normal -6.12323e-17 1 0
      outer loop
         vertex -0.0150782 0.0809612 -0.0159799
         vertex -0.0149958 0.0809612 -0.0161168
         vertex -0.0189 0.0809612 -0.039189
      endloop
   endfacet
   facet normal -6.12323e-17 1 0
      outer loop
         vertex -0.0152478 0.0809612 -0.0153689
         vertex -0.0152306 0.0809612 -0.0155276
         vertex -0.0189 0.0809612 -0.010164
      endloop
   endfacet
   facet normal -6.12323e-17 1 0
      outer loop
         vertex -0.0145354 0.0809612 -0.0140252
         vertex -0.0146676 0.0809612 -0.0141148
         vertex -0.0189 0.0809612 -0.010164
      endloop
   endfacet
   facet normal -6.12323e-17 1 0
      outer loop
         vertex -0.0116 0.0809612 -0.010164
         vertex -0.013775 0.0809612 -0.013814
         vertex -0.0139345 0.0809612 -0.0138227
      endloop
   endfacet
   facet normal -6.12323e-17 1 0
      outer loop
         vertex -0.0127606 0.0809612 -0.0163599
         vertex -0.0126508 0.0809612 -0.0162439
         vertex -0.0116 0.0809612 -0.039189
      endloop
   endfacet
   facet normal -6.12323e-17 1 0
      outer loop
         vertex -0.0151962 0.0809612 -0.0156836
         vertex -0.0151452 0.0809612 -0.015835
         vertex -0.0189 0.0809612 -0.039189
      endloop
   endfacet
   facet normal -6.12323e-17 1 0
      outer loop
         vertex -0.0140921 0.0809612 -0.0138485
         vertex -0.0189 0.0809612 -0.010164
         vertex -0.0116 0.0809612 -0.010164
      endloop
   endfacet
   facet normal -6.12323e-17 1 0
      outer loop
         vertex -0.0149958 0.0809612 -0.0161168
         vertex -0.0148992 0.0809612 -0.0162439
         vertex -0.0189 0.0809612 -0.039189
      endloop
   endfacet
   facet normal -6.12323e-17 1 0
      outer loop
         vertex -0.0136155 0.0809612 -0.0138227
         vertex -0.013775 0.0809612 -0.013814
         vertex -0.0116 0.0809612 -0.010164
      endloop
   endfacet
   facet normal -6.12323e-17 1 0
      outer loop
         vertex 0.0137579 0.0809612 -0.0167295
         vertex 0.0111021 0.0809612 -0.028446
         vertex 0.0110271 0.0809612 -0.0282505
      endloop
   endfacet
   facet normal -6.12323e-17 1 0
      outer loop
         vertex 0.0142345 0.0809612 -0.0167554
         vertex 0.0192 0.0809612 -0.039189
         vertex 0.0111563 0.0809612 -0.0297798
      endloop
   endfacet
   facet normal -6.12323e-17 1 0
      outer loop
         vertex 0.0192 0.0809612 -0.039189
         vertex 0.010818 0.0809612 -0.0305396
         vertex 0.0109321 0.0809612 -0.030364
      endloop
   endfacet
   facet normal -6.12323e-17 1 0
      outer loop
         vertex 0.0110271 0.0809612 -0.0282505
         vertex 0.0109321 0.0809612 -0.028064
         vertex 0.0137579 0.0809612 -0.0167295
      endloop
   endfacet
   facet normal -6.12323e-17 1 0
      outer loop
         vertex 0.0192 0.0809612 -0.039189
         vertex 0.0111021 0.0809612 -0.0299821
         vertex 0.0111563 0.0809612 -0.0297798
      endloop
   endfacet
   facet normal -6.12323e-17 1 0
      outer loop
         vertex 0.0192 0.0809612 -0.039189
         vertex 0.0106863 0.0809612 -0.0307023
         vertex 0.010818 0.0809612 -0.0305396
      endloop
   endfacet
   facet normal -6.12323e-17 1 0
      outer loop
         vertex 0.0192 0.0809612 -0.039189
         vertex 0.0103756 0.0809612 -0.0309821
         vertex 0.0105383 0.0809612 -0.0308503
      endloop
   endfacet
   facet normal -6.12323e-17 1 0
      outer loop
         vertex 0.0137579 0.0809612 -0.0167295
         vertex 0.010818 0.0809612 -0.0278885
         vertex 0.0106863 0.0809612 -0.0277258
      endloop
   endfacet
   facet normal -6.12323e-17 1 0
      outer loop
         vertex 0.0137579 0.0809612 -0.0167295
         vertex 0.0111563 0.0809612 -0.0286482
         vertex 0.0111021 0.0809612 -0.028446
      endloop
   endfacet
   facet normal -6.12323e-17 1 0
      outer loop
         vertex 0.00981803 0.0809612 -0.0271619
         vertex 0.0134557 0.0809612 -0.0166277
         vertex 0.013604 0.0809612 -0.0166868
      endloop
   endfacet
   facet normal -6.12323e-17 1 0
      outer loop
         vertex 0.0192 0.0809612 -0.039189
         vertex 0.0110271 0.0809612 -0.0301775
         vertex 0.0111021 0.0809612 -0.0299821
      endloop
   endfacet
   facet normal -6.12323e-17 1 0
      outer loop
         vertex 0.0105383 0.0809612 -0.0308503
         vertex 0.0106863 0.0809612 -0.0307023
         vertex 0.0192 0.0809612 -0.039189
      endloop
   endfacet
   facet normal -6.12323e-17 1 0
      outer loop
         vertex 0.0192 0.0809612 -0.039189
         vertex 0.0100135 0.0809612 -0.0311911
         vertex 0.0102 0.0809612 -0.0310961
      endloop
   endfacet
   facet normal -6.12323e-17 1 0
      outer loop
         vertex 0.0192 0.0809612 -0.039189
         vertex 0.00765 0.0809612 -0.036714
         vertex 0.00961582 0.0809612 -0.0313203
      endloop
   endfacet
   facet normal -6.12323e-17 1 0
      outer loop
         vertex 0.0137579 0.0809612 -0.0167295
         vertex 0.011189 0.0809612 -0.0295731
         vertex 0.0112 0.0809612 -0.029364
      endloop
   endfacet
   facet normal -6.12323e-17 1 0
      outer loop
         vertex 0.0137579 0.0809612 -0.0167295
         vertex 0.0102 0.0809612 -0.027332
         vertex 0.0100135 0.0809612 -0.0272369
      endloop
   endfacet
   facet normal -6.12323e-17 1 0
      outer loop
         vertex 0.0109321 0.0809612 -0.028064
         vertex 0.010818 0.0809612 -0.0278885
         vertex 0.0137579 0.0809612 -0.0167295
      endloop
   endfacet
   facet normal -6.12323e-17 1 0
      outer loop
         vertex 0.0134557 0.0809612 -0.0166277
         vertex 0.00961582 0.0809612 -0.0271077
         vertex 0.00940906 0.0809612 -0.027075
      endloop
   endfacet
   facet normal -6.12323e-17 1 0
      outer loop
         vertex 0.013604 0.0809612 -0.0166868
         vertex 0.0100135 0.0809612 -0.0272369
         vertex 0.00981803 0.0809612 -0.0271619
      endloop
   endfacet
   facet normal -6.12323e-17 1 0
      outer loop
         vertex 0.0109321 0.0809612 -0.030364
         vertex 0.0110271 0.0809612 -0.0301775
         vertex 0.0192 0.0809612 -0.039189
      endloop
   endfacet
   facet normal -6.12323e-17 1 0
      outer loop
         vertex 0.0192 0.0809612 -0.039189
         vertex 0.00981803 0.0809612 -0.0312661
         vertex 0.0100135 0.0809612 -0.0311911
      endloop
   endfacet
   facet normal -6.12323e-17 1 0
      outer loop
         vertex 0.00765 0.0809612 -0.036714
         vertex 0.00940906 0.0809612 -0.0313531
         vertex 0.00961582 0.0809612 -0.0313203
      endloop
   endfacet
   facet normal -6.12323e-17 1 0
      outer loop
         vertex 0.00765 0.0809612 -0.036714
         vertex 0.00765 0.0809612 -0.031364
         vertex 0.0092 0.0809612 -0.031364
      endloop
   endfacet
   facet normal -6.12323e-17 1 0
      outer loop
         vertex 0.0112 0.0809612 -0.029364
         vertex 0.0112 0.0809612 -0.029064
         vertex 0.0137579 0.0809612 -0.0167295
      endloop
   endfacet
   facet normal -6.12323e-17 1 0
      outer loop
         vertex 0.0137579 0.0809612 -0.0167295
         vertex 0.0103756 0.0809612 -0.027446
         vertex 0.0102 0.0809612 -0.027332
      endloop
   endfacet
   facet normal -6.12323e-17 1 0
      outer loop
         vertex 0.0106863 0.0809612 -0.0277258
         vertex 0.0105383 0.0809612 -0.0275777
         vertex 0.0137579 0.0809612 -0.0167295
      endloop
   endfacet
   facet normal -6.12323e-17 1 0
      outer loop
         vertex 0.00981803 0.0809612 -0.0271619
         vertex 0.00961582 0.0809612 -0.0271077
         vertex 0.0134557 0.0809612 -0.0166277
      endloop
   endfacet
   facet normal -6.12323e-17 1 0
      outer loop
         vertex 0.0133146 0.0809612 -0.0165529
         vertex 0.0134557 0.0809612 -0.0166277
         vertex 0.0092 0.0809612 -0.027064
      endloop
   endfacet
   facet normal -6.12323e-17 1 0
      outer loop
         vertex 0.0192 0.0809612 -0.010164
         vertex 0.0155478 0.0809612 -0.0153689
         vertex 0.0155478 0.0809612 -0.0152092
      endloop
   endfacet
   facet normal -6.12323e-17 1 0
      outer loop
         vertex 0.0192 0.0809612 -0.039189
         vertex 0.0154452 0.0809612 -0.015835
         vertex 0.0154962 0.0809612 -0.0156836
      endloop
   endfacet
   facet normal -6.12323e-17 1 0
      outer loop
         vertex 0.0192 0.0809612 -0.039189
         vertex 0.014546 0.0809612 -0.0166868
         vertex 0.0146943 0.0809612 -0.0166277
      endloop
   endfacet
   facet normal -6.12323e-17 1 0
      outer loop
         vertex 0.0192 0.0809612 -0.039189
         vertex 0.0142345 0.0809612 -0.0167554
         vertex 0.0143921 0.0809612 -0.0167295
      endloop
   endfacet
   facet normal -6.12323e-17 1 0
      outer loop
         vertex 0.0102 0.0809612 -0.0310961
         vertex 0.0103756 0.0809612 -0.0309821
         vertex 0.0192 0.0809612 -0.039189
      endloop
   endfacet
   facet normal -6.12323e-17 1 0
      outer loop
         vertex 0.0092 0.0809612 -0.031364
         vertex 0.00940906 0.0809612 -0.0313531
         vertex 0.00765 0.0809612 -0.036714
      endloop
   endfacet
   facet normal -6.12323e-17 1 0
      outer loop
         vertex 0.0112 0.0809612 -0.029064
         vertex 0.011189 0.0809612 -0.028855
         vertex 0.0137579 0.0809612 -0.0167295
      endloop
   endfacet
   facet normal -6.12323e-17 1 0
      outer loop
         vertex 0.0139155 0.0809612 -0.0167554
         vertex 0.0111563 0.0809612 -0.0297798
         vertex 0.011189 0.0809612 -0.0295731
      endloop
   endfacet
   facet normal -6.12323e-17 1 0
      outer loop
         vertex 0.0105383 0.0809612 -0.0275777
         vertex 0.0103756 0.0809612 -0.027446
         vertex 0.0137579 0.0809612 -0.0167295
      endloop
   endfacet
   facet normal -6.12323e-17 1 0
      outer loop
         vertex 0.0092 0.0809612 -0.027064
         vertex 0.00765 0.0809612 -0.027064
         vertex 0.0133146 0.0809612 -0.0165529
      endloop
   endfacet
   facet normal -6.12323e-17 1 0
      outer loop
         vertex -0.0116 0.0809612 -0.010164
         vertex 0.0127718 0.0809612 -0.0145981
         vertex 0.0127048 0.0809612 -0.0147431
      endloop
   endfacet
   facet normal -6.12323e-17 1 0
      outer loop
         vertex 0.0192 0.0809612 -0.010164
         vertex 0.0148354 0.0809612 -0.0140252
         vertex 0.0146943 0.0809612 -0.0139503
      endloop
   endfacet
   facet normal -6.12323e-17 1 0
      outer loop
         vertex 0.0192 0.0809612 -0.010164
         vertex 0.0155306 0.0809612 -0.0155276
         vertex 0.0155478 0.0809612 -0.0153689
      endloop
   endfacet
   facet normal -6.12323e-17 1 0
      outer loop
         vertex 0.0154962 0.0809612 -0.0156836
         vertex 0.0192 0.0809612 -0.010164
         vertex 0.0192 0.0809612 -0.039189
      endloop
   endfacet
   facet normal -6.12323e-17 1 0
      outer loop
         vertex 0.0143921 0.0809612 -0.0167295
         vertex 0.014546 0.0809612 -0.0166868
         vertex 0.0192 0.0809612 -0.039189
      endloop
   endfacet
   facet normal -6.12323e-17 1 0
      outer loop
         vertex 0.00961582 0.0809612 -0.0313203
         vertex 0.00981803 0.0809612 -0.0312661
         vertex 0.0192 0.0809612 -0.039189
      endloop
   endfacet
   facet normal -6.12323e-17 1 0
      outer loop
         vertex 0.011189 0.0809612 -0.0295731
         vertex 0.0137579 0.0809612 -0.0167295
         vertex 0.0139155 0.0809612 -0.0167554
      endloop
   endfacet
   facet normal -6.12323e-17 1 0
      outer loop
         vertex 0.00940906 0.0809612 -0.027075
         vertex 0.0092 0.0809612 -0.027064
         vertex 0.0134557 0.0809612 -0.0166277
      endloop
   endfacet
   facet normal -6.12323e-17 1 0
      outer loop
         vertex -0.0116 0.0809612 -0.039189
         vertex -0.0107271 0.0809612 -0.0301775
         vertex -0.0106321 0.0809612 -0.030364
      endloop
   endfacet
   facet normal -6.12323e-17 1 0
      outer loop
         vertex 0.0127048 0.0809612 -0.0147431
         vertex 0.0126538 0.0809612 -0.0148944
         vertex -0.0116 0.0809612 -0.010164
      endloop
   endfacet
   facet normal -6.12323e-17 1 0
      outer loop
         vertex -0.0116 0.0809612 -0.010164
         vertex 0.0129508 0.0809612 -0.0143341
         vertex 0.0128542 0.0809612 -0.0144613
      endloop
   endfacet
   facet normal -6.12323e-17 1 0
      outer loop
         vertex 0.0192 0.0809612 -0.010164
         vertex 0.0149676 0.0809612 -0.0141148
         vertex 0.0148354 0.0809612 -0.0140252
      endloop
   endfacet
   facet normal -6.12323e-17 1 0
      outer loop
         vertex 0.0192 0.0809612 -0.010164
         vertex 0.0153782 0.0809612 -0.0145981
         vertex 0.0152958 0.0809612 -0.0144613
      endloop
   endfacet
   facet normal -6.12323e-17 1 0
      outer loop
         vertex 0.0192 0.0809612 -0.010164
         vertex 0.0155306 0.0809612 -0.0150504
         vertex 0.0154962 0.0809612 -0.0148944
      endloop
   endfacet
   facet normal -6.12323e-17 1 0
      outer loop
         vertex 0.0154962 0.0809612 -0.0156836
         vertex 0.0155306 0.0809612 -0.0155276
         vertex 0.0192 0.0809612 -0.010164
      endloop
   endfacet
   facet normal -6.12323e-17 1 0
      outer loop
         vertex 0.0146943 0.0809612 -0.0166277
         vertex 0.0148354 0.0809612 -0.0165529
         vertex 0.0192 0.0809612 -0.039189
      endloop
   endfacet
   facet normal -6.12323e-17 1 0
      outer loop
         vertex 0.0111563 0.0809612 -0.0297798
         vertex 0.0139155 0.0809612 -0.0167554
         vertex 0.014075 0.0809612 -0.016764
      endloop
   endfacet
   facet normal -6.12323e-17 1 0
      outer loop
         vertex 0.0100135 0.0809612 -0.0272369
         vertex 0.013604 0.0809612 -0.0166868
         vertex 0.0137579 0.0809612 -0.0167295
      endloop
   endfacet
   facet normal -6.12323e-17 1 0
      outer loop
         vertex 0.0133146 0.0809612 -0.0165529
         vertex 0.00765 0.0809612 -0.027064
         vertex 0.00765 0.0809612 -0.021714
      endloop
   endfacet
   facet normal -6.12323e-17 1 0
      outer loop
         vertex -0.0106321 0.0809612 -0.030364
         vertex -0.010518 0.0809612 -0.0305396
         vertex -0.0116 0.0809612 -0.039189
      endloop
   endfacet
   facet normal -6.12323e-17 1 0
      outer loop
         vertex -0.0116 0.0809612 -0.010164
         vertex -0.0102383 0.0809612 -0.0275777
         vertex -0.0103863 0.0809612 -0.0277258
      endloop
   endfacet
   facet normal -6.12323e-17 1 0
      outer loop
         vertex 0.0128542 0.0809612 -0.0144613
         vertex 0.0127718 0.0809612 -0.0145981
         vertex -0.0116 0.0809612 -0.010164
      endloop
   endfacet
   facet normal -6.12323e-17 1 0
      outer loop
         vertex -0.0116 0.0809612 -0.010164
         vertex 0.013604 0.0809612 -0.0138912
         vertex 0.0134557 0.0809612 -0.0139503
      endloop
   endfacet
   facet normal -6.12323e-17 1 0
      outer loop
         vertex -0.0116 0.0809612 -0.010164
         vertex 0.0192 0.0809612 -0.010164
         vertex 0.0137579 0.0809612 -0.0138485
      endloop
   endfacet
   facet normal -6.12323e-17 1 0
      outer loop
         vertex 0.0146943 0.0809612 -0.0139503
         vertex 0.014546 0.0809612 -0.0138912
         vertex 0.0192 0.0809612 -0.010164
      endloop
   endfacet
   facet normal -6.12323e-17 1 0
      outer loop
         vertex 0.0192 0.0809612 -0.010164
         vertex 0.0151992 0.0809612 -0.0143341
         vertex 0.0150894 0.0809612 -0.0142182
      endloop
   endfacet
   facet normal -6.12323e-17 1 0
      outer loop
         vertex 0.0192 0.0809612 -0.010164
         vertex 0.0154452 0.0809612 -0.0147431
         vertex 0.0153782 0.0809612 -0.0145981
      endloop
   endfacet
   facet normal -6.12323e-17 1 0
      outer loop
         vertex 0.0155478 0.0809612 -0.0152092
         vertex 0.0155306 0.0809612 -0.0150504
         vertex 0.0192 0.0809612 -0.010164
      endloop
   endfacet
   facet normal -6.12323e-17 1 0
      outer loop
         vertex 0.0192 0.0809612 -0.039189
         vertex 0.0151992 0.0809612 -0.0162439
         vertex 0.0152958 0.0809612 -0.0161168
      endloop
   endfacet
   facet normal -6.12323e-17 1 0
      outer loop
         vertex 0.0111563 0.0809612 -0.0297798
         vertex 0.014075 0.0809612 -0.016764
         vertex 0.0142345 0.0809612 -0.0167554
      endloop
   endfacet
   facet normal -6.12323e-17 1 0
      outer loop
         vertex 0.00765 0.0809612 -0.021714
         vertex 0.0131824 0.0809612 -0.0164633
         vertex 0.0133146 0.0809612 -0.0165529
      endloop
   endfacet
   facet normal -6.12323e-17 1 0
      outer loop
         vertex -0.0116 0.0809612 -0.039189
         vertex -0.0103863 0.0809612 -0.0307023
         vertex -0.0102383 0.0809612 -0.0308503
      endloop
   endfacet
   facet normal -6.12323e-17 1 0
      outer loop
         vertex -0.0116 0.0809612 -0.039189
         vertex -0.0108021 0.0809612 -0.0299821
         vertex -0.0107271 0.0809612 -0.0301775
      endloop
   endfacet
   facet normal -6.12323e-17 1 0
      outer loop
         vertex -0.0116 0.0809612 -0.010164
         vertex -0.0100756 0.0809612 -0.027446
         vertex -0.0102383 0.0809612 -0.0275777
      endloop
   endfacet
   facet normal -6.12323e-17 1 0
      outer loop
         vertex -0.0116 0.0809612 -0.010164
         vertex -0.00971347 0.0809612 -0.0272369
         vertex -0.0099 0.0809612 -0.027332
      endloop
   endfacet
   facet normal -6.12323e-17 1 0
      outer loop
         vertex -0.0116 0.0809612 -0.010164
         vertex -0.00931582 0.0809612 -0.0271077
         vertex -0.00951803 0.0809612 -0.0271619
      endloop
   endfacet
   facet normal -6.12323e-17 1 0
      outer loop
         vertex -0.0089 0.0809612 -0.027064
         vertex -0.0116 0.0809612 -0.010164
         vertex -0.00735 0.0809612 -0.021714
      endloop
   endfacet
   facet normal -6.12323e-17 1 0
      outer loop
         vertex 0.0126538 0.0809612 -0.0148944
         vertex 0.0126194 0.0809612 -0.0150504
         vertex -0.0116 0.0809612 -0.010164
      endloop
   endfacet
   facet normal -6.12323e-17 1 0
      outer loop
         vertex -0.0116 0.0809612 -0.010164
         vertex 0.0131824 0.0809612 -0.0141148
         vertex 0.0130606 0.0809612 -0.0142182
      endloop
   endfacet
   facet normal -6.12323e-17 1 0
      outer loop
         vertex 0.0137579 0.0809612 -0.0138485
         vertex 0.013604 0.0809612 -0.0138912
         vertex -0.0116 0.0809612 -0.010164
      endloop
   endfacet
   facet normal -6.12323e-17 1 0
      outer loop
         vertex 0.0192 0.0809612 -0.010164
         vertex 0.0143921 0.0809612 -0.0138485
         vertex 0.0142345 0.0809612 -0.0138227
      endloop
   endfacet
   facet normal -6.12323e-17 1 0
      outer loop
         vertex 0.0150894 0.0809612 -0.0142182
         vertex 0.0149676 0.0809612 -0.0141148
         vertex 0.0192 0.0809612 -0.010164
      endloop
   endfacet
   facet normal -6.12323e-17 1 0
      outer loop
         vertex 0.0154962 0.0809612 -0.0148944
         vertex 0.0154452 0.0809612 -0.0147431
         vertex 0.0192 0.0809612 -0.010164
      endloop
   endfacet
   facet normal -6.12323e-17 1 0
      outer loop
         vertex 0.0152958 0.0809612 -0.0161168
         vertex 0.0153782 0.0809612 -0.0159799
         vertex 0.0192 0.0809612 -0.039189
      endloop
   endfacet
   facet normal -6.12323e-17 1 0
      outer loop
         vertex 0.0192 0.0809612 -0.039189
         vertex 0.0149676 0.0809612 -0.0164633
         vertex 0.0150894 0.0809612 -0.0163599
      endloop
   endfacet
   facet normal -6.12323e-17 1 0
      outer loop
         vertex 0.011189 0.0809612 -0.028855
         vertex 0.0111563 0.0809612 -0.0286482
         vertex 0.0137579 0.0809612 -0.0167295
      endloop
   endfacet
   facet normal -6.12323e-17 1 0
      outer loop
         vertex -0.010518 0.0809612 -0.0305396
         vertex -0.0103863 0.0809612 -0.0307023
         vertex -0.0116 0.0809612 -0.039189
      endloop
   endfacet
   facet normal -6.12323e-17 1 0
      outer loop
         vertex -0.0116 0.0809612 -0.039189
         vertex -0.010889 0.0809612 -0.0295731
         vertex -0.0108563 0.0809612 -0.0297798
      endloop
   endfacet
   facet normal -6.12323e-17 1 0
      outer loop
         vertex -0.0116 0.0809612 -0.039189
         vertex -0.0116 0.0809612 -0.010164
         vertex -0.0109 0.0809612 -0.029064
      endloop
   endfacet
   facet normal -6.12323e-17 1 0
      outer loop
         vertex -0.0103863 0.0809612 -0.0277258
         vertex -0.010518 0.0809612 -0.0278885
         vertex -0.0116 0.0809612 -0.010164
      endloop
   endfacet
   facet normal -6.12323e-17 1 0
      outer loop
         vertex -0.00951803 0.0809612 -0.0271619
         vertex -0.00971347 0.0809612 -0.0272369
         vertex -0.0116 0.0809612 -0.010164
      endloop
   endfacet
   facet normal -6.12323e-17 1 0
      outer loop
         vertex -0.00735 0.0809612 -0.021714
         vertex -0.00735 0.0809612 -0.027064
         vertex -0.0089 0.0809612 -0.027064
      endloop
   endfacet
   facet normal -6.12323e-17 1 0
      outer loop
         vertex -0.00735 0.0809612 -0.021714
         vertex 0.0126538 0.0809612 -0.0156836
         vertex 0.0127048 0.0809612 -0.015835
      endloop
   endfacet
   facet normal -6.12323e-17 1 0
      outer loop
         vertex -0.0116 0.0809612 -0.010164
         vertex 0.0126022 0.0809612 -0.0152092
         vertex 0.0126022 0.0809612 -0.0153689
      endloop
   endfacet
   facet normal -6.12323e-17 1 0
      outer loop
         vertex 0.0130606 0.0809612 -0.0142182
         vertex 0.0129508 0.0809612 -0.0143341
         vertex -0.0116 0.0809612 -0.010164
      endloop
   endfacet
   facet normal -6.12323e-17 1 0
      outer loop
         vertex 0.0134557 0.0809612 -0.0139503
         vertex 0.0133146 0.0809612 -0.0140252
         vertex -0.0116 0.0809612 -0.010164
      endloop
   endfacet
   facet normal -6.12323e-17 1 0
      outer loop
         vertex 0.014546 0.0809612 -0.0138912
         vertex 0.0143921 0.0809612 -0.0138485
         vertex 0.0192 0.0809612 -0.010164
      endloop
   endfacet
   facet normal -6.12323e-17 1 0
      outer loop
         vertex 0.0153782 0.0809612 -0.0159799
         vertex 0.0154452 0.0809612 -0.015835
         vertex 0.0192 0.0809612 -0.039189
      endloop
   endfacet
   facet normal -6.12323e-17 1 0
      outer loop
         vertex 0.0148354 0.0809612 -0.0165529
         vertex 0.0149676 0.0809612 -0.0164633
         vertex 0.0192 0.0809612 -0.039189
      endloop
   endfacet
   facet normal -6.12323e-17 1 0
      outer loop
         vertex -0.0116 0.0809612 -0.039189
         vertex -0.0100756 0.0809612 -0.0309821
         vertex -0.0099 0.0809612 -0.0310961
      endloop
   endfacet
   facet normal -6.12323e-17 1 0
      outer loop
         vertex -0.0108563 0.0809612 -0.0297798
         vertex -0.0108021 0.0809612 -0.0299821
         vertex -0.0116 0.0809612 -0.039189
      endloop
   endfacet
   facet normal -6.12323e-17 1 0
      outer loop
         vertex -0.0109 0.0809612 -0.029064
         vertex -0.0109 0.0809612 -0.029364
         vertex -0.0116 0.0809612 -0.039189
      endloop
   endfacet
   facet normal -6.12323e-17 1 0
      outer loop
         vertex -0.0116 0.0809612 -0.010164
         vertex -0.0107271 0.0809612 -0.0282505
         vertex -0.0108021 0.0809612 -0.028446
      endloop
   endfacet
   facet normal -6.12323e-17 1 0
      outer loop
         vertex -0.0099 0.0809612 -0.027332
         vertex -0.0100756 0.0809612 -0.027446
         vertex -0.0116 0.0809612 -0.010164
      endloop
   endfacet
   facet normal -6.12323e-17 1 0
      outer loop
         vertex -0.0089 0.0809612 -0.027064
         vertex -0.00910906 0.0809612 -0.027075
         vertex -0.0116 0.0809612 -0.010164
      endloop
   endfacet
   facet normal -6.12323e-17 1 0
      outer loop
         vertex 0.0127718 0.0809612 -0.0159799
         vertex 0.0128542 0.0809612 -0.0161168
         vertex 0.00765 0.0809612 -0.021714
      endloop
   endfacet
   facet normal -6.12323e-17 1 0
      outer loop
         vertex -0.00735 0.0809612 -0.021714
         vertex 0.0126194 0.0809612 -0.0155276
         vertex 0.0126538 0.0809612 -0.0156836
      endloop
   endfacet
   facet normal -6.12323e-17 1 0
      outer loop
         vertex 0.0126022 0.0809612 -0.0153689
         vertex -0.00735 0.0809612 -0.021714
         vertex -0.0116 0.0809612 -0.010164
      endloop
   endfacet
   facet normal -6.12323e-17 1 0
      outer loop
         vertex 0.0133146 0.0809612 -0.0140252
         vertex 0.0131824 0.0809612 -0.0141148
         vertex -0.0116 0.0809612 -0.010164
      endloop
   endfacet
   facet normal -6.12323e-17 1 0
      outer loop
         vertex 0.0192 0.0809612 -0.010164
         vertex 0.014075 0.0809612 -0.013814
         vertex 0.0139155 0.0809612 -0.0138227
      endloop
   endfacet
   facet normal -6.12323e-17 1 0
      outer loop
         vertex 0.0152958 0.0809612 -0.0144613
         vertex 0.0151992 0.0809612 -0.0143341
         vertex 0.0192 0.0809612 -0.010164
      endloop
   endfacet
   facet normal -6.12323e-17 1 0
      outer loop
         vertex 0.00765 0.0809612 -0.021714
         vertex 0.0130606 0.0809612 -0.0163599
         vertex 0.0131824 0.0809612 -0.0164633
      endloop
   endfacet
   facet normal -6.12323e-17 1 0
      outer loop
         vertex -0.0099 0.0809612 -0.0310961
         vertex -0.00971347 0.0809612 -0.0311911
         vertex -0.0116 0.0809612 -0.039189
      endloop
   endfacet
   facet normal -6.12323e-17 1 0
      outer loop
         vertex -0.0109 0.0809612 -0.029364
         vertex -0.010889 0.0809612 -0.0295731
         vertex -0.0116 0.0809612 -0.039189
      endloop
   endfacet
   facet normal -6.12323e-17 1 0
      outer loop
         vertex -0.0116 0.0809612 -0.010164
         vertex -0.0106321 0.0809612 -0.028064
         vertex -0.0107271 0.0809612 -0.0282505
      endloop
   endfacet
   facet normal -6.12323e-17 1 0
      outer loop
         vertex -0.00910906 0.0809612 -0.027075
         vertex -0.00931582 0.0809612 -0.0271077
         vertex -0.0116 0.0809612 -0.010164
      endloop
   endfacet
   facet normal -6.12323e-17 1 0
      outer loop
         vertex 0.00765 0.0809612 -0.021714
         vertex -0.00735 0.0809612 -0.021714
         vertex 0.0127718 0.0809612 -0.0159799
      endloop
   endfacet
   facet normal -6.12323e-17 1 0
      outer loop
         vertex 0.0126022 0.0809612 -0.0153689
         vertex 0.0126194 0.0809612 -0.0155276
         vertex -0.00735 0.0809612 -0.021714
      endloop
   endfacet
   facet normal -6.12323e-17 1 0
      outer loop
         vertex 0.0139155 0.0809612 -0.0138227
         vertex 0.0137579 0.0809612 -0.0138485
         vertex 0.0192 0.0809612 -0.010164
      endloop
   endfacet
   facet normal -6.12323e-17 1 0
      outer loop
         vertex 0.0150894 0.0809612 -0.0163599
         vertex 0.0151992 0.0809612 -0.0162439
         vertex 0.0192 0.0809612 -0.039189
      endloop
   endfacet
   facet normal -6.12323e-17 1 0
      outer loop
         vertex -0.0089 0.0809612 -0.031364
         vertex -0.00735 0.0809612 -0.031364
         vertex -0.00735 0.0809612 -0.036714
      endloop
   endfacet
   facet normal -6.12323e-17 1 0
      outer loop
         vertex -0.0116 0.0809612 -0.039189
         vertex -0.00951803 0.0809612 -0.0312661
         vertex -0.00931582 0.0809612 -0.0313203
      endloop
   endfacet
   facet normal -6.12323e-17 1 0
      outer loop
         vertex -0.0102383 0.0809612 -0.0308503
         vertex -0.0100756 0.0809612 -0.0309821
         vertex -0.0116 0.0809612 -0.039189
      endloop
   endfacet
   facet normal -6.12323e-17 1 0
      outer loop
         vertex -0.0116 0.0809612 -0.010164
         vertex -0.0108563 0.0809612 -0.0286482
         vertex -0.010889 0.0809612 -0.028855
      endloop
   endfacet
   facet normal -6.12323e-17 1 0
      outer loop
         vertex -0.010518 0.0809612 -0.0278885
         vertex -0.0106321 0.0809612 -0.028064
         vertex -0.0116 0.0809612 -0.010164
      endloop
   endfacet
   facet normal -6.12323e-17 1 0
      outer loop
         vertex 0.0127048 0.0809612 -0.015835
         vertex 0.0127718 0.0809612 -0.0159799
         vertex -0.00735 0.0809612 -0.021714
      endloop
   endfacet
   facet normal -6.12323e-17 1 0
      outer loop
         vertex 0.0142345 0.0809612 -0.0138227
         vertex 0.014075 0.0809612 -0.013814
         vertex 0.0192 0.0809612 -0.010164
      endloop
   endfacet
   facet normal -6.12323e-17 1 0
      outer loop
         vertex -0.0116 0.0809612 -0.039189
         vertex -0.00735 0.0809612 -0.036714
         vertex 0.00765 0.0809612 -0.036714
      endloop
   endfacet
   facet normal -6.12323e-17 1 0
      outer loop
         vertex -0.0116 0.0809612 -0.039189
         vertex -0.00910906 0.0809612 -0.0313531
         vertex -0.0089 0.0809612 -0.031364
      endloop
   endfacet
   facet normal -6.12323e-17 1 0
      outer loop
         vertex -0.00971347 0.0809612 -0.0311911
         vertex -0.00951803 0.0809612 -0.0312661
         vertex -0.0116 0.0809612 -0.039189
      endloop
   endfacet
   facet normal -6.12323e-17 1 0
      outer loop
         vertex -0.0108021 0.0809612 -0.028446
         vertex -0.0108563 0.0809612 -0.0286482
         vertex -0.0116 0.0809612 -0.010164
      endloop
   endfacet
   facet normal -6.12323e-17 1 0
      outer loop
         vertex 0.0128542 0.0809612 -0.0161168
         vertex 0.0129508 0.0809612 -0.0162439
         vertex 0.00765 0.0809612 -0.021714
      endloop
   endfacet
   facet normal -6.12323e-17 1 0
      outer loop
         vertex 0.00765 0.0809612 -0.036714
         vertex 0.0192 0.0809612 -0.039189
         vertex -0.0116 0.0809612 -0.039189
      endloop
   endfacet
   facet normal -6.12323e-17 1 0
      outer loop
         vertex -0.00931582 0.0809612 -0.0313203
         vertex -0.00910906 0.0809612 -0.0313531
         vertex -0.0116 0.0809612 -0.039189
      endloop
   endfacet
   facet normal -6.12323e-17 1 0
      outer loop
         vertex 0.0129508 0.0809612 -0.0162439
         vertex 0.0130606 0.0809612 -0.0163599
         vertex 0.00765 0.0809612 -0.021714
      endloop
   endfacet
   facet normal -6.12323e-17 1 0
      outer loop
         vertex -0.00735 0.0809612 -0.036714
         vertex -0.0116 0.0809612 -0.039189
         vertex -0.0089 0.0809612 -0.031364
      endloop
   endfacet
   facet normal -6.12323e-17 1 0
      outer loop
         vertex 0.0126194 0.0809612 -0.0150504
         vertex 0.0126022 0.0809612 -0.0152092
         vertex -0.0116 0.0809612 -0.010164
      endloop
   endfacet
   facet normal -6.12323e-17 1 0
      outer loop
         vertex -0.0116 0.0809612 -0.039189
         vertex -0.0123538 0.0809612 -0.0427444
         vertex -0.0124048 0.0809612 -0.0425931
      endloop
   endfacet
   facet normal -6.12323e-17 1 0
      outer loop
         vertex -0.0116 0.0809612 -0.039189
         vertex -0.0123022 0.0809612 -0.0430592
         vertex -0.0123194 0.0809612 -0.0429004
      endloop
   endfacet
   facet normal -6.12323e-17 1 0
      outer loop
         vertex -0.0116 0.0809612 -0.048264
         vertex -0.0126508 0.0809612 -0.0440939
         vertex -0.0125542 0.0809612 -0.0439668
      endloop
   endfacet
   facet normal -6.12323e-17 1 0
      outer loop
         vertex -0.0189 0.0809612 -0.039189
         vertex -0.0146676 0.0809612 -0.0419648
         vertex -0.0147894 0.0809612 -0.0420682
      endloop
   endfacet
   facet normal -6.12323e-17 1 0
      outer loop
         vertex -0.0123194 0.0809612 -0.0429004
         vertex -0.0123538 0.0809612 -0.0427444
         vertex -0.0116 0.0809612 -0.039189
      endloop
   endfacet
   facet normal -6.12323e-17 1 0
      outer loop
         vertex -0.0116 0.0809612 -0.039189
         vertex -0.0116 0.0809612 -0.048264
         vertex -0.0123022 0.0809612 -0.0432189
      endloop
   endfacet
   facet normal -6.12323e-17 1 0
      outer loop
         vertex -0.0116 0.0809612 -0.048264
         vertex -0.0123538 0.0809612 -0.0435336
         vertex -0.0123194 0.0809612 -0.0433776
      endloop
   endfacet
   facet normal -6.12323e-17 1 0
      outer loop
         vertex -0.0125542 0.0809612 -0.0439668
         vertex -0.0124718 0.0809612 -0.0438299
         vertex -0.0116 0.0809612 -0.048264
      endloop
   endfacet
   facet normal -6.12323e-17 1 0
      outer loop
         vertex -0.0116 0.0809612 -0.048264
         vertex -0.0128824 0.0809612 -0.0443133
         vertex -0.0127606 0.0809612 -0.0442099
      endloop
   endfacet
   facet normal -6.12323e-17 1 0
      outer loop
         vertex -0.0116 0.0809612 -0.048264
         vertex -0.013304 0.0809612 -0.0445368
         vertex -0.0131557 0.0809612 -0.0444777
      endloop
   endfacet
   facet normal -6.12323e-17 1 0
      outer loop
         vertex -0.0189 0.0809612 -0.039189
         vertex -0.0145354 0.0809612 -0.0418752
         vertex -0.0146676 0.0809612 -0.0419648
      endloop
   endfacet
   facet normal -6.12323e-17 1 0
      outer loop
         vertex -0.0189 0.0809612 -0.039189
         vertex -0.014246 0.0809612 -0.0417412
         vertex -0.0143943 0.0809612 -0.0418003
      endloop
   endfacet
   facet normal -6.12323e-17 1 0
      outer loop
         vertex -0.0116 0.0809612 -0.039189
         vertex -0.0139345 0.0809612 -0.0416727
         vertex -0.0140921 0.0809612 -0.0416985
      endloop
   endfacet
   facet normal -6.12323e-17 1 0
      outer loop
         vertex -0.0116 0.0809612 -0.039189
         vertex -0.0126508 0.0809612 -0.0421841
         vertex -0.0127606 0.0809612 -0.0420682
      endloop
   endfacet
   facet normal -6.12323e-17 1 0
      outer loop
         vertex -0.0116 0.0809612 -0.039189
         vertex -0.0124718 0.0809612 -0.0424481
         vertex -0.0125542 0.0809612 -0.0423113
      endloop
   endfacet
   facet normal -6.12323e-17 1 0
      outer loop
         vertex -0.0123022 0.0809612 -0.0432189
         vertex -0.0123022 0.0809612 -0.0430592
         vertex -0.0116 0.0809612 -0.039189
      endloop
   endfacet
   facet normal -6.12323e-17 1 0
      outer loop
         vertex -0.0116 0.0809612 -0.048264
         vertex -0.0124048 0.0809612 -0.043685
         vertex -0.0123538 0.0809612 -0.0435336
      endloop
   endfacet
   facet normal -6.12323e-17 1 0
      outer loop
         vertex -0.0127606 0.0809612 -0.0442099
         vertex -0.0126508 0.0809612 -0.0440939
         vertex -0.0116 0.0809612 -0.048264
      endloop
   endfacet
   facet normal -6.12323e-17 1 0
      outer loop
         vertex -0.0131557 0.0809612 -0.0444777
         vertex -0.0130146 0.0809612 -0.0444029
         vertex -0.0116 0.0809612 -0.048264
      endloop
   endfacet
   facet normal -6.12323e-17 1 0
      outer loop
         vertex -0.0189 0.0809612 -0.048264
         vertex -0.0150782 0.0809612 -0.0438299
         vertex -0.0149958 0.0809612 -0.0439668
      endloop
   endfacet
   facet normal -6.12323e-17 1 0
      outer loop
         vertex -0.0189 0.0809612 -0.039189
         vertex -0.0151962 0.0809612 -0.0427444
         vertex -0.0152306 0.0809612 -0.0429004
      endloop
   endfacet
   facet normal -6.12323e-17 1 0
      outer loop
         vertex -0.0189 0.0809612 -0.039189
         vertex -0.0150782 0.0809612 -0.0424481
         vertex -0.0151452 0.0809612 -0.0425931
      endloop
   endfacet
   facet normal -6.12323e-17 1 0
      outer loop
         vertex -0.0189 0.0809612 -0.039189
         vertex -0.0148992 0.0809612 -0.0421841
         vertex -0.0149958 0.0809612 -0.0423113
      endloop
   endfacet
   facet normal -6.12323e-17 1 0
      outer loop
         vertex -0.0143943 0.0809612 -0.0418003
         vertex -0.0145354 0.0809612 -0.0418752
         vertex -0.0189 0.0809612 -0.039189
      endloop
   endfacet
   facet normal -6.12323e-17 1 0
      outer loop
         vertex -0.0140921 0.0809612 -0.0416985
         vertex -0.0189 0.0809612 -0.039189
         vertex -0.0116 0.0809612 -0.039189
      endloop
   endfacet
   facet normal -6.12323e-17 1 0
      outer loop
         vertex -0.0116 0.0809612 -0.039189
         vertex -0.0136155 0.0809612 -0.0416727
         vertex -0.013775 0.0809612 -0.041664
      endloop
   endfacet
   facet normal -6.12323e-17 1 0
      outer loop
         vertex -0.0125542 0.0809612 -0.0423113
         vertex -0.0126508 0.0809612 -0.0421841
         vertex -0.0116 0.0809612 -0.039189
      endloop
   endfacet
   facet normal -6.12323e-17 1 0
      outer loop
         vertex -0.0123194 0.0809612 -0.0433776
         vertex -0.0123022 0.0809612 -0.0432189
         vertex -0.0116 0.0809612 -0.048264
      endloop
   endfacet
   facet normal -6.12323e-17 1 0
      outer loop
         vertex -0.0130146 0.0809612 -0.0444029
         vertex -0.0128824 0.0809612 -0.0443133
         vertex -0.0116 0.0809612 -0.048264
      endloop
   endfacet
   facet normal -6.12323e-17 1 0
      outer loop
         vertex -0.0189 0.0809612 -0.048264
         vertex -0.0145354 0.0809612 -0.0444029
         vertex -0.0143943 0.0809612 -0.0444777
      endloop
   endfacet
   facet normal -6.12323e-17 1 0
      outer loop
         vertex -0.0189 0.0809612 -0.048264
         vertex -0.0148992 0.0809612 -0.0440939
         vertex -0.0147894 0.0809612 -0.0442099
      endloop
   endfacet
   facet normal -6.12323e-17 1 0
      outer loop
         vertex -0.0189 0.0809612 -0.048264
         vertex -0.0151452 0.0809612 -0.043685
         vertex -0.0150782 0.0809612 -0.0438299
      endloop
   endfacet
   facet normal -6.12323e-17 1 0
      outer loop
         vertex -0.0189 0.0809612 -0.048264
         vertex -0.0152306 0.0809612 -0.0433776
         vertex -0.0151962 0.0809612 -0.0435336
      endloop
   endfacet
   facet normal -6.12323e-17 1 0
      outer loop
         vertex -0.0189 0.0809612 -0.048264
         vertex -0.0189 0.0809612 -0.039189
         vertex -0.0152478 0.0809612 -0.0432189
      endloop
   endfacet
   facet normal -6.12323e-17 1 0
      outer loop
         vertex -0.0151452 0.0809612 -0.0425931
         vertex -0.0151962 0.0809612 -0.0427444
         vertex -0.0189 0.0809612 -0.039189
      endloop
   endfacet
   facet normal -6.12323e-17 1 0
      outer loop
         vertex -0.0147894 0.0809612 -0.0420682
         vertex -0.0148992 0.0809612 -0.0421841
         vertex -0.0189 0.0809612 -0.039189
      endloop
   endfacet
   facet normal -6.12323e-17 1 0
      outer loop
         vertex -0.013775 0.0809612 -0.041664
         vertex -0.0139345 0.0809612 -0.0416727
         vertex -0.0116 0.0809612 -0.039189
      endloop
   endfacet
   facet normal -6.12323e-17 1 0
      outer loop
         vertex -0.0116 0.0809612 -0.039189
         vertex -0.013304 0.0809612 -0.0417412
         vertex -0.0134579 0.0809612 -0.0416985
      endloop
   endfacet
   facet normal -6.12323e-17 1 0
      outer loop
         vertex -0.0127606 0.0809612 -0.0420682
         vertex -0.0128824 0.0809612 -0.0419648
         vertex -0.0116 0.0809612 -0.039189
      endloop
   endfacet
   facet normal -6.12323e-17 1 0
      outer loop
         vertex -0.0124718 0.0809612 -0.0438299
         vertex -0.0124048 0.0809612 -0.043685
         vertex -0.0116 0.0809612 -0.048264
      endloop
   endfacet
   facet normal -6.12323e-17 1 0
      outer loop
         vertex -0.0116 0.0809612 -0.048264
         vertex -0.0136155 0.0809612 -0.0446054
         vertex -0.0134579 0.0809612 -0.0445795
      endloop
   endfacet
   facet normal -6.12323e-17 1 0
      outer loop
         vertex -0.0116 0.0809612 -0.048264
         vertex -0.0139345 0.0809612 -0.0446054
         vertex -0.013775 0.0809612 -0.044614
      endloop
   endfacet
   facet normal -6.12323e-17 1 0
      outer loop
         vertex -0.0116 0.0809612 -0.048264
         vertex -0.0189 0.0809612 -0.048264
         vertex -0.0140921 0.0809612 -0.0445795
      endloop
   endfacet
   facet normal -6.12323e-17 1 0
      outer loop
         vertex -0.0189 0.0809612 -0.048264
         vertex -0.0146676 0.0809612 -0.0443133
         vertex -0.0145354 0.0809612 -0.0444029
      endloop
   endfacet
   facet normal -6.12323e-17 1 0
      outer loop
         vertex -0.0149958 0.0809612 -0.0439668
         vertex -0.0148992 0.0809612 -0.0440939
         vertex -0.0189 0.0809612 -0.048264
      endloop
   endfacet
   facet normal -6.12323e-17 1 0
      outer loop
         vertex -0.0152478 0.0809612 -0.0432189
         vertex -0.0152306 0.0809612 -0.0433776
         vertex -0.0189 0.0809612 -0.048264
      endloop
   endfacet
   facet normal -6.12323e-17 1 0
      outer loop
         vertex -0.0149958 0.0809612 -0.0423113
         vertex -0.0150782 0.0809612 -0.0424481
         vertex -0.0189 0.0809612 -0.039189
      endloop
   endfacet
   facet normal -6.12323e-17 1 0
      outer loop
         vertex -0.0134579 0.0809612 -0.0416985
         vertex -0.0136155 0.0809612 -0.0416727
         vertex -0.0116 0.0809612 -0.039189
      endloop
   endfacet
   facet normal -6.12323e-17 1 0
      outer loop
         vertex -0.0116 0.0809612 -0.039189
         vertex -0.0130146 0.0809612 -0.0418752
         vertex -0.0131557 0.0809612 -0.0418003
      endloop
   endfacet
   facet normal -6.12323e-17 1 0
      outer loop
         vertex -0.0124048 0.0809612 -0.0425931
         vertex -0.0124718 0.0809612 -0.0424481
         vertex -0.0116 0.0809612 -0.039189
      endloop
   endfacet
   facet normal -6.12323e-17 1 0
      outer loop
         vertex -0.013775 0.0809612 -0.044614
         vertex -0.0136155 0.0809612 -0.0446054
         vertex -0.0116 0.0809612 -0.048264
      endloop
   endfacet
   facet normal -6.12323e-17 1 0
      outer loop
         vertex -0.0189 0.0809612 -0.048264
         vertex -0.014246 0.0809612 -0.0445368
         vertex -0.0140921 0.0809612 -0.0445795
      endloop
   endfacet
   facet normal -6.12323e-17 1 0
      outer loop
         vertex -0.0147894 0.0809612 -0.0442099
         vertex -0.0146676 0.0809612 -0.0443133
         vertex -0.0189 0.0809612 -0.048264
      endloop
   endfacet
   facet normal -6.12323e-17 1 0
      outer loop
         vertex -0.0189 0.0809612 -0.039189
         vertex -0.0152478 0.0809612 -0.0430592
         vertex -0.0152478 0.0809612 -0.0432189
      endloop
   endfacet
   facet normal -6.12323e-17 1 0
      outer loop
         vertex -0.0140921 0.0809612 -0.0416985
         vertex -0.014246 0.0809612 -0.0417412
         vertex -0.0189 0.0809612 -0.039189
      endloop
   endfacet
   facet normal -6.12323e-17 1 0
      outer loop
         vertex -0.0128824 0.0809612 -0.0419648
         vertex -0.0130146 0.0809612 -0.0418752
         vertex -0.0116 0.0809612 -0.039189
      endloop
   endfacet
   facet normal -6.12323e-17 1 0
      outer loop
         vertex -0.0140921 0.0809612 -0.0445795
         vertex -0.0139345 0.0809612 -0.0446054
         vertex -0.0116 0.0809612 -0.048264
      endloop
   endfacet
   facet normal -6.12323e-17 1 0
      outer loop
         vertex -0.0151962 0.0809612 -0.0435336
         vertex -0.0151452 0.0809612 -0.043685
         vertex -0.0189 0.0809612 -0.048264
      endloop
   endfacet
   facet normal -6.12323e-17 1 0
      outer loop
         vertex -0.0131557 0.0809612 -0.0418003
         vertex -0.013304 0.0809612 -0.0417412
         vertex -0.0116 0.0809612 -0.039189
      endloop
   endfacet
   facet normal -6.12323e-17 1 0
      outer loop
         vertex -0.0143943 0.0809612 -0.0444777
         vertex -0.014246 0.0809612 -0.0445368
         vertex -0.0189 0.0809612 -0.048264
      endloop
   endfacet
   facet normal -6.12323e-17 1 0
      outer loop
         vertex -0.0134579 0.0809612 -0.0445795
         vertex -0.013304 0.0809612 -0.0445368
         vertex -0.0116 0.0809612 -0.048264
      endloop
   endfacet
   facet normal -6.12323e-17 1 0
      outer loop
         vertex 0.0192 0.0809612 -0.039189
         vertex 0.0153782 0.0809612 -0.0424481
         vertex 0.0152958 0.0809612 -0.0423113
      endloop
   endfacet
   facet normal -6.12323e-17 1 0
      outer loop
         vertex 0.0192 0.0809612 -0.039189
         vertex 0.0151992 0.0809612 -0.0421841
         vertex 0.0150894 0.0809612 -0.0420682
      endloop
   endfacet
   facet normal -6.12323e-17 1 0
      outer loop
         vertex 0.0192 0.0809612 -0.039189
         vertex 0.0154452 0.0809612 -0.0425931
         vertex 0.0153782 0.0809612 -0.0424481
      endloop
   endfacet
   facet normal -6.12323e-17 1 0
      outer loop
         vertex 0.0152958 0.0809612 -0.0423113
         vertex 0.0151992 0.0809612 -0.0421841
         vertex 0.0192 0.0809612 -0.039189
      endloop
   endfacet
   facet normal -6.12323e-17 1 0
      outer loop
         vertex 0.0192 0.0809612 -0.039189
         vertex 0.0155478 0.0809612 -0.0430592
         vertex 0.0155306 0.0809612 -0.0429004
      endloop
   endfacet
   facet normal -6.12323e-17 1 0
      outer loop
         vertex 0.0192 0.0809612 -0.039189
         vertex 0.0139155 0.0809612 -0.0416727
         vertex 0.0137579 0.0809612 -0.0416985
      endloop
   endfacet
   facet normal -6.12323e-17 1 0
      outer loop
         vertex 0.0150894 0.0809612 -0.0420682
         vertex 0.0149676 0.0809612 -0.0419648
         vertex 0.0192 0.0809612 -0.039189
      endloop
   endfacet
   facet normal -6.12323e-17 1 0
      outer loop
         vertex 0.0155306 0.0809612 -0.0429004
         vertex 0.0154962 0.0809612 -0.0427444
         vertex 0.0192 0.0809612 -0.039189
      endloop
   endfacet
   facet normal -6.12323e-17 1 0
      outer loop
         vertex 0.0192 0.0809612 -0.048264
         vertex 0.0155306 0.0809612 -0.0433776
         vertex 0.0155478 0.0809612 -0.0432189
      endloop
   endfacet
   facet normal -6.12323e-17 1 0
      outer loop
         vertex 0.0192 0.0809612 -0.048264
         vertex 0.0151992 0.0809612 -0.0440939
         vertex 0.0152958 0.0809612 -0.0439668
      endloop
   endfacet
   facet normal -6.12323e-17 1 0
      outer loop
         vertex -0.0116 0.0809612 -0.039189
         vertex 0.013604 0.0809612 -0.0417412
         vertex 0.0134557 0.0809612 -0.0418003
      endloop
   endfacet
   facet normal -6.12323e-17 1 0
      outer loop
         vertex 0.0137579 0.0809612 -0.0416985
         vertex -0.0116 0.0809612 -0.039189
         vertex 0.0192 0.0809612 -0.039189
      endloop
   endfacet
   facet normal -6.12323e-17 1 0
      outer loop
         vertex 0.0192 0.0809612 -0.039189
         vertex 0.0142345 0.0809612 -0.0416727
         vertex 0.014075 0.0809612 -0.041664
      endloop
   endfacet
   facet normal -6.12323e-17 1 0
      outer loop
         vertex 0.0154962 0.0809612 -0.0427444
         vertex 0.0154452 0.0809612 -0.0425931
         vertex 0.0192 0.0809612 -0.039189
      endloop
   endfacet
   facet normal -6.12323e-17 1 0
      outer loop
         vertex 0.0192 0.0809612 -0.048264
         vertex 0.0154962 0.0809612 -0.0435336
         vertex 0.0155306 0.0809612 -0.0433776
      endloop
   endfacet
   facet normal -6.12323e-17 1 0
      outer loop
         vertex 0.0152958 0.0809612 -0.0439668
         vertex 0.0153782 0.0809612 -0.0438299
         vertex 0.0192 0.0809612 -0.048264
      endloop
   endfacet
   facet normal -6.12323e-17 1 0
      outer loop
         vertex 0.0192 0.0809612 -0.048264
         vertex 0.0149676 0.0809612 -0.0443133
         vertex 0.0150894 0.0809612 -0.0442099
      endloop
   endfacet
   facet normal -6.12323e-17 1 0
      outer loop
         vertex 0.0192 0.0809612 -0.048264
         vertex 0.014546 0.0809612 -0.0445368
         vertex 0.0146943 0.0809612 -0.0444777
      endloop
   endfacet
   facet normal -6.12323e-17 1 0
      outer loop
         vertex -0.0116 0.0809612 -0.048264
         vertex 0.0127718 0.0809612 -0.0438299
         vertex 0.0128542 0.0809612 -0.0439668
      endloop
   endfacet
   facet normal -6.12323e-17 1 0
      outer loop
         vertex -0.0116 0.0809612 -0.039189
         vertex 0.0126538 0.0809612 -0.0427444
         vertex 0.0126194 0.0809612 -0.0429004
      endloop
   endfacet
   facet normal -6.12323e-17 1 0
      outer loop
         vertex -0.0116 0.0809612 -0.039189
         vertex 0.0127718 0.0809612 -0.0424481
         vertex 0.0127048 0.0809612 -0.0425931
      endloop
   endfacet
   facet normal -6.12323e-17 1 0
      outer loop
         vertex -0.0116 0.0809612 -0.039189
         vertex 0.0131824 0.0809612 -0.0419648
         vertex 0.0130606 0.0809612 -0.0420682
      endloop
   endfacet
   facet normal -6.12323e-17 1 0
      outer loop
         vertex 0.0134557 0.0809612 -0.0418003
         vertex 0.0133146 0.0809612 -0.0418752
         vertex -0.0116 0.0809612 -0.039189
      endloop
   endfacet
   facet normal -6.12323e-17 1 0
      outer loop
         vertex 0.014075 0.0809612 -0.041664
         vertex 0.0139155 0.0809612 -0.0416727
         vertex 0.0192 0.0809612 -0.039189
      endloop
   endfacet
   facet normal -6.12323e-17 1 0
      outer loop
         vertex 0.0192 0.0809612 -0.039189
         vertex 0.014546 0.0809612 -0.0417412
         vertex 0.0143921 0.0809612 -0.0416985
      endloop
   endfacet
   facet normal -6.12323e-17 1 0
      outer loop
         vertex 0.0192 0.0809612 -0.039189
         vertex 0.0155478 0.0809612 -0.0432189
         vertex 0.0155478 0.0809612 -0.0430592
      endloop
   endfacet
   facet normal -6.12323e-17 1 0
      outer loop
         vertex 0.0192 0.0809612 -0.048264
         vertex 0.0154452 0.0809612 -0.043685
         vertex 0.0154962 0.0809612 -0.0435336
      endloop
   endfacet
   facet normal -6.12323e-17 1 0
      outer loop
         vertex 0.0150894 0.0809612 -0.0442099
         vertex 0.0151992 0.0809612 -0.0440939
         vertex 0.0192 0.0809612 -0.048264
      endloop
   endfacet
   facet normal -6.12323e-17 1 0
      outer loop
         vertex 0.0146943 0.0809612 -0.0444777
         vertex 0.0148354 0.0809612 -0.0444029
         vertex 0.0192 0.0809612 -0.048264
      endloop
   endfacet
   facet normal -6.12323e-17 1 0
      outer loop
         vertex -0.0116 0.0809612 -0.048264
         vertex 0.0131824 0.0809612 -0.0443133
         vertex 0.0133146 0.0809612 -0.0444029
      endloop
   endfacet
   facet normal -6.12323e-17 1 0
      outer loop
         vertex -0.0116 0.0809612 -0.048264
         vertex 0.0129508 0.0809612 -0.0440939
         vertex 0.0130606 0.0809612 -0.0442099
      endloop
   endfacet
   facet normal -6.12323e-17 1 0
      outer loop
         vertex -0.0116 0.0809612 -0.048264
         vertex 0.0127048 0.0809612 -0.043685
         vertex 0.0127718 0.0809612 -0.0438299
      endloop
   endfacet
   facet normal -6.12323e-17 1 0
      outer loop
         vertex -0.0116 0.0809612 -0.048264
         vertex 0.0126194 0.0809612 -0.0433776
         vertex 0.0126538 0.0809612 -0.0435336
      endloop
   endfacet
   facet normal -6.12323e-17 1 0
      outer loop
         vertex 0.0127048 0.0809612 -0.0425931
         vertex 0.0126538 0.0809612 -0.0427444
         vertex -0.0116 0.0809612 -0.039189
      endloop
   endfacet
   facet normal -6.12323e-17 1 0
      outer loop
         vertex -0.0116 0.0809612 -0.039189
         vertex 0.0129508 0.0809612 -0.0421841
         vertex 0.0128542 0.0809612 -0.0423113
      endloop
   endfacet
   facet normal -6.12323e-17 1 0
      outer loop
         vertex 0.0133146 0.0809612 -0.0418752
         vertex 0.0131824 0.0809612 -0.0419648
         vertex -0.0116 0.0809612 -0.039189
      endloop
   endfacet
   facet normal -6.12323e-17 1 0
      outer loop
         vertex 0.0143921 0.0809612 -0.0416985
         vertex 0.0142345 0.0809612 -0.0416727
         vertex 0.0192 0.0809612 -0.039189
      endloop
   endfacet
   facet normal -6.12323e-17 1 0
      outer loop
         vertex 0.0155478 0.0809612 -0.0432189
         vertex 0.0192 0.0809612 -0.039189
         vertex 0.0192 0.0809612 -0.048264
      endloop
   endfacet
   facet normal -6.12323e-17 1 0
      outer loop
         vertex 0.0148354 0.0809612 -0.0444029
         vertex 0.0149676 0.0809612 -0.0443133
         vertex 0.0192 0.0809612 -0.048264
      endloop
   endfacet
   facet normal -6.12323e-17 1 0
      outer loop
         vertex 0.0192 0.0809612 -0.048264
         vertex 0.0142345 0.0809612 -0.0446054
         vertex 0.0143921 0.0809612 -0.0445795
      endloop
   endfacet
   facet normal -6.12323e-17 1 0
      outer loop
         vertex 0.0192 0.0809612 -0.048264
         vertex 0.0139155 0.0809612 -0.0446054
         vertex 0.014075 0.0809612 -0.044614
      endloop
   endfacet
   facet normal -6.12323e-17 1 0
      outer loop
         vertex -0.0116 0.0809612 -0.048264
         vertex 0.013604 0.0809612 -0.0445368
         vertex 0.0137579 0.0809612 -0.0445795
      endloop
   endfacet
   facet normal -6.12323e-17 1 0
      outer loop
         vertex 0.0133146 0.0809612 -0.0444029
         vertex 0.0134557 0.0809612 -0.0444777
         vertex -0.0116 0.0809612 -0.048264
      endloop
   endfacet
   facet normal -6.12323e-17 1 0
      outer loop
         vertex 0.0128542 0.0809612 -0.0439668
         vertex 0.0129508 0.0809612 -0.0440939
         vertex -0.0116 0.0809612 -0.048264
      endloop
   endfacet
   facet normal -6.12323e-17 1 0
      outer loop
         vertex -0.0116 0.0809612 -0.048264
         vertex 0.0126022 0.0809612 -0.0432189
         vertex 0.0126194 0.0809612 -0.0433776
      endloop
   endfacet
   facet normal -6.12323e-17 1 0
      outer loop
         vertex -0.0116 0.0809612 -0.039189
         vertex 0.0126022 0.0809612 -0.0430592
         vertex 0.0126022 0.0809612 -0.0432189
      endloop
   endfacet
   facet normal -6.12323e-17 1 0
      outer loop
         vertex 0.0128542 0.0809612 -0.0423113
         vertex 0.0127718 0.0809612 -0.0424481
         vertex -0.0116 0.0809612 -0.039189
      endloop
   endfacet
   facet normal -6.12323e-17 1 0
      outer loop
         vertex 0.0137579 0.0809612 -0.0416985
         vertex 0.013604 0.0809612 -0.0417412
         vertex -0.0116 0.0809612 -0.039189
      endloop
   endfacet
   facet normal -6.12323e-17 1 0
      outer loop
         vertex 0.0192 0.0809612 -0.039189
         vertex 0.0148354 0.0809612 -0.0418752
         vertex 0.0146943 0.0809612 -0.0418003
      endloop
   endfacet
   facet normal -6.12323e-17 1 0
      outer loop
         vertex 0.0153782 0.0809612 -0.0438299
         vertex 0.0154452 0.0809612 -0.043685
         vertex 0.0192 0.0809612 -0.048264
      endloop
   endfacet
   facet normal -6.12323e-17 1 0
      outer loop
         vertex 0.014075 0.0809612 -0.044614
         vertex 0.0142345 0.0809612 -0.0446054
         vertex 0.0192 0.0809612 -0.048264
      endloop
   endfacet
   facet normal -6.12323e-17 1 0
      outer loop
         vertex 0.0137579 0.0809612 -0.0445795
         vertex 0.0192 0.0809612 -0.048264
         vertex -0.0116 0.0809612 -0.048264
      endloop
   endfacet
   facet normal -6.12323e-17 1 0
      outer loop
         vertex 0.0130606 0.0809612 -0.0442099
         vertex 0.0131824 0.0809612 -0.0443133
         vertex -0.0116 0.0809612 -0.048264
      endloop
   endfacet
   facet normal -6.12323e-17 1 0
      outer loop
         vertex 0.0126022 0.0809612 -0.0432189
         vertex -0.0116 0.0809612 -0.048264
         vertex -0.0116 0.0809612 -0.039189
      endloop
   endfacet
   facet normal -6.12323e-17 1 0
      outer loop
         vertex 0.0130606 0.0809612 -0.0420682
         vertex 0.0129508 0.0809612 -0.0421841
         vertex -0.0116 0.0809612 -0.039189
      endloop
   endfacet
   facet normal -6.12323e-17 1 0
      outer loop
         vertex 0.0149676 0.0809612 -0.0419648
         vertex 0.0148354 0.0809612 -0.0418752
         vertex 0.0192 0.0809612 -0.039189
      endloop
   endfacet
   facet normal -6.12323e-17 1 0
      outer loop
         vertex 0.0137579 0.0809612 -0.0445795
         vertex 0.0139155 0.0809612 -0.0446054
         vertex 0.0192 0.0809612 -0.048264
      endloop
   endfacet
   facet normal -6.12323e-17 1 0
      outer loop
         vertex 0.0126538 0.0809612 -0.0435336
         vertex 0.0127048 0.0809612 -0.043685
         vertex -0.0116 0.0809612 -0.048264
      endloop
   endfacet
   facet normal -6.12323e-17 1 0
      outer loop
         vertex 0.0146943 0.0809612 -0.0418003
         vertex 0.014546 0.0809612 -0.0417412
         vertex 0.0192 0.0809612 -0.039189
      endloop
   endfacet
   facet normal -6.12323e-17 1 0
      outer loop
         vertex 0.0134557 0.0809612 -0.0444777
         vertex 0.013604 0.0809612 -0.0445368
         vertex -0.0116 0.0809612 -0.048264
      endloop
   endfacet
   facet normal -6.12323e-17 1 0
      outer loop
         vertex 0.0143921 0.0809612 -0.0445795
         vertex 0.014546 0.0809612 -0.0445368
         vertex 0.0192 0.0809612 -0.048264
      endloop
   endfacet
   facet normal -6.12323e-17 1 0
      outer loop
         vertex 0.0126194 0.0809612 -0.0429004
         vertex 0.0126022 0.0809612 -0.0430592
         vertex -0.0116 0.0809612 -0.039189
      endloop
   endfacet
   facet normal -6.12323e-17 1 0
      outer loop
         vertex -0.0152306 0.0809612 -0.0429004
         vertex -0.0152478 0.0809612 -0.0430592
         vertex -0.0189 0.0809612 -0.039189
      endloop
   endfacet
   facet normal -6.12323e-17 1 0
      outer loop
         vertex -0.010889 0.0809612 -0.028855
         vertex -0.0109 0.0809612 -0.029064
         vertex -0.0116 0.0809612 -0.010164
      endloop
   endfacet
   facet normal -6.12323e-17 1 0
      outer loop
         vertex -0.0152306 0.0809612 -0.0150504
         vertex -0.0152478 0.0809612 -0.0152092
         vertex -0.0189 0.0809612 -0.010164
      endloop
   endfacet
   facet normal 1 6.12323e-17 0
      outer loop
         vertex 0.0192 0.0809612 -0.039189
         vertex 0.0192 0.0809612 -0.010164
         vertex 0.0192 0.0793612 -0.020139
      endloop
   endfacet
   facet normal 1 6.12323e-17 0
      outer loop
         vertex 0.0192 0.0793612 -0.020139
         vertex 0.0192 0.0793612 -0.032304
         vertex 0.0192 0.0809612 -0.039189
      endloop
   endfacet
   facet normal 1 6.12323e-17 0
      outer loop
         vertex 0.0192 0.0809612 -0.010164
         vertex 0.0192 0.0793612 -0.013664
         vertex 0.0192 0.0793612 -0.020139
      endloop
   endfacet
   facet normal 1 6.12323e-17 0
      outer loop
         vertex 0.0192 0.0809612 -0.010164
         vertex 0.0192 0.0793612 -0.010164
         vertex 0.0192 0.0793612 -0.013664
      endloop
   endfacet
   facet normal 1 6.12323e-17 0
      outer loop
         vertex 0.0192 0.0809612 -0.048264
         vertex 0.0192 0.0809612 -0.039189
         vertex 0.0192 0.0793612 -0.044754
      endloop
   endfacet
   facet normal 1 6.12323e-17 0
      outer loop
         vertex 0.0192 0.0793612 -0.044754
         vertex 0.0192 0.0793612 -0.048264
         vertex 0.0192 0.0809612 -0.048264
      endloop
   endfacet
   facet normal 1 6.12323e-17 0
      outer loop
         vertex 0.0192 0.0793612 -0.032304
         vertex 0.0192 0.0793612 -0.044754
         vertex 0.0192 0.0809612 -0.039189
      endloop
   endfacet
   facet normal 0 0 1
      outer loop
         vertex 0.0192 0.0809612 -0.010164
         vertex 0.0099 0.0793612 -0.010164
         vertex 0.01175 0.0793612 -0.010164
      endloop
   endfacet
   facet normal 0 0 1
      outer loop
         vertex 0.0192 0.0809612 -0.010164
         vertex -0.0116 0.0809612 -0.010164
         vertex -0.00095 0.0793612 -0.010164
      endloop
   endfacet
   facet normal 0 0 1
      outer loop
         vertex -0.017075 0.0793612 -0.010164
         vertex -0.0088 0.0793612 -0.010164
         vertex -0.0116 0.0809612 -0.010164
      endloop
   endfacet
   facet normal 0 0 1
      outer loop
         vertex -0.00095 0.0793612 -0.010164
         vertex 0.0099 0.0793612 -0.010164
         vertex 0.0192 0.0809612 -0.010164
      endloop
   endfacet
   facet normal 0 0 1
      outer loop
         vertex -0.0189 0.0809612 -0.010164
         vertex -0.0189 0.0793612 -0.010164
         vertex -0.017075 0.0793612 -0.010164
      endloop
   endfacet
   facet normal 0 0 1
      outer loop
         vertex -0.0116 0.0809612 -0.010164
         vertex -0.0088 0.0793612 -0.010164
         vertex -0.00095 0.0793612 -0.010164
      endloop
   endfacet
   facet normal 0 0 1
      outer loop
         vertex 0.01175 0.0793612 -0.010164
         vertex 0.0192 0.0793612 -0.010164
         vertex 0.0192 0.0809612 -0.010164
      endloop
   endfacet
   facet normal 0 0 1
      outer loop
         vertex -0.0116 0.0809612 -0.010164
         vertex -0.0189 0.0809612 -0.010164
         vertex -0.017075 0.0793612 -0.010164
      endloop
   endfacet
   facet normal -1 -6.12323e-17 0
      outer loop
         vertex -0.0189 0.0809612 -0.010164
         vertex -0.0189 0.0793612 -0.020139
         vertex -0.0189 0.0793612 -0.013664
      endloop
   endfacet
   facet normal -1 -6.12323e-17 0
      outer loop
         vertex -0.0189 0.0809612 -0.039189
         vertex -0.0189 0.0793612 -0.032304
         vertex -0.0189 0.0793612 -0.020139
      endloop
   endfacet
   facet normal -1 -6.12323e-17 0
      outer loop
         vertex -0.0189 0.0793612 -0.020139
         vertex -0.0189 0.0809612 -0.010164
         vertex -0.0189 0.0809612 -0.039189
      endloop
   endfacet
   facet normal -1 -6.12323e-17 0
      outer loop
         vertex -0.0189 0.0809612 -0.048264
         vertex -0.0189 0.0793612 -0.048264
         vertex -0.0189 0.0793612 -0.044754
      endloop
   endfacet
   facet normal -1 -6.12323e-17 0
      outer loop
         vertex -0.0189 0.0809612 -0.039189
         vertex -0.0189 0.0793612 -0.044754
         vertex -0.0189 0.0793612 -0.032304
      endloop
   endfacet
   facet normal -1 -6.12323e-17 0
      outer loop
         vertex -0.0189 0.0793612 -0.013664
         vertex -0.0189 0.0793612 -0.010164
         vertex -0.0189 0.0809612 -0.010164
      endloop
   endfacet
   facet normal -1 -6.12323e-17 0
      outer loop
         vertex -0.0189 0.0793612 -0.044754
         vertex -0.0189 0.0809612 -0.039189
         vertex -0.0189 0.0809612 -0.048264
      endloop
   endfacet
   facet normal 1.82123e-16 1.11518e-32 -1
      outer loop
         vertex 0.0192 0.0809612 -0.048264
         vertex 0.0099 0.0793612 -0.048264
         vertex -0.00095 0.0793612 -0.048264
      endloop
   endfacet
   facet normal 1.82123e-16 1.11518e-32 -1
      outer loop
         vertex -0.00095 0.0793612 -0.048264
         vertex -0.0116 0.0809612 -0.048264
         vertex 0.0192 0.0809612 -0.048264
      endloop
   endfacet
   facet normal 1.82123e-16 1.11518e-32 -1
      outer loop
         vertex 0.0192 0.0809612 -0.048264
         vertex 0.01175 0.0793612 -0.048264
         vertex 0.0099 0.0793612 -0.048264
      endloop
   endfacet
   facet normal 1.82123e-16 1.11518e-32 -1
      outer loop
         vertex -0.017075 0.0793612 -0.048264
         vertex -0.0189 0.0809612 -0.048264
         vertex -0.0116 0.0809612 -0.048264
      endloop
   endfacet
   facet normal 1.82123e-16 1.11518e-32 -1
      outer loop
         vertex 0.0192 0.0809612 -0.048264
         vertex 0.0192 0.0793612 -0.048264
         vertex 0.01175 0.0793612 -0.048264
      endloop
   endfacet
   facet normal 1.82123e-16 1.11518e-32 -1
      outer loop
         vertex -0.0116 0.0809612 -0.048264
         vertex -0.0088 0.0793612 -0.048264
         vertex -0.017075 0.0793612 -0.048264
      endloop
   endfacet
   facet normal 1.82123e-16 1.11518e-32 -1
      outer loop
         vertex -0.017075 0.0793612 -0.048264
         vertex -0.0189 0.0793612 -0.048264
         vertex -0.0189 0.0809612 -0.048264
      endloop
   endfacet
   facet normal 1.82123e-16 1.11518e-32 -1
      outer loop
         vertex -0.00095 0.0793612 -0.048264
         vertex -0.0088 0.0793612 -0.048264
         vertex -0.0116 0.0809612 -0.048264
      endloop
   endfacet
   facet normal 0.108119 6.62038e-18 -0.994138
      outer loop
         vertex -0.0139345 0.0809612 -0.0416727
         vertex -0.013775 0.0809612 -0.041664
         vertex -0.013775 0.0793612 -0.041664
      endloop
   endfacet
   facet normal 0.21497 1.31631e-17 -0.976621
      outer loop
         vertex -0.0140921 0.0809612 -0.0416985
         vertex -0.0139345 0.0809612 -0.0416727
         vertex -0.0139345 0.0793612 -0.0416727
      endloop
   endfacet
   facet normal 0.319302 1.95516e-17 -0.947653
      outer loop
         vertex -0.014246 0.0809612 -0.0417412
         vertex -0.0140921 0.0809612 -0.0416985
         vertex -0.0140921 0.0793612 -0.0416985
      endloop
   endfacet
   facet normal 0.419889 2.57108e-17 -0.907575
      outer loop
         vertex -0.0143943 0.0809612 -0.0418003
         vertex -0.014246 0.0809612 -0.0417412
         vertex -0.014246 0.0793612 -0.0417412
      endloop
   endfacet
   facet normal 0.515554 3.15686e-17 -0.856857
      outer loop
         vertex -0.0145354 0.0809612 -0.0418752
         vertex -0.0143943 0.0809612 -0.0418003
         vertex -0.0143943 0.0793612 -0.0418003
      endloop
   endfacet
   facet normal 0.605174 3.70562e-17 -0.796093
      outer loop
         vertex -0.0146676 0.0809612 -0.0419648
         vertex -0.0145354 0.0809612 -0.0418752
         vertex -0.0145354 0.0793612 -0.0418752
      endloop
   endfacet
   facet normal 0.687699 4.21094e-17 -0.725995
      outer loop
         vertex -0.0147894 0.0809612 -0.0420682
         vertex -0.0146676 0.0809612 -0.0419648
         vertex -0.0146676 0.0793612 -0.0419648
      endloop
   endfacet
   facet normal 0.762162 4.6669e-17 -0.647386
      outer loop
         vertex -0.0148992 0.0809612 -0.0421841
         vertex -0.0147894 0.0809612 -0.0420682
         vertex -0.0147894 0.0793612 -0.0420682
      endloop
   endfacet
   facet normal 0.827689 5.06813e-17 -0.561187
      outer loop
         vertex -0.0149958 0.0809612 -0.0423113
         vertex -0.0148992 0.0809612 -0.0421841
         vertex -0.0148992 0.0793612 -0.0421841
      endloop
   endfacet
   facet normal 0.883512 5.40995e-17 -0.468408
      outer loop
         vertex -0.0150782 0.0809612 -0.0424481
         vertex -0.0149958 0.0809612 -0.0423113
         vertex -0.0149958 0.0793612 -0.0423113
      endloop
   endfacet
   facet normal 0.928977 5.68834e-17 -0.370138
      outer loop
         vertex -0.0151452 0.0809612 -0.0425931
         vertex -0.0150782 0.0809612 -0.0424481
         vertex -0.0150782 0.0793612 -0.0424481
      endloop
   endfacet
   facet normal 0.96355 5.90004e-17 -0.267528
      outer loop
         vertex -0.0151962 0.0809612 -0.0427444
         vertex -0.0151452 0.0809612 -0.0425931
         vertex -0.0151452 0.0793612 -0.0425931
      endloop
   endfacet
   facet normal 0.986827 6.04257e-17 -0.161782
      outer loop
         vertex -0.0152306 0.0809612 -0.0429004
         vertex -0.0151962 0.0809612 -0.0427444
         vertex -0.0151962 0.0793612 -0.0427444
      endloop
   endfacet
   facet normal 0.998533 6.11425e-17 -0.0541389
      outer loop
         vertex -0.0152478 0.0809612 -0.0430592
         vertex -0.0152306 0.0809612 -0.0429004
         vertex -0.0152306 0.0793612 -0.0429004
      endloop
   endfacet
   facet normal 0.998533 6.11425e-17 0.0541389
      outer loop
         vertex -0.0152478 0.0809612 -0.0432189
         vertex -0.0152478 0.0809612 -0.0430592
         vertex -0.0152478 0.0793612 -0.0430592
      endloop
   endfacet
   facet normal 0.986827 6.04257e-17 0.161782
      outer loop
         vertex -0.0152306 0.0809612 -0.0433776
         vertex -0.0152478 0.0809612 -0.0432189
         vertex -0.0152478 0.0793612 -0.0432189
      endloop
   endfacet
   facet normal 0.96355 5.90004e-17 0.267528
      outer loop
         vertex -0.0151962 0.0809612 -0.0435336
         vertex -0.0152306 0.0809612 -0.0433776
         vertex -0.0152306 0.0793612 -0.0433776
      endloop
   endfacet
   facet normal 0.928977 5.68834e-17 0.370138
      outer loop
         vertex -0.0151452 0.0809612 -0.043685
         vertex -0.0151962 0.0809612 -0.0435336
         vertex -0.0151962 0.0793612 -0.0435336
      endloop
   endfacet
   facet normal 0.883512 5.40995e-17 0.468408
      outer loop
         vertex -0.0150782 0.0809612 -0.0438299
         vertex -0.0151452 0.0809612 -0.043685
         vertex -0.0151452 0.0793612 -0.043685
      endloop
   endfacet
   facet normal 0.827689 5.06813e-17 0.561187
      outer loop
         vertex -0.0149958 0.0809612 -0.0439668
         vertex -0.0150782 0.0809612 -0.0438299
         vertex -0.0150782 0.0793612 -0.0438299
      endloop
   endfacet
   facet normal 0.762162 4.6669e-17 0.647386
      outer loop
         vertex -0.0148992 0.0809612 -0.0440939
         vertex -0.0149958 0.0809612 -0.0439668
         vertex -0.0149958 0.0793612 -0.0439668
      endloop
   endfacet
   facet normal 0.687699 4.21094e-17 0.725995
      outer loop
         vertex -0.0147894 0.0809612 -0.0442099
         vertex -0.0148992 0.0809612 -0.0440939
         vertex -0.0148992 0.0793612 -0.0440939
      endloop
   endfacet
   facet normal 0.605174 3.70562e-17 0.796093
      outer loop
         vertex -0.0146676 0.0809612 -0.0443133
         vertex -0.0147894 0.0809612 -0.0442099
         vertex -0.0147894 0.0793612 -0.0442099
      endloop
   endfacet
   facet normal 0.515554 3.15686e-17 0.856857
      outer loop
         vertex -0.0145354 0.0809612 -0.0444029
         vertex -0.0146676 0.0809612 -0.0443133
         vertex -0.0146676 0.0793612 -0.0443133
      endloop
   endfacet
   facet normal 0.419889 2.57108e-17 0.907575
      outer loop
         vertex -0.0143943 0.0809612 -0.0444777
         vertex -0.0145354 0.0809612 -0.0444029
         vertex -0.0145354 0.0793612 -0.0444029
      endloop
   endfacet
   facet normal 0.319302 1.95516e-17 0.947653
      outer loop
         vertex -0.014246 0.0809612 -0.0445368
         vertex -0.0143943 0.0809612 -0.0444777
         vertex -0.0143943 0.0793612 -0.0444777
      endloop
   endfacet
   facet normal 0.21497 1.31631e-17 0.976621
      outer loop
         vertex -0.0140921 0.0809612 -0.0445795
         vertex -0.014246 0.0809612 -0.0445368
         vertex -0.014246 0.0793612 -0.0445368
      endloop
   endfacet
   facet normal 0.108119 6.62038e-18 0.994138
      outer loop
         vertex -0.0139345 0.0809612 -0.0446054
         vertex -0.0140921 0.0809612 -0.0445795
         vertex -0.0140921 0.0793612 -0.0445795
      endloop
   endfacet
   facet normal -1.22465e-16 -7.4988e-33 1
      outer loop
         vertex -0.013775 0.0809612 -0.044614
         vertex -0.0139345 0.0809612 -0.0446054
         vertex -0.0139345 0.0793612 -0.0446054
      endloop
   endfacet
   facet normal -0.108119 -6.62038e-18 0.994138
      outer loop
         vertex -0.0136155 0.0809612 -0.0446054
         vertex -0.013775 0.0809612 -0.044614
         vertex -0.013775 0.0793612 -0.044614
      endloop
   endfacet
   facet normal -0.21497 -1.31631e-17 0.976621
      outer loop
         vertex -0.0134579 0.0809612 -0.0445795
         vertex -0.0136155 0.0809612 -0.0446054
         vertex -0.0136155 0.0793612 -0.0446054
      endloop
   endfacet
   facet normal -0.319302 -1.95516e-17 0.947653
      outer loop
         vertex -0.013304 0.0809612 -0.0445368
         vertex -0.0134579 0.0809612 -0.0445795
         vertex -0.0134579 0.0793612 -0.0445795
      endloop
   endfacet
   facet normal -0.419889 -2.57108e-17 0.907575
      outer loop
         vertex -0.0131557 0.0809612 -0.0444777
         vertex -0.013304 0.0809612 -0.0445368
         vertex -0.013304 0.0793612 -0.0445368
      endloop
   endfacet
   facet normal -0.515554 -3.15686e-17 0.856857
      outer loop
         vertex -0.0130146 0.0809612 -0.0444029
         vertex -0.0131557 0.0809612 -0.0444777
         vertex -0.0131557 0.0793612 -0.0444777
      endloop
   endfacet
   facet normal -0.605174 -3.70562e-17 0.796093
      outer loop
         vertex -0.0128824 0.0809612 -0.0443133
         vertex -0.0130146 0.0809612 -0.0444029
         vertex -0.0130146 0.0793612 -0.0444029
      endloop
   endfacet
   facet normal -0.687699 -4.21094e-17 0.725995
      outer loop
         vertex -0.0127606 0.0809612 -0.0442099
         vertex -0.0128824 0.0809612 -0.0443133
         vertex -0.0128824 0.0793612 -0.0443133
      endloop
   endfacet
   facet normal -0.762162 -4.6669e-17 0.647386
      outer loop
         vertex -0.0126508 0.0809612 -0.0440939
         vertex -0.0127606 0.0809612 -0.0442099
         vertex -0.0127606 0.0793612 -0.0442099
      endloop
   endfacet
   facet normal -0.827689 -5.06813e-17 0.561187
      outer loop
         vertex -0.0125542 0.0809612 -0.0439668
         vertex -0.0126508 0.0809612 -0.0440939
         vertex -0.0126508 0.0793612 -0.0440939
      endloop
   endfacet
   facet normal -0.883512 -5.40995e-17 0.468408
      outer loop
         vertex -0.0124718 0.0809612 -0.0438299
         vertex -0.0125542 0.0809612 -0.0439668
         vertex -0.0125542 0.0793612 -0.0439668
      endloop
   endfacet
   facet normal -0.928977 -5.68834e-17 0.370138
      outer loop
         vertex -0.0124048 0.0809612 -0.043685
         vertex -0.0124718 0.0809612 -0.0438299
         vertex -0.0124718 0.0793612 -0.0438299
      endloop
   endfacet
   facet normal -0.96355 -5.90004e-17 0.267528
      outer loop
         vertex -0.0123538 0.0809612 -0.0435336
         vertex -0.0124048 0.0809612 -0.043685
         vertex -0.0124048 0.0793612 -0.043685
      endloop
   endfacet
   facet normal -0.986827 -6.04257e-17 0.161782
      outer loop
         vertex -0.0123194 0.0809612 -0.0433776
         vertex -0.0123538 0.0809612 -0.0435336
         vertex -0.0123538 0.0793612 -0.0435336
      endloop
   endfacet
   facet normal -0.998533 -6.11425e-17 0.0541389
      outer loop
         vertex -0.0123022 0.0809612 -0.0432189
         vertex -0.0123194 0.0809612 -0.0433776
         vertex -0.0123194 0.0793612 -0.0433776
      endloop
   endfacet
   facet normal -0.998533 -6.11425e-17 -0.0541389
      outer loop
         vertex -0.0123022 0.0809612 -0.0430592
         vertex -0.0123022 0.0809612 -0.0432189
         vertex -0.0123022 0.0793612 -0.0432189
      endloop
   endfacet
   facet normal -0.986827 -6.04257e-17 -0.161782
      outer loop
         vertex -0.0123194 0.0809612 -0.0429004
         vertex -0.0123022 0.0809612 -0.0430592
         vertex -0.0123022 0.0793612 -0.0430592
      endloop
   endfacet
   facet normal -0.96355 -5.90004e-17 -0.267528
      outer loop
         vertex -0.0123538 0.0809612 -0.0427444
         vertex -0.0123194 0.0809612 -0.0429004
         vertex -0.0123194 0.0793612 -0.0429004
      endloop
   endfacet
   facet normal -0.928977 -5.68834e-17 -0.370138
      outer loop
         vertex -0.0124048 0.0809612 -0.0425931
         vertex -0.0123538 0.0809612 -0.0427444
         vertex -0.0123538 0.0793612 -0.0427444
      endloop
   endfacet
   facet normal -0.883512 -5.40995e-17 -0.468408
      outer loop
         vertex -0.0124718 0.0809612 -0.0424481
         vertex -0.0124048 0.0809612 -0.0425931
         vertex -0.0124048 0.0793612 -0.0425931
      endloop
   endfacet
   facet normal -0.827689 -5.06813e-17 -0.561187
      outer loop
         vertex -0.0125542 0.0809612 -0.0423113
         vertex -0.0124718 0.0809612 -0.0424481
         vertex -0.0124718 0.0793612 -0.0424481
      endloop
   endfacet
   facet normal -0.762162 -4.6669e-17 -0.647386
      outer loop
         vertex -0.0126508 0.0809612 -0.0421841
         vertex -0.0125542 0.0809612 -0.0423113
         vertex -0.0125542 0.0793612 -0.0423113
      endloop
   endfacet
   facet normal -0.687699 -4.21094e-17 -0.725995
      outer loop
         vertex -0.0127606 0.0809612 -0.0420682
         vertex -0.0126508 0.0809612 -0.0421841
         vertex -0.0126508 0.0793612 -0.0421841
      endloop
   endfacet
   facet normal -0.605174 -3.70562e-17 -0.796093
      outer loop
         vertex -0.0128824 0.0809612 -0.0419648
         vertex -0.0127606 0.0809612 -0.0420682
         vertex -0.0127606 0.0793612 -0.0420682
      endloop
   endfacet
   facet normal -0.515554 -3.15686e-17 -0.856857
      outer loop
         vertex -0.0130146 0.0809612 -0.0418752
         vertex -0.0128824 0.0809612 -0.0419648
         vertex -0.0128824 0.0793612 -0.0419648
      endloop
   endfacet
   facet normal -0.419889 -2.57108e-17 -0.907575
      outer loop
         vertex -0.0131557 0.0809612 -0.0418003
         vertex -0.0130146 0.0809612 -0.0418752
         vertex -0.0130146 0.0793612 -0.0418752
      endloop
   endfacet
   facet normal -0.319302 -1.95516e-17 -0.947653
      outer loop
         vertex -0.013304 0.0809612 -0.0417412
         vertex -0.0131557 0.0809612 -0.0418003
         vertex -0.0131557 0.0793612 -0.0418003
      endloop
   endfacet
   facet normal -0.21497 -1.31631e-17 -0.976621
      outer loop
         vertex -0.0134579 0.0809612 -0.0416985
         vertex -0.013304 0.0809612 -0.0417412
         vertex -0.013304 0.0793612 -0.0417412
      endloop
   endfacet
   facet normal -0.108119 -6.62038e-18 -0.994138
      outer loop
         vertex -0.0136155 0.0809612 -0.0416727
         vertex -0.0134579 0.0809612 -0.0416985
         vertex -0.0134579 0.0793612 -0.0416985
      endloop
   endfacet
   facet normal 1.82123e-16 1.11518e-32 -1
      outer loop
         vertex -0.013775 0.0809612 -0.041664
         vertex -0.0136155 0.0809612 -0.0416727
         vertex -0.0136155 0.0793612 -0.0416727
      endloop
   endfacet
   facet normal -0.108119 -6.62038e-18 -0.994138
      outer loop
         vertex -0.0136155 0.0793612 -0.0416727
         vertex -0.013775 0.0793612 -0.041664
         vertex -0.013775 0.0809612 -0.041664
      endloop
   endfacet
   facet normal -0.21497 -1.31631e-17 -0.976621
      outer loop
         vertex -0.0134579 0.0793612 -0.0416985
         vertex -0.0136155 0.0793612 -0.0416727
         vertex -0.0136155 0.0809612 -0.0416727
      endloop
   endfacet
   facet normal -0.319302 -1.95516e-17 -0.947653
      outer loop
         vertex -0.013304 0.0793612 -0.0417412
         vertex -0.0134579 0.0793612 -0.0416985
         vertex -0.0134579 0.0809612 -0.0416985
      endloop
   endfacet
   facet normal -0.419889 -2.57108e-17 -0.907575
      outer loop
         vertex -0.0131557 0.0793612 -0.0418003
         vertex -0.013304 0.0793612 -0.0417412
         vertex -0.013304 0.0809612 -0.0417412
      endloop
   endfacet
   facet normal -0.515554 -3.15686e-17 -0.856857
      outer loop
         vertex -0.0130146 0.0793612 -0.0418752
         vertex -0.0131557 0.0793612 -0.0418003
         vertex -0.0131557 0.0809612 -0.0418003
      endloop
   endfacet
   facet normal -0.605174 -3.70562e-17 -0.796093
      outer loop
         vertex -0.0128824 0.0793612 -0.0419648
         vertex -0.0130146 0.0793612 -0.0418752
         vertex -0.0130146 0.0809612 -0.0418752
      endloop
   endfacet
   facet normal -0.687699 -4.21094e-17 -0.725995
      outer loop
         vertex -0.0127606 0.0793612 -0.0420682
         vertex -0.0128824 0.0793612 -0.0419648
         vertex -0.0128824 0.0809612 -0.0419648
      endloop
   endfacet
   facet normal -0.762162 -4.6669e-17 -0.647386
      outer loop
         vertex -0.0126508 0.0793612 -0.0421841
         vertex -0.0127606 0.0793612 -0.0420682
         vertex -0.0127606 0.0809612 -0.0420682
      endloop
   endfacet
   facet normal -0.827689 -5.06813e-17 -0.561187
      outer loop
         vertex -0.0125542 0.0793612 -0.0423113
         vertex -0.0126508 0.0793612 -0.0421841
         vertex -0.0126508 0.0809612 -0.0421841
      endloop
   endfacet
   facet normal -0.883512 -5.40995e-17 -0.468408
      outer loop
         vertex -0.0124718 0.0793612 -0.0424481
         vertex -0.0125542 0.0793612 -0.0423113
         vertex -0.0125542 0.0809612 -0.0423113
      endloop
   endfacet
   facet normal -0.928977 -5.68834e-17 -0.370138
      outer loop
         vertex -0.0124048 0.0793612 -0.0425931
         vertex -0.0124718 0.0793612 -0.0424481
         vertex -0.0124718 0.0809612 -0.0424481
      endloop
   endfacet
   facet normal -0.96355 -5.90004e-17 -0.267528
      outer loop
         vertex -0.0123538 0.0793612 -0.0427444
         vertex -0.0124048 0.0793612 -0.0425931
         vertex -0.0124048 0.0809612 -0.0425931
      endloop
   endfacet
   facet normal -0.986827 -6.04257e-17 -0.161782
      outer loop
         vertex -0.0123194 0.0793612 -0.0429004
         vertex -0.0123538 0.0793612 -0.0427444
         vertex -0.0123538 0.0809612 -0.0427444
      endloop
   endfacet
   facet normal -0.998533 -6.11425e-17 -0.0541389
      outer loop
         vertex -0.0123022 0.0793612 -0.0430592
         vertex -0.0123194 0.0793612 -0.0429004
         vertex -0.0123194 0.0809612 -0.0429004
      endloop
   endfacet
   facet normal -0.998533 -6.11425e-17 0.0541389
      outer loop
         vertex -0.0123022 0.0793612 -0.0432189
         vertex -0.0123022 0.0793612 -0.0430592
         vertex -0.0123022 0.0809612 -0.0430592
      endloop
   endfacet
   facet normal -0.986827 -6.04257e-17 0.161782
      outer loop
         vertex -0.0123194 0.0793612 -0.0433776
         vertex -0.0123022 0.0793612 -0.0432189
         vertex -0.0123022 0.0809612 -0.0432189
      endloop
   endfacet
   facet normal -0.96355 -5.90004e-17 0.267528
      outer loop
         vertex -0.0123538 0.0793612 -0.0435336
         vertex -0.0123194 0.0793612 -0.0433776
         vertex -0.0123194 0.0809612 -0.0433776
      endloop
   endfacet
   facet normal -0.928977 -5.68834e-17 0.370138
      outer loop
         vertex -0.0124048 0.0793612 -0.043685
         vertex -0.0123538 0.0793612 -0.0435336
         vertex -0.0123538 0.0809612 -0.0435336
      endloop
   endfacet
   facet normal -0.883512 -5.40995e-17 0.468408
      outer loop
         vertex -0.0124718 0.0793612 -0.0438299
         vertex -0.0124048 0.0793612 -0.043685
         vertex -0.0124048 0.0809612 -0.043685
      endloop
   endfacet
   facet normal -0.827689 -5.06813e-17 0.561187
      outer loop
         vertex -0.0125542 0.0793612 -0.0439668
         vertex -0.0124718 0.0793612 -0.0438299
         vertex -0.0124718 0.0809612 -0.0438299
      endloop
   endfacet
   facet normal -0.762162 -4.6669e-17 0.647386
      outer loop
         vertex -0.0126508 0.0793612 -0.0440939
         vertex -0.0125542 0.0793612 -0.0439668
         vertex -0.0125542 0.0809612 -0.0439668
      endloop
   endfacet
   facet normal -0.687699 -4.21094e-17 0.725995
      outer loop
         vertex -0.0127606 0.0793612 -0.0442099
         vertex -0.0126508 0.0793612 -0.0440939
         vertex -0.0126508 0.0809612 -0.0440939
      endloop
   endfacet
   facet normal -0.605174 -3.70562e-17 0.796093
      outer loop
         vertex -0.0128824 0.0793612 -0.0443133
         vertex -0.0127606 0.0793612 -0.0442099
         vertex -0.0127606 0.0809612 -0.0442099
      endloop
   endfacet
   facet normal -0.515554 -3.15686e-17 0.856857
      outer loop
         vertex -0.0130146 0.0793612 -0.0444029
         vertex -0.0128824 0.0793612 -0.0443133
         vertex -0.0128824 0.0809612 -0.0443133
      endloop
   endfacet
   facet normal -0.419889 -2.57108e-17 0.907575
      outer loop
         vertex -0.0131557 0.0793612 -0.0444777
         vertex -0.0130146 0.0793612 -0.0444029
         vertex -0.0130146 0.0809612 -0.0444029
      endloop
   endfacet
   facet normal -0.319302 -1.95516e-17 0.947653
      outer loop
         vertex -0.013304 0.0793612 -0.0445368
         vertex -0.0131557 0.0793612 -0.0444777
         vertex -0.0131557 0.0809612 -0.0444777
      endloop
   endfacet
   facet normal -0.21497 -1.31631e-17 0.976621
      outer loop
         vertex -0.0134579 0.0793612 -0.0445795
         vertex -0.013304 0.0793612 -0.0445368
         vertex -0.013304 0.0809612 -0.0445368
      endloop
   endfacet
   facet normal -0.108119 -6.62038e-18 0.994138
      outer loop
         vertex -0.0136155 0.0793612 -0.0446054
         vertex -0.0134579 0.0793612 -0.0445795
         vertex -0.0134579 0.0809612 -0.0445795
      endloop
   endfacet
   facet normal -1.22465e-16 -7.4988e-33 1
      outer loop
         vertex -0.013775 0.0793612 -0.044614
         vertex -0.0136155 0.0793612 -0.0446054
         vertex -0.0136155 0.0809612 -0.0446054
      endloop
   endfacet
   facet normal 0.108119 6.62038e-18 0.994138
      outer loop
         vertex -0.0139345 0.0793612 -0.0446054
         vertex -0.013775 0.0793612 -0.044614
         vertex -0.013775 0.0809612 -0.044614
      endloop
   endfacet
   facet normal 0.21497 1.31631e-17 0.976621
      outer loop
         vertex -0.0140921 0.0793612 -0.0445795
         vertex -0.0139345 0.0793612 -0.0446054
         vertex -0.0139345 0.0809612 -0.0446054
      endloop
   endfacet
   facet normal 0.319302 1.95516e-17 0.947653
      outer loop
         vertex -0.014246 0.0793612 -0.0445368
         vertex -0.0140921 0.0793612 -0.0445795
         vertex -0.0140921 0.0809612 -0.0445795
      endloop
   endfacet
   facet normal 0.419889 2.57108e-17 0.907575
      outer loop
         vertex -0.0143943 0.0793612 -0.0444777
         vertex -0.014246 0.0793612 -0.0445368
         vertex -0.014246 0.0809612 -0.0445368
      endloop
   endfacet
   facet normal 0.515554 3.15686e-17 0.856857
      outer loop
         vertex -0.0145354 0.0793612 -0.0444029
         vertex -0.0143943 0.0793612 -0.0444777
         vertex -0.0143943 0.0809612 -0.0444777
      endloop
   endfacet
   facet normal 0.605174 3.70562e-17 0.796093
      outer loop
         vertex -0.0146676 0.0793612 -0.0443133
         vertex -0.0145354 0.0793612 -0.0444029
         vertex -0.0145354 0.0809612 -0.0444029
      endloop
   endfacet
   facet normal 0.687699 4.21094e-17 0.725995
      outer loop
         vertex -0.0147894 0.0793612 -0.0442099
         vertex -0.0146676 0.0793612 -0.0443133
         vertex -0.0146676 0.0809612 -0.0443133
      endloop
   endfacet
   facet normal 0.762162 4.6669e-17 0.647386
      outer loop
         vertex -0.0148992 0.0793612 -0.0440939
         vertex -0.0147894 0.0793612 -0.0442099
         vertex -0.0147894 0.0809612 -0.0442099
      endloop
   endfacet
   facet normal 0.827689 5.06813e-17 0.561187
      outer loop
         vertex -0.0149958 0.0793612 -0.0439668
         vertex -0.0148992 0.0793612 -0.0440939
         vertex -0.0148992 0.0809612 -0.0440939
      endloop
   endfacet
   facet normal 0.883512 5.40995e-17 0.468408
      outer loop
         vertex -0.0150782 0.0793612 -0.0438299
         vertex -0.0149958 0.0793612 -0.0439668
         vertex -0.0149958 0.0809612 -0.0439668
      endloop
   endfacet
   facet normal 0.928977 5.68834e-17 0.370138
      outer loop
         vertex -0.0151452 0.0793612 -0.043685
         vertex -0.0150782 0.0793612 -0.0438299
         vertex -0.0150782 0.0809612 -0.0438299
      endloop
   endfacet
   facet normal 0.96355 5.90004e-17 0.267528
      outer loop
         vertex -0.0151962 0.0793612 -0.0435336
         vertex -0.0151452 0.0793612 -0.043685
         vertex -0.0151452 0.0809612 -0.043685
      endloop
   endfacet
   facet normal 0.986827 6.04257e-17 0.161782
      outer loop
         vertex -0.0152306 0.0793612 -0.0433776
         vertex -0.0151962 0.0793612 -0.0435336
         vertex -0.0151962 0.0809612 -0.0435336
      endloop
   endfacet
   facet normal 0.998533 6.11425e-17 0.0541389
      outer loop
         vertex -0.0152478 0.0793612 -0.0432189
         vertex -0.0152306 0.0793612 -0.0433776
         vertex -0.0152306 0.0809612 -0.0433776
      endloop
   endfacet
   facet normal 0.998533 6.11425e-17 -0.0541389
      outer loop
         vertex -0.0152478 0.0793612 -0.0430592
         vertex -0.0152478 0.0793612 -0.0432189
         vertex -0.0152478 0.0809612 -0.0432189
      endloop
   endfacet
   facet normal 0.986827 6.04257e-17 -0.161782
      outer loop
         vertex -0.0152306 0.0793612 -0.0429004
         vertex -0.0152478 0.0793612 -0.0430592
         vertex -0.0152478 0.0809612 -0.0430592
      endloop
   endfacet
   facet normal 0.96355 5.90004e-17 -0.267528
      outer loop
         vertex -0.0151962 0.0793612 -0.0427444
         vertex -0.0152306 0.0793612 -0.0429004
         vertex -0.0152306 0.0809612 -0.0429004
      endloop
   endfacet
   facet normal 0.928977 5.68834e-17 -0.370138
      outer loop
         vertex -0.0151452 0.0793612 -0.0425931
         vertex -0.0151962 0.0793612 -0.0427444
         vertex -0.0151962 0.0809612 -0.0427444
      endloop
   endfacet
   facet normal 0.883512 5.40995e-17 -0.468408
      outer loop
         vertex -0.0150782 0.0793612 -0.0424481
         vertex -0.0151452 0.0793612 -0.0425931
         vertex -0.0151452 0.0809612 -0.0425931
      endloop
   endfacet
   facet normal 0.827689 5.06813e-17 -0.561187
      outer loop
         vertex -0.0149958 0.0793612 -0.0423113
         vertex -0.0150782 0.0793612 -0.0424481
         vertex -0.0150782 0.0809612 -0.0424481
      endloop
   endfacet
   facet normal 0.762162 4.6669e-17 -0.647386
      outer loop
         vertex -0.0148992 0.0793612 -0.0421841
         vertex -0.0149958 0.0793612 -0.0423113
         vertex -0.0149958 0.0809612 -0.0423113
      endloop
   endfacet
   facet normal 0.687699 4.21094e-17 -0.725995
      outer loop
         vertex -0.0147894 0.0793612 -0.0420682
         vertex -0.0148992 0.0793612 -0.0421841
         vertex -0.0148992 0.0809612 -0.0421841
      endloop
   endfacet
   facet normal 0.605174 3.70562e-17 -0.796093
      outer loop
         vertex -0.0146676 0.0793612 -0.0419648
         vertex -0.0147894 0.0793612 -0.0420682
         vertex -0.0147894 0.0809612 -0.0420682
      endloop
   endfacet
   facet normal 0.515554 3.15686e-17 -0.856857
      outer loop
         vertex -0.0145354 0.0793612 -0.0418752
         vertex -0.0146676 0.0793612 -0.0419648
         vertex -0.0146676 0.0809612 -0.0419648
      endloop
   endfacet
   facet normal 0.419889 2.57108e-17 -0.907575
      outer loop
         vertex -0.0143943 0.0793612 -0.0418003
         vertex -0.0145354 0.0793612 -0.0418752
         vertex -0.0145354 0.0809612 -0.0418752
      endloop
   endfacet
   facet normal 0.319302 1.95516e-17 -0.947653
      outer loop
         vertex -0.014246 0.0793612 -0.0417412
         vertex -0.0143943 0.0793612 -0.0418003
         vertex -0.0143943 0.0809612 -0.0418003
      endloop
   endfacet
   facet normal 0.21497 1.31631e-17 -0.976621
      outer loop
         vertex -0.0140921 0.0793612 -0.0416985
         vertex -0.014246 0.0793612 -0.0417412
         vertex -0.014246 0.0809612 -0.0417412
      endloop
   endfacet
   facet normal 0.108119 6.62038e-18 -0.994138
      outer loop
         vertex -0.0139345 0.0793612 -0.0416727
         vertex -0.0140921 0.0793612 -0.0416985
         vertex -0.0140921 0.0809612 -0.0416985
      endloop
   endfacet
   facet normal 1.82123e-16 1.11518e-32 -1
      outer loop
         vertex -0.013775 0.0793612 -0.041664
         vertex -0.0139345 0.0793612 -0.0416727
         vertex -0.0139345 0.0809612 -0.0416727
      endloop
   endfacet
   facet normal 0.108119 6.62038e-18 -0.994138
      outer loop
         vertex 0.0139155 0.0809612 -0.0138227
         vertex 0.014075 0.0809612 -0.013814
         vertex 0.014075 0.0793612 -0.013814
      endloop
   endfacet
   facet normal 0.21497 1.31631e-17 -0.976621
      outer loop
         vertex 0.0137579 0.0809612 -0.0138485
         vertex 0.0139155 0.0809612 -0.0138227
         vertex 0.0139155 0.0793612 -0.0138227
      endloop
   endfacet
   facet normal 0.319302 1.95516e-17 -0.947653
      outer loop
         vertex 0.013604 0.0809612 -0.0138912
         vertex 0.0137579 0.0809612 -0.0138485
         vertex 0.0137579 0.0793612 -0.0138485
      endloop
   endfacet
   facet normal 0.419889 2.57108e-17 -0.907575
      outer loop
         vertex 0.0134557 0.0809612 -0.0139503
         vertex 0.013604 0.0809612 -0.0138912
         vertex 0.013604 0.0793612 -0.0138912
      endloop
   endfacet
   facet normal 0.515554 3.15686e-17 -0.856857
      outer loop
         vertex 0.0133146 0.0809612 -0.0140252
         vertex 0.0134557 0.0809612 -0.0139503
         vertex 0.0134557 0.0793612 -0.0139503
      endloop
   endfacet
   facet normal 0.605174 3.70562e-17 -0.796093
      outer loop
         vertex 0.0131824 0.0809612 -0.0141148
         vertex 0.0133146 0.0809612 -0.0140252
         vertex 0.0133146 0.0793612 -0.0140252
      endloop
   endfacet
   facet normal 0.687699 4.21094e-17 -0.725995
      outer loop
         vertex 0.0130606 0.0809612 -0.0142182
         vertex 0.0131824 0.0809612 -0.0141148
         vertex 0.0131824 0.0793612 -0.0141148
      endloop
   endfacet
   facet normal 0.762162 4.6669e-17 -0.647386
      outer loop
         vertex 0.0129508 0.0809612 -0.0143341
         vertex 0.0130606 0.0809612 -0.0142182
         vertex 0.0130606 0.0793612 -0.0142182
      endloop
   endfacet
   facet normal 0.827689 5.06813e-17 -0.561187
      outer loop
         vertex 0.0128542 0.0809612 -0.0144613
         vertex 0.0129508 0.0809612 -0.0143341
         vertex 0.0129508 0.0793612 -0.0143341
      endloop
   endfacet
   facet normal 0.883512 5.40995e-17 -0.468408
      outer loop
         vertex 0.0127718 0.0809612 -0.0145981
         vertex 0.0128542 0.0809612 -0.0144613
         vertex 0.0128542 0.0793612 -0.0144613
      endloop
   endfacet
   facet normal 0.928977 5.68834e-17 -0.370138
      outer loop
         vertex 0.0127048 0.0809612 -0.0147431
         vertex 0.0127718 0.0809612 -0.0145981
         vertex 0.0127718 0.0793612 -0.0145981
      endloop
   endfacet
   facet normal 0.96355 5.90004e-17 -0.267528
      outer loop
         vertex 0.0126538 0.0809612 -0.0148944
         vertex 0.0127048 0.0809612 -0.0147431
         vertex 0.0127048 0.0793612 -0.0147431
      endloop
   endfacet
   facet normal 0.986827 6.04257e-17 -0.161782
      outer loop
         vertex 0.0126194 0.0809612 -0.0150504
         vertex 0.0126538 0.0809612 -0.0148944
         vertex 0.0126538 0.0793612 -0.0148944
      endloop
   endfacet
   facet normal 0.998533 6.11425e-17 -0.0541389
      outer loop
         vertex 0.0126022 0.0809612 -0.0152092
         vertex 0.0126194 0.0809612 -0.0150504
         vertex 0.0126194 0.0793612 -0.0150504
      endloop
   endfacet
   facet normal 0.998533 6.11425e-17 0.0541389
      outer loop
         vertex 0.0126022 0.0809612 -0.0153689
         vertex 0.0126022 0.0809612 -0.0152092
         vertex 0.0126022 0.0793612 -0.0152092
      endloop
   endfacet
   facet normal 0.986827 6.04257e-17 0.161782
      outer loop
         vertex 0.0126194 0.0809612 -0.0155276
         vertex 0.0126022 0.0809612 -0.0153689
         vertex 0.0126022 0.0793612 -0.0153689
      endloop
   endfacet
   facet normal 0.96355 5.90004e-17 0.267528
      outer loop
         vertex 0.0126538 0.0809612 -0.0156836
         vertex 0.0126194 0.0809612 -0.0155276
         vertex 0.0126194 0.0793612 -0.0155276
      endloop
   endfacet
   facet normal 0.928977 5.68834e-17 0.370138
      outer loop
         vertex 0.0127048 0.0809612 -0.015835
         vertex 0.0126538 0.0809612 -0.0156836
         vertex 0.0126538 0.0793612 -0.0156836
      endloop
   endfacet
   facet normal 0.883512 5.40995e-17 0.468408
      outer loop
         vertex 0.0127718 0.0809612 -0.0159799
         vertex 0.0127048 0.0809612 -0.015835
         vertex 0.0127048 0.0793612 -0.015835
      endloop
   endfacet
   facet normal 0.827689 5.06813e-17 0.561187
      outer loop
         vertex 0.0128542 0.0809612 -0.0161168
         vertex 0.0127718 0.0809612 -0.0159799
         vertex 0.0127718 0.0793612 -0.0159799
      endloop
   endfacet
   facet normal 0.762162 4.6669e-17 0.647386
      outer loop
         vertex 0.0129508 0.0809612 -0.0162439
         vertex 0.0128542 0.0809612 -0.0161168
         vertex 0.0128542 0.0793612 -0.0161168
      endloop
   endfacet
   facet normal 0.687699 4.21094e-17 0.725995
      outer loop
         vertex 0.0130606 0.0809612 -0.0163599
         vertex 0.0129508 0.0809612 -0.0162439
         vertex 0.0129508 0.0793612 -0.0162439
      endloop
   endfacet
   facet normal 0.605174 3.70562e-17 0.796093
      outer loop
         vertex 0.0131824 0.0809612 -0.0164633
         vertex 0.0130606 0.0809612 -0.0163599
         vertex 0.0130606 0.0793612 -0.0163599
      endloop
   endfacet
   facet normal 0.515554 3.15686e-17 0.856857
      outer loop
         vertex 0.0133146 0.0809612 -0.0165529
         vertex 0.0131824 0.0809612 -0.0164633
         vertex 0.0131824 0.0793612 -0.0164633
      endloop
   endfacet
   facet normal 0.419889 2.57108e-17 0.907575
      outer loop
         vertex 0.0134557 0.0809612 -0.0166277
         vertex 0.0133146 0.0809612 -0.0165529
         vertex 0.0133146 0.0793612 -0.0165529
      endloop
   endfacet
   facet normal 0.319302 1.95516e-17 0.947653
      outer loop
         vertex 0.013604 0.0809612 -0.0166868
         vertex 0.0134557 0.0809612 -0.0166277
         vertex 0.0134557 0.0793612 -0.0166277
      endloop
   endfacet
   facet normal 0.21497 1.31631e-17 0.976621
      outer loop
         vertex 0.0137579 0.0809612 -0.0167295
         vertex 0.013604 0.0809612 -0.0166868
         vertex 0.013604 0.0793612 -0.0166868
      endloop
   endfacet
   facet normal 0.108119 6.62038e-18 0.994138
      outer loop
         vertex 0.0139155 0.0809612 -0.0167554
         vertex 0.0137579 0.0809612 -0.0167295
         vertex 0.0137579 0.0793612 -0.0167295
      endloop
   endfacet
   facet normal -1.22465e-16 -7.4988e-33 1
      outer loop
         vertex 0.014075 0.0809612 -0.016764
         vertex 0.0139155 0.0809612 -0.0167554
         vertex 0.0139155 0.0793612 -0.0167554
      endloop
   endfacet
   facet normal -0.108119 -6.62038e-18 0.994138
      outer loop
         vertex 0.0142345 0.0809612 -0.0167554
         vertex 0.014075 0.0809612 -0.016764
         vertex 0.014075 0.0793612 -0.016764
      endloop
   endfacet
   facet normal -0.21497 -1.31631e-17 0.976621
      outer loop
         vertex 0.0143921 0.0809612 -0.0167295
         vertex 0.0142345 0.0809612 -0.0167554
         vertex 0.0142345 0.0793612 -0.0167554
      endloop
   endfacet
   facet normal -0.319302 -1.95516e-17 0.947653
      outer loop
         vertex 0.014546 0.0809612 -0.0166868
         vertex 0.0143921 0.0809612 -0.0167295
         vertex 0.0143921 0.0793612 -0.0167295
      endloop
   endfacet
   facet normal -0.419889 -2.57108e-17 0.907575
      outer loop
         vertex 0.0146943 0.0809612 -0.0166277
         vertex 0.014546 0.0809612 -0.0166868
         vertex 0.014546 0.0793612 -0.0166868
      endloop
   endfacet
   facet normal -0.515554 -3.15686e-17 0.856857
      outer loop
         vertex 0.0148354 0.0809612 -0.0165529
         vertex 0.0146943 0.0809612 -0.0166277
         vertex 0.0146943 0.0793612 -0.0166277
      endloop
   endfacet
   facet normal -0.605174 -3.70562e-17 0.796093
      outer loop
         vertex 0.0149676 0.0809612 -0.0164633
         vertex 0.0148354 0.0809612 -0.0165529
         vertex 0.0148354 0.0793612 -0.0165529
      endloop
   endfacet
   facet normal -0.687699 -4.21094e-17 0.725995
      outer loop
         vertex 0.0150894 0.0809612 -0.0163599
         vertex 0.0149676 0.0809612 -0.0164633
         vertex 0.0149676 0.0793612 -0.0164633
      endloop
   endfacet
   facet normal -0.762162 -4.6669e-17 0.647386
      outer loop
         vertex 0.0151992 0.0809612 -0.0162439
         vertex 0.0150894 0.0809612 -0.0163599
         vertex 0.0150894 0.0793612 -0.0163599
      endloop
   endfacet
   facet normal -0.827689 -5.06813e-17 0.561187
      outer loop
         vertex 0.0152958 0.0809612 -0.0161168
         vertex 0.0151992 0.0809612 -0.0162439
         vertex 0.0151992 0.0793612 -0.0162439
      endloop
   endfacet
   facet normal -0.883512 -5.40995e-17 0.468408
      outer loop
         vertex 0.0153782 0.0809612 -0.0159799
         vertex 0.0152958 0.0809612 -0.0161168
         vertex 0.0152958 0.0793612 -0.0161168
      endloop
   endfacet
   facet normal -0.928977 -5.68834e-17 0.370138
      outer loop
         vertex 0.0154452 0.0809612 -0.015835
         vertex 0.0153782 0.0809612 -0.0159799
         vertex 0.0153782 0.0793612 -0.0159799
      endloop
   endfacet
   facet normal -0.96355 -5.90004e-17 0.267528
      outer loop
         vertex 0.0154962 0.0809612 -0.0156836
         vertex 0.0154452 0.0809612 -0.015835
         vertex 0.0154452 0.0793612 -0.015835
      endloop
   endfacet
   facet normal -0.986827 -6.04257e-17 0.161782
      outer loop
         vertex 0.0155306 0.0809612 -0.0155276
         vertex 0.0154962 0.0809612 -0.0156836
         vertex 0.0154962 0.0793612 -0.0156836
      endloop
   endfacet
   facet normal -0.998533 -6.11425e-17 0.0541389
      outer loop
         vertex 0.0155478 0.0809612 -0.0153689
         vertex 0.0155306 0.0809612 -0.0155276
         vertex 0.0155306 0.0793612 -0.0155276
      endloop
   endfacet
   facet normal -0.998533 -6.11425e-17 -0.0541389
      outer loop
         vertex 0.0155478 0.0809612 -0.0152092
         vertex 0.0155478 0.0809612 -0.0153689
         vertex 0.0155478 0.0793612 -0.0153689
      endloop
   endfacet
   facet normal -0.986827 -6.04257e-17 -0.161782
      outer loop
         vertex 0.0155306 0.0809612 -0.0150504
         vertex 0.0155478 0.0809612 -0.0152092
         vertex 0.0155478 0.0793612 -0.0152092
      endloop
   endfacet
   facet normal -0.96355 -5.90004e-17 -0.267528
      outer loop
         vertex 0.0154962 0.0809612 -0.0148944
         vertex 0.0155306 0.0809612 -0.0150504
         vertex 0.0155306 0.0793612 -0.0150504
      endloop
   endfacet
   facet normal -0.928977 -5.68834e-17 -0.370138
      outer loop
         vertex 0.0154452 0.0809612 -0.0147431
         vertex 0.0154962 0.0809612 -0.0148944
         vertex 0.0154962 0.0793612 -0.0148944
      endloop
   endfacet
   facet normal -0.883512 -5.40995e-17 -0.468408
      outer loop
         vertex 0.0153782 0.0809612 -0.0145981
         vertex 0.0154452 0.0809612 -0.0147431
         vertex 0.0154452 0.0793612 -0.0147431
      endloop
   endfacet
   facet normal -0.827689 -5.06813e-17 -0.561187
      outer loop
         vertex 0.0152958 0.0809612 -0.0144613
         vertex 0.0153782 0.0809612 -0.0145981
         vertex 0.0153782 0.0793612 -0.0145981
      endloop
   endfacet
   facet normal -0.762162 -4.6669e-17 -0.647386
      outer loop
         vertex 0.0151992 0.0809612 -0.0143341
         vertex 0.0152958 0.0809612 -0.0144613
         vertex 0.0152958 0.0793612 -0.0144613
      endloop
   endfacet
   facet normal -0.687699 -4.21094e-17 -0.725995
      outer loop
         vertex 0.0150894 0.0809612 -0.0142182
         vertex 0.0151992 0.0809612 -0.0143341
         vertex 0.0151992 0.0793612 -0.0143341
      endloop
   endfacet
   facet normal -0.605174 -3.70562e-17 -0.796093
      outer loop
         vertex 0.0149676 0.0809612 -0.0141148
         vertex 0.0150894 0.0809612 -0.0142182
         vertex 0.0150894 0.0793612 -0.0142182
      endloop
   endfacet
   facet normal -0.515554 -3.15686e-17 -0.856857
      outer loop
         vertex 0.0148354 0.0809612 -0.0140252
         vertex 0.0149676 0.0809612 -0.0141148
         vertex 0.0149676 0.0793612 -0.0141148
      endloop
   endfacet
   facet normal -0.419889 -2.57108e-17 -0.907575
      outer loop
         vertex 0.0146943 0.0809612 -0.0139503
         vertex 0.0148354 0.0809612 -0.0140252
         vertex 0.0148354 0.0793612 -0.0140252
      endloop
   endfacet
   facet normal -0.319302 -1.95516e-17 -0.947653
      outer loop
         vertex 0.014546 0.0809612 -0.0138912
         vertex 0.0146943 0.0809612 -0.0139503
         vertex 0.0146943 0.0793612 -0.0139503
      endloop
   endfacet
   facet normal -0.21497 -1.31631e-17 -0.976621
      outer loop
         vertex 0.0143921 0.0809612 -0.0138485
         vertex 0.014546 0.0809612 -0.0138912
         vertex 0.014546 0.0793612 -0.0138912
      endloop
   endfacet
   facet normal -0.108119 -6.62038e-18 -0.994138
      outer loop
         vertex 0.0142345 0.0809612 -0.0138227
         vertex 0.0143921 0.0809612 -0.0138485
         vertex 0.0143921 0.0793612 -0.0138485
      endloop
   endfacet
   facet normal 2.44929e-16 1.49976e-32 -1
      outer loop
         vertex 0.014075 0.0809612 -0.013814
         vertex 0.0142345 0.0809612 -0.0138227
         vertex 0.0142345 0.0793612 -0.0138227
      endloop
   endfacet
   facet normal -0.108119 -6.62038e-18 -0.994138
      outer loop
         vertex 0.0142345 0.0793612 -0.0138227
         vertex 0.014075 0.0793612 -0.013814
         vertex 0.014075 0.0809612 -0.013814
      endloop
   endfacet
   facet normal -0.21497 -1.31631e-17 -0.976621
      outer loop
         vertex 0.0143921 0.0793612 -0.0138485
         vertex 0.0142345 0.0793612 -0.0138227
         vertex 0.0142345 0.0809612 -0.0138227
      endloop
   endfacet
   facet normal -0.319302 -1.95516e-17 -0.947653
      outer loop
         vertex 0.014546 0.0793612 -0.0138912
         vertex 0.0143921 0.0793612 -0.0138485
         vertex 0.0143921 0.0809612 -0.0138485
      endloop
   endfacet
   facet normal -0.419889 -2.57108e-17 -0.907575
      outer loop
         vertex 0.0146943 0.0793612 -0.0139503
         vertex 0.014546 0.0793612 -0.0138912
         vertex 0.014546 0.0809612 -0.0138912
      endloop
   endfacet
   facet normal -0.515554 -3.15686e-17 -0.856857
      outer loop
         vertex 0.0148354 0.0793612 -0.0140252
         vertex 0.0146943 0.0793612 -0.0139503
         vertex 0.0146943 0.0809612 -0.0139503
      endloop
   endfacet
   facet normal -0.605174 -3.70562e-17 -0.796093
      outer loop
         vertex 0.0149676 0.0793612 -0.0141148
         vertex 0.0148354 0.0793612 -0.0140252
         vertex 0.0148354 0.0809612 -0.0140252
      endloop
   endfacet
   facet normal -0.687699 -4.21094e-17 -0.725995
      outer loop
         vertex 0.0150894 0.0793612 -0.0142182
         vertex 0.0149676 0.0793612 -0.0141148
         vertex 0.0149676 0.0809612 -0.0141148
      endloop
   endfacet
   facet normal -0.762162 -4.6669e-17 -0.647386
      outer loop
         vertex 0.0151992 0.0793612 -0.0143341
         vertex 0.0150894 0.0793612 -0.0142182
         vertex 0.0150894 0.0809612 -0.0142182
      endloop
   endfacet
   facet normal -0.827689 -5.06813e-17 -0.561187
      outer loop
         vertex 0.0152958 0.0793612 -0.0144613
         vertex 0.0151992 0.0793612 -0.0143341
         vertex 0.0151992 0.0809612 -0.0143341
      endloop
   endfacet
   facet normal -0.883512 -5.40995e-17 -0.468408
      outer loop
         vertex 0.0153782 0.0793612 -0.0145981
         vertex 0.0152958 0.0793612 -0.0144613
         vertex 0.0152958 0.0809612 -0.0144613
      endloop
   endfacet
   facet normal -0.928977 -5.68834e-17 -0.370138
      outer loop
         vertex 0.0154452 0.0793612 -0.0147431
         vertex 0.0153782 0.0793612 -0.0145981
         vertex 0.0153782 0.0809612 -0.0145981
      endloop
   endfacet
   facet normal -0.96355 -5.90004e-17 -0.267528
      outer loop
         vertex 0.0154962 0.0793612 -0.0148944
         vertex 0.0154452 0.0793612 -0.0147431
         vertex 0.0154452 0.0809612 -0.0147431
      endloop
   endfacet
   facet normal -0.986827 -6.04257e-17 -0.161782
      outer loop
         vertex 0.0155306 0.0793612 -0.0150504
         vertex 0.0154962 0.0793612 -0.0148944
         vertex 0.0154962 0.0809612 -0.0148944
      endloop
   endfacet
   facet normal -0.998533 -6.11425e-17 -0.0541389
      outer loop
         vertex 0.0155478 0.0793612 -0.0152092
         vertex 0.0155306 0.0793612 -0.0150504
         vertex 0.0155306 0.0809612 -0.0150504
      endloop
   endfacet
   facet normal -0.998533 -6.11425e-17 0.0541389
      outer loop
         vertex 0.0155478 0.0793612 -0.0153689
         vertex 0.0155478 0.0793612 -0.0152092
         vertex 0.0155478 0.0809612 -0.0152092
      endloop
   endfacet
   facet normal -0.986827 -6.04257e-17 0.161782
      outer loop
         vertex 0.0155306 0.0793612 -0.0155276
         vertex 0.0155478 0.0793612 -0.0153689
         vertex 0.0155478 0.0809612 -0.0153689
      endloop
   endfacet
   facet normal -0.96355 -5.90004e-17 0.267528
      outer loop
         vertex 0.0154962 0.0793612 -0.0156836
         vertex 0.0155306 0.0793612 -0.0155276
         vertex 0.0155306 0.0809612 -0.0155276
      endloop
   endfacet
   facet normal -0.928977 -5.68834e-17 0.370138
      outer loop
         vertex 0.0154452 0.0793612 -0.015835
         vertex 0.0154962 0.0793612 -0.0156836
         vertex 0.0154962 0.0809612 -0.0156836
      endloop
   endfacet
   facet normal -0.883512 -5.40995e-17 0.468408
      outer loop
         vertex 0.0153782 0.0793612 -0.0159799
         vertex 0.0154452 0.0793612 -0.015835
         vertex 0.0154452 0.0809612 -0.015835
      endloop
   endfacet
   facet normal -0.827689 -5.06813e-17 0.561187
      outer loop
         vertex 0.0152958 0.0793612 -0.0161168
         vertex 0.0153782 0.0793612 -0.0159799
         vertex 0.0153782 0.0809612 -0.0159799
      endloop
   endfacet
   facet normal -0.762162 -4.6669e-17 0.647386
      outer loop
         vertex 0.0151992 0.0793612 -0.0162439
         vertex 0.0152958 0.0793612 -0.0161168
         vertex 0.0152958 0.0809612 -0.0161168
      endloop
   endfacet
   facet normal -0.687699 -4.21094e-17 0.725995
      outer loop
         vertex 0.0150894 0.0793612 -0.0163599
         vertex 0.0151992 0.0793612 -0.0162439
         vertex 0.0151992 0.0809612 -0.0162439
      endloop
   endfacet
   facet normal -0.605174 -3.70562e-17 0.796093
      outer loop
         vertex 0.0149676 0.0793612 -0.0164633
         vertex 0.0150894 0.0793612 -0.0163599
         vertex 0.0150894 0.0809612 -0.0163599
      endloop
   endfacet
   facet normal -0.515554 -3.15686e-17 0.856857
      outer loop
         vertex 0.0148354 0.0793612 -0.0165529
         vertex 0.0149676 0.0793612 -0.0164633
         vertex 0.0149676 0.0809612 -0.0164633
      endloop
   endfacet
   facet normal -0.419889 -2.57108e-17 0.907575
      outer loop
         vertex 0.0146943 0.0793612 -0.0166277
         vertex 0.0148354 0.0793612 -0.0165529
         vertex 0.0148354 0.0809612 -0.0165529
      endloop
   endfacet
   facet normal -0.319302 -1.95516e-17 0.947653
      outer loop
         vertex 0.014546 0.0793612 -0.0166868
         vertex 0.0146943 0.0793612 -0.0166277
         vertex 0.0146943 0.0809612 -0.0166277
      endloop
   endfacet
   facet normal -0.21497 -1.31631e-17 0.976621
      outer loop
         vertex 0.0143921 0.0793612 -0.0167295
         vertex 0.014546 0.0793612 -0.0166868
         vertex 0.014546 0.0809612 -0.0166868
      endloop
   endfacet
   facet normal -0.108119 -6.62038e-18 0.994138
      outer loop
         vertex 0.0142345 0.0793612 -0.0167554
         vertex 0.0143921 0.0793612 -0.0167295
         vertex 0.0143921 0.0809612 -0.0167295
      endloop
   endfacet
   facet normal -1.22465e-16 -7.4988e-33 1
      outer loop
         vertex 0.014075 0.0793612 -0.016764
         vertex 0.0142345 0.0793612 -0.0167554
         vertex 0.0142345 0.0809612 -0.0167554
      endloop
   endfacet
   facet normal 0.108119 6.62038e-18 0.994138
      outer loop
         vertex 0.0139155 0.0793612 -0.0167554
         vertex 0.014075 0.0793612 -0.016764
         vertex 0.014075 0.0809612 -0.016764
      endloop
   endfacet
   facet normal 0.21497 1.31631e-17 0.976621
      outer loop
         vertex 0.0137579 0.0793612 -0.0167295
         vertex 0.0139155 0.0793612 -0.0167554
         vertex 0.0139155 0.0809612 -0.0167554
      endloop
   endfacet
   facet normal 0.319302 1.95516e-17 0.947653
      outer loop
         vertex 0.013604 0.0793612 -0.0166868
         vertex 0.0137579 0.0793612 -0.0167295
         vertex 0.0137579 0.0809612 -0.0167295
      endloop
   endfacet
   facet normal 0.419889 2.57108e-17 0.907575
      outer loop
         vertex 0.0134557 0.0793612 -0.0166277
         vertex 0.013604 0.0793612 -0.0166868
         vertex 0.013604 0.0809612 -0.0166868
      endloop
   endfacet
   facet normal 0.515554 3.15686e-17 0.856857
      outer loop
         vertex 0.0133146 0.0793612 -0.0165529
         vertex 0.0134557 0.0793612 -0.0166277
         vertex 0.0134557 0.0809612 -0.0166277
      endloop
   endfacet
   facet normal 0.605174 3.70562e-17 0.796093
      outer loop
         vertex 0.0131824 0.0793612 -0.0164633
         vertex 0.0133146 0.0793612 -0.0165529
         vertex 0.0133146 0.0809612 -0.0165529
      endloop
   endfacet
   facet normal 0.687699 4.21094e-17 0.725995
      outer loop
         vertex 0.0130606 0.0793612 -0.0163599
         vertex 0.0131824 0.0793612 -0.0164633
         vertex 0.0131824 0.0809612 -0.0164633
      endloop
   endfacet
   facet normal 0.762162 4.6669e-17 0.647386
      outer loop
         vertex 0.0129508 0.0793612 -0.0162439
         vertex 0.0130606 0.0793612 -0.0163599
         vertex 0.0130606 0.0809612 -0.0163599
      endloop
   endfacet
   facet normal 0.827689 5.06813e-17 0.561187
      outer loop
         vertex 0.0128542 0.0793612 -0.0161168
         vertex 0.0129508 0.0793612 -0.0162439
         vertex 0.0129508 0.0809612 -0.0162439
      endloop
   endfacet
   facet normal 0.883512 5.40995e-17 0.468408
      outer loop
         vertex 0.0127718 0.0793612 -0.0159799
         vertex 0.0128542 0.0793612 -0.0161168
         vertex 0.0128542 0.0809612 -0.0161168
      endloop
   endfacet
   facet normal 0.928977 5.68834e-17 0.370138
      outer loop
         vertex 0.0127048 0.0793612 -0.015835
         vertex 0.0127718 0.0793612 -0.0159799
         vertex 0.0127718 0.0809612 -0.0159799
      endloop
   endfacet
   facet normal 0.96355 5.90004e-17 0.267528
      outer loop
         vertex 0.0126538 0.0793612 -0.0156836
         vertex 0.0127048 0.0793612 -0.015835
         vertex 0.0127048 0.0809612 -0.015835
      endloop
   endfacet
   facet normal 0.986827 6.04257e-17 0.161782
      outer loop
         vertex 0.0126194 0.0793612 -0.0155276
         vertex 0.0126538 0.0793612 -0.0156836
         vertex 0.0126538 0.0809612 -0.0156836
      endloop
   endfacet
   facet normal 0.998533 6.11425e-17 0.0541389
      outer loop
         vertex 0.0126022 0.0793612 -0.0153689
         vertex 0.0126194 0.0793612 -0.0155276
         vertex 0.0126194 0.0809612 -0.0155276
      endloop
   endfacet
   facet normal 0.998533 6.11425e-17 -0.0541389
      outer loop
         vertex 0.0126022 0.0793612 -0.0152092
         vertex 0.0126022 0.0793612 -0.0153689
         vertex 0.0126022 0.0809612 -0.0153689
      endloop
   endfacet
   facet normal 0.986827 6.04257e-17 -0.161782
      outer loop
         vertex 0.0126194 0.0793612 -0.0150504
         vertex 0.0126022 0.0793612 -0.0152092
         vertex 0.0126022 0.0809612 -0.0152092
      endloop
   endfacet
   facet normal 0.96355 5.90004e-17 -0.267528
      outer loop
         vertex 0.0126538 0.0793612 -0.0148944
         vertex 0.0126194 0.0793612 -0.0150504
         vertex 0.0126194 0.0809612 -0.0150504
      endloop
   endfacet
   facet normal 0.928977 5.68834e-17 -0.370138
      outer loop
         vertex 0.0127048 0.0793612 -0.0147431
         vertex 0.0126538 0.0793612 -0.0148944
         vertex 0.0126538 0.0809612 -0.0148944
      endloop
   endfacet
   facet normal 0.883512 5.40995e-17 -0.468408
      outer loop
         vertex 0.0127718 0.0793612 -0.0145981
         vertex 0.0127048 0.0793612 -0.0147431
         vertex 0.0127048 0.0809612 -0.0147431
      endloop
   endfacet
   facet normal 0.827689 5.06813e-17 -0.561187
      outer loop
         vertex 0.0128542 0.0793612 -0.0144613
         vertex 0.0127718 0.0793612 -0.0145981
         vertex 0.0127718 0.0809612 -0.0145981
      endloop
   endfacet
   facet normal 0.762162 4.6669e-17 -0.647386
      outer loop
         vertex 0.0129508 0.0793612 -0.0143341
         vertex 0.0128542 0.0793612 -0.0144613
         vertex 0.0128542 0.0809612 -0.0144613
      endloop
   endfacet
   facet normal 0.687699 4.21094e-17 -0.725995
      outer loop
         vertex 0.0130606 0.0793612 -0.0142182
         vertex 0.0129508 0.0793612 -0.0143341
         vertex 0.0129508 0.0809612 -0.0143341
      endloop
   endfacet
   facet normal 0.605174 3.70562e-17 -0.796093
      outer loop
         vertex 0.0131824 0.0793612 -0.0141148
         vertex 0.0130606 0.0793612 -0.0142182
         vertex 0.0130606 0.0809612 -0.0142182
      endloop
   endfacet
   facet normal 0.515554 3.15686e-17 -0.856857
      outer loop
         vertex 0.0133146 0.0793612 -0.0140252
         vertex 0.0131824 0.0793612 -0.0141148
         vertex 0.0131824 0.0809612 -0.0141148
      endloop
   endfacet
   facet normal 0.419889 2.57108e-17 -0.907575
      outer loop
         vertex 0.0134557 0.0793612 -0.0139503
         vertex 0.0133146 0.0793612 -0.0140252
         vertex 0.0133146 0.0809612 -0.0140252
      endloop
   endfacet
   facet normal 0.319302 1.95516e-17 -0.947653
      outer loop
         vertex 0.013604 0.0793612 -0.0138912
         vertex 0.0134557 0.0793612 -0.0139503
         vertex 0.0134557 0.0809612 -0.0139503
      endloop
   endfacet
   facet normal 0.21497 1.31631e-17 -0.976621
      outer loop
         vertex 0.0137579 0.0793612 -0.0138485
         vertex 0.013604 0.0793612 -0.0138912
         vertex 0.013604 0.0809612 -0.0138912
      endloop
   endfacet
   facet normal 0.108119 6.62038e-18 -0.994138
      outer loop
         vertex 0.0139155 0.0793612 -0.0138227
         vertex 0.0137579 0.0793612 -0.0138485
         vertex 0.0137579 0.0809612 -0.0138485
      endloop
   endfacet
   facet normal 2.44929e-16 1.49976e-32 -1
      outer loop
         vertex 0.014075 0.0793612 -0.013814
         vertex 0.0139155 0.0793612 -0.0138227
         vertex 0.0139155 0.0809612 -0.0138227
      endloop
   endfacet
   facet normal 0.108119 6.62038e-18 -0.994138
      outer loop
         vertex -0.0139345 0.0809612 -0.0138227
         vertex -0.013775 0.0809612 -0.013814
         vertex -0.013775 0.0793612 -0.013814
      endloop
   endfacet
   facet normal 0.21497 1.31631e-17 -0.976621
      outer loop
         vertex -0.0140921 0.0809612 -0.0138485
         vertex -0.0139345 0.0809612 -0.0138227
         vertex -0.0139345 0.0793612 -0.0138227
      endloop
   endfacet
   facet normal 0.319302 1.95516e-17 -0.947653
      outer loop
         vertex -0.014246 0.0809612 -0.0138912
         vertex -0.0140921 0.0809612 -0.0138485
         vertex -0.0140921 0.0793612 -0.0138485
      endloop
   endfacet
   facet normal 0.419889 2.57108e-17 -0.907575
      outer loop
         vertex -0.0143943 0.0809612 -0.0139503
         vertex -0.014246 0.0809612 -0.0138912
         vertex -0.014246 0.0793612 -0.0138912
      endloop
   endfacet
   facet normal 0.515554 3.15686e-17 -0.856857
      outer loop
         vertex -0.0145354 0.0809612 -0.0140252
         vertex -0.0143943 0.0809612 -0.0139503
         vertex -0.0143943 0.0793612 -0.0139503
      endloop
   endfacet
   facet normal 0.605174 3.70562e-17 -0.796093
      outer loop
         vertex -0.0146676 0.0809612 -0.0141148
         vertex -0.0145354 0.0809612 -0.0140252
         vertex -0.0145354 0.0793612 -0.0140252
      endloop
   endfacet
   facet normal 0.687699 4.21094e-17 -0.725995
      outer loop
         vertex -0.0147894 0.0809612 -0.0142182
         vertex -0.0146676 0.0809612 -0.0141148
         vertex -0.0146676 0.0793612 -0.0141148
      endloop
   endfacet
   facet normal 0.762162 4.6669e-17 -0.647386
      outer loop
         vertex -0.0148992 0.0809612 -0.0143341
         vertex -0.0147894 0.0809612 -0.0142182
         vertex -0.0147894 0.0793612 -0.0142182
      endloop
   endfacet
   facet normal 0.827689 5.06813e-17 -0.561187
      outer loop
         vertex -0.0149958 0.0809612 -0.0144613
         vertex -0.0148992 0.0809612 -0.0143341
         vertex -0.0148992 0.0793612 -0.0143341
      endloop
   endfacet
   facet normal 0.883512 5.40995e-17 -0.468408
      outer loop
         vertex -0.0150782 0.0809612 -0.0145981
         vertex -0.0149958 0.0809612 -0.0144613
         vertex -0.0149958 0.0793612 -0.0144613
      endloop
   endfacet
   facet normal 0.928977 5.68834e-17 -0.370138
      outer loop
         vertex -0.0151452 0.0809612 -0.0147431
         vertex -0.0150782 0.0809612 -0.0145981
         vertex -0.0150782 0.0793612 -0.0145981
      endloop
   endfacet
   facet normal 0.96355 5.90004e-17 -0.267528
      outer loop
         vertex -0.0151962 0.0809612 -0.0148944
         vertex -0.0151452 0.0809612 -0.0147431
         vertex -0.0151452 0.0793612 -0.0147431
      endloop
   endfacet
   facet normal 0.986827 6.04257e-17 -0.161782
      outer loop
         vertex -0.0152306 0.0809612 -0.0150504
         vertex -0.0151962 0.0809612 -0.0148944
         vertex -0.0151962 0.0793612 -0.0148944
      endloop
   endfacet
   facet normal 0.998533 6.11425e-17 -0.0541389
      outer loop
         vertex -0.0152478 0.0809612 -0.0152092
         vertex -0.0152306 0.0809612 -0.0150504
         vertex -0.0152306 0.0793612 -0.0150504
      endloop
   endfacet
   facet normal 0.998533 6.11425e-17 0.0541389
      outer loop
         vertex -0.0152478 0.0809612 -0.0153689
         vertex -0.0152478 0.0809612 -0.0152092
         vertex -0.0152478 0.0793612 -0.0152092
      endloop
   endfacet
   facet normal 0.986827 6.04257e-17 0.161782
      outer loop
         vertex -0.0152306 0.0809612 -0.0155276
         vertex -0.0152478 0.0809612 -0.0153689
         vertex -0.0152478 0.0793612 -0.0153689
      endloop
   endfacet
   facet normal 0.96355 5.90004e-17 0.267528
      outer loop
         vertex -0.0151962 0.0809612 -0.0156836
         vertex -0.0152306 0.0809612 -0.0155276
         vertex -0.0152306 0.0793612 -0.0155276
      endloop
   endfacet
   facet normal 0.928977 5.68834e-17 0.370138
      outer loop
         vertex -0.0151452 0.0809612 -0.015835
         vertex -0.0151962 0.0809612 -0.0156836
         vertex -0.0151962 0.0793612 -0.0156836
      endloop
   endfacet
   facet normal 0.883512 5.40995e-17 0.468408
      outer loop
         vertex -0.0150782 0.0809612 -0.0159799
         vertex -0.0151452 0.0809612 -0.015835
         vertex -0.0151452 0.0793612 -0.015835
      endloop
   endfacet
   facet normal 0.827689 5.06813e-17 0.561187
      outer loop
         vertex -0.0149958 0.0809612 -0.0161168
         vertex -0.0150782 0.0809612 -0.0159799
         vertex -0.0150782 0.0793612 -0.0159799
      endloop
   endfacet
   facet normal 0.762162 4.6669e-17 0.647386
      outer loop
         vertex -0.0148992 0.0809612 -0.0162439
         vertex -0.0149958 0.0809612 -0.0161168
         vertex -0.0149958 0.0793612 -0.0161168
      endloop
   endfacet
   facet normal 0.687699 4.21094e-17 0.725995
      outer loop
         vertex -0.0147894 0.0809612 -0.0163599
         vertex -0.0148992 0.0809612 -0.0162439
         vertex -0.0148992 0.0793612 -0.0162439
      endloop
   endfacet
   facet normal 0.605174 3.70562e-17 0.796093
      outer loop
         vertex -0.0146676 0.0809612 -0.0164633
         vertex -0.0147894 0.0809612 -0.0163599
         vertex -0.0147894 0.0793612 -0.0163599
      endloop
   endfacet
   facet normal 0.515554 3.15686e-17 0.856857
      outer loop
         vertex -0.0145354 0.0809612 -0.0165529
         vertex -0.0146676 0.0809612 -0.0164633
         vertex -0.0146676 0.0793612 -0.0164633
      endloop
   endfacet
   facet normal 0.419889 2.57108e-17 0.907575
      outer loop
         vertex -0.0143943 0.0809612 -0.0166277
         vertex -0.0145354 0.0809612 -0.0165529
         vertex -0.0145354 0.0793612 -0.0165529
      endloop
   endfacet
   facet normal 0.319302 1.95516e-17 0.947653
      outer loop
         vertex -0.014246 0.0809612 -0.0166868
         vertex -0.0143943 0.0809612 -0.0166277
         vertex -0.0143943 0.0793612 -0.0166277
      endloop
   endfacet
   facet normal 0.21497 1.31631e-17 0.976621
      outer loop
         vertex -0.0140921 0.0809612 -0.0167295
         vertex -0.014246 0.0809612 -0.0166868
         vertex -0.014246 0.0793612 -0.0166868
      endloop
   endfacet
   facet normal 0.108119 6.62038e-18 0.994138
      outer loop
         vertex -0.0139345 0.0809612 -0.0167554
         vertex -0.0140921 0.0809612 -0.0167295
         vertex -0.0140921 0.0793612 -0.0167295
      endloop
   endfacet
   facet normal -1.22465e-16 -7.4988e-33 1
      outer loop
         vertex -0.013775 0.0809612 -0.016764
         vertex -0.0139345 0.0809612 -0.0167554
         vertex -0.0139345 0.0793612 -0.0167554
      endloop
   endfacet
   facet normal -0.108119 -6.62038e-18 0.994138
      outer loop
         vertex -0.0136155 0.0809612 -0.0167554
         vertex -0.013775 0.0809612 -0.016764
         vertex -0.013775 0.0793612 -0.016764
      endloop
   endfacet
   facet normal -0.21497 -1.31631e-17 0.976621
      outer loop
         vertex -0.0134579 0.0809612 -0.0167295
         vertex -0.0136155 0.0809612 -0.0167554
         vertex -0.0136155 0.0793612 -0.0167554
      endloop
   endfacet
   facet normal -0.319302 -1.95516e-17 0.947653
      outer loop
         vertex -0.013304 0.0809612 -0.0166868
         vertex -0.0134579 0.0809612 -0.0167295
         vertex -0.0134579 0.0793612 -0.0167295
      endloop
   endfacet
   facet normal -0.419889 -2.57108e-17 0.907575
      outer loop
         vertex -0.0131557 0.0809612 -0.0166277
         vertex -0.013304 0.0809612 -0.0166868
         vertex -0.013304 0.0793612 -0.0166868
      endloop
   endfacet
   facet normal -0.515554 -3.15686e-17 0.856857
      outer loop
         vertex -0.0130146 0.0809612 -0.0165529
         vertex -0.0131557 0.0809612 -0.0166277
         vertex -0.0131557 0.0793612 -0.0166277
      endloop
   endfacet
   facet normal -0.605174 -3.70562e-17 0.796093
      outer loop
         vertex -0.0128824 0.0809612 -0.0164633
         vertex -0.0130146 0.0809612 -0.0165529
         vertex -0.0130146 0.0793612 -0.0165529
      endloop
   endfacet
   facet normal -0.687699 -4.21094e-17 0.725995
      outer loop
         vertex -0.0127606 0.0809612 -0.0163599
         vertex -0.0128824 0.0809612 -0.0164633
         vertex -0.0128824 0.0793612 -0.0164633
      endloop
   endfacet
   facet normal -0.762162 -4.6669e-17 0.647386
      outer loop
         vertex -0.0126508 0.0809612 -0.0162439
         vertex -0.0127606 0.0809612 -0.0163599
         vertex -0.0127606 0.0793612 -0.0163599
      endloop
   endfacet
   facet normal -0.827689 -5.06813e-17 0.561187
      outer loop
         vertex -0.0125542 0.0809612 -0.0161168
         vertex -0.0126508 0.0809612 -0.0162439
         vertex -0.0126508 0.0793612 -0.0162439
      endloop
   endfacet
   facet normal -0.883512 -5.40995e-17 0.468408
      outer loop
         vertex -0.0124718 0.0809612 -0.0159799
         vertex -0.0125542 0.0809612 -0.0161168
         vertex -0.0125542 0.0793612 -0.0161168
      endloop
   endfacet
   facet normal -0.928977 -5.68834e-17 0.370138
      outer loop
         vertex -0.0124048 0.0809612 -0.015835
         vertex -0.0124718 0.0809612 -0.0159799
         vertex -0.0124718 0.0793612 -0.0159799
      endloop
   endfacet
   facet normal -0.96355 -5.90004e-17 0.267528
      outer loop
         vertex -0.0123538 0.0809612 -0.0156836
         vertex -0.0124048 0.0809612 -0.015835
         vertex -0.0124048 0.0793612 -0.015835
      endloop
   endfacet
   facet normal -0.986827 -6.04257e-17 0.161782
      outer loop
         vertex -0.0123194 0.0809612 -0.0155276
         vertex -0.0123538 0.0809612 -0.0156836
         vertex -0.0123538 0.0793612 -0.0156836
      endloop
   endfacet
   facet normal -0.998533 -6.11425e-17 0.0541389
      outer loop
         vertex -0.0123022 0.0809612 -0.0153689
         vertex -0.0123194 0.0809612 -0.0155276
         vertex -0.0123194 0.0793612 -0.0155276
      endloop
   endfacet
   facet normal -0.998533 -6.11425e-17 -0.0541389
      outer loop
         vertex -0.0123022 0.0809612 -0.0152092
         vertex -0.0123022 0.0809612 -0.0153689
         vertex -0.0123022 0.0793612 -0.0153689
      endloop
   endfacet
   facet normal -0.986827 -6.04257e-17 -0.161782
      outer loop
         vertex -0.0123194 0.0809612 -0.0150504
         vertex -0.0123022 0.0809612 -0.0152092
         vertex -0.0123022 0.0793612 -0.0152092
      endloop
   endfacet
   facet normal -0.96355 -5.90004e-17 -0.267528
      outer loop
         vertex -0.0123538 0.0809612 -0.0148944
         vertex -0.0123194 0.0809612 -0.0150504
         vertex -0.0123194 0.0793612 -0.0150504
      endloop
   endfacet
   facet normal -0.928977 -5.68834e-17 -0.370138
      outer loop
         vertex -0.0124048 0.0809612 -0.0147431
         vertex -0.0123538 0.0809612 -0.0148944
         vertex -0.0123538 0.0793612 -0.0148944
      endloop
   endfacet
   facet normal -0.883512 -5.40995e-17 -0.468408
      outer loop
         vertex -0.0124718 0.0809612 -0.0145981
         vertex -0.0124048 0.0809612 -0.0147431
         vertex -0.0124048 0.0793612 -0.0147431
      endloop
   endfacet
   facet normal -0.827689 -5.06813e-17 -0.561187
      outer loop
         vertex -0.0125542 0.0809612 -0.0144613
         vertex -0.0124718 0.0809612 -0.0145981
         vertex -0.0124718 0.0793612 -0.0145981
      endloop
   endfacet
   facet normal -0.762162 -4.6669e-17 -0.647386
      outer loop
         vertex -0.0126508 0.0809612 -0.0143341
         vertex -0.0125542 0.0809612 -0.0144613
         vertex -0.0125542 0.0793612 -0.0144613
      endloop
   endfacet
   facet normal -0.687699 -4.21094e-17 -0.725995
      outer loop
         vertex -0.0127606 0.0809612 -0.0142182
         vertex -0.0126508 0.0809612 -0.0143341
         vertex -0.0126508 0.0793612 -0.0143341
      endloop
   endfacet
   facet normal -0.605174 -3.70562e-17 -0.796093
      outer loop
         vertex -0.0128824 0.0809612 -0.0141148
         vertex -0.0127606 0.0809612 -0.0142182
         vertex -0.0127606 0.0793612 -0.0142182
      endloop
   endfacet
   facet normal -0.515554 -3.15686e-17 -0.856857
      outer loop
         vertex -0.0130146 0.0809612 -0.0140252
         vertex -0.0128824 0.0809612 -0.0141148
         vertex -0.0128824 0.0793612 -0.0141148
      endloop
   endfacet
   facet normal -0.419889 -2.57108e-17 -0.907575
      outer loop
         vertex -0.0131557 0.0809612 -0.0139503
         vertex -0.0130146 0.0809612 -0.0140252
         vertex -0.0130146 0.0793612 -0.0140252
      endloop
   endfacet
   facet normal -0.319302 -1.95516e-17 -0.947653
      outer loop
         vertex -0.013304 0.0809612 -0.0138912
         vertex -0.0131557 0.0809612 -0.0139503
         vertex -0.0131557 0.0793612 -0.0139503
      endloop
   endfacet
   facet normal -0.21497 -1.31631e-17 -0.976621
      outer loop
         vertex -0.0134579 0.0809612 -0.0138485
         vertex -0.013304 0.0809612 -0.0138912
         vertex -0.013304 0.0793612 -0.0138912
      endloop
   endfacet
   facet normal -0.108119 -6.62038e-18 -0.994138
      outer loop
         vertex -0.0136155 0.0809612 -0.0138227
         vertex -0.0134579 0.0809612 -0.0138485
         vertex -0.0134579 0.0793612 -0.0138485
      endloop
   endfacet
   facet normal 2.44929e-16 1.49976e-32 -1
      outer loop
         vertex -0.013775 0.0809612 -0.013814
         vertex -0.0136155 0.0809612 -0.0138227
         vertex -0.0136155 0.0793612 -0.0138227
      endloop
   endfacet
   facet normal -0.108119 -6.62038e-18 -0.994138
      outer loop
         vertex -0.0136155 0.0793612 -0.0138227
         vertex -0.013775 0.0793612 -0.013814
         vertex -0.013775 0.0809612 -0.013814
      endloop
   endfacet
   facet normal -0.21497 -1.31631e-17 -0.976621
      outer loop
         vertex -0.0134579 0.0793612 -0.0138485
         vertex -0.0136155 0.0793612 -0.0138227
         vertex -0.0136155 0.0809612 -0.0138227
      endloop
   endfacet
   facet normal -0.319302 -1.95516e-17 -0.947653
      outer loop
         vertex -0.013304 0.0793612 -0.0138912
         vertex -0.0134579 0.0793612 -0.0138485
         vertex -0.0134579 0.0809612 -0.0138485
      endloop
   endfacet
   facet normal -0.419889 -2.57108e-17 -0.907575
      outer loop
         vertex -0.0131557 0.0793612 -0.0139503
         vertex -0.013304 0.0793612 -0.0138912
         vertex -0.013304 0.0809612 -0.0138912
      endloop
   endfacet
   facet normal -0.515554 -3.15686e-17 -0.856857
      outer loop
         vertex -0.0130146 0.0793612 -0.0140252
         vertex -0.0131557 0.0793612 -0.0139503
         vertex -0.0131557 0.0809612 -0.0139503
      endloop
   endfacet
   facet normal -0.605174 -3.70562e-17 -0.796093
      outer loop
         vertex -0.0128824 0.0793612 -0.0141148
         vertex -0.0130146 0.0793612 -0.0140252
         vertex -0.0130146 0.0809612 -0.0140252
      endloop
   endfacet
   facet normal -0.687699 -4.21094e-17 -0.725995
      outer loop
         vertex -0.0127606 0.0793612 -0.0142182
         vertex -0.0128824 0.0793612 -0.0141148
         vertex -0.0128824 0.0809612 -0.0141148
      endloop
   endfacet
   facet normal -0.762162 -4.6669e-17 -0.647386
      outer loop
         vertex -0.0126508 0.0793612 -0.0143341
         vertex -0.0127606 0.0793612 -0.0142182
         vertex -0.0127606 0.0809612 -0.0142182
      endloop
   endfacet
   facet normal -0.827689 -5.06813e-17 -0.561187
      outer loop
         vertex -0.0125542 0.0793612 -0.0144613
         vertex -0.0126508 0.0793612 -0.0143341
         vertex -0.0126508 0.0809612 -0.0143341
      endloop
   endfacet
   facet normal -0.883512 -5.40995e-17 -0.468408
      outer loop
         vertex -0.0124718 0.0793612 -0.0145981
         vertex -0.0125542 0.0793612 -0.0144613
         vertex -0.0125542 0.0809612 -0.0144613
      endloop
   endfacet
   facet normal -0.928977 -5.68834e-17 -0.370138
      outer loop
         vertex -0.0124048 0.0793612 -0.0147431
         vertex -0.0124718 0.0793612 -0.0145981
         vertex -0.0124718 0.0809612 -0.0145981
      endloop
   endfacet
   facet normal -0.96355 -5.90004e-17 -0.267528
      outer loop
         vertex -0.0123538 0.0793612 -0.0148944
         vertex -0.0124048 0.0793612 -0.0147431
         vertex -0.0124048 0.0809612 -0.0147431
      endloop
   endfacet
   facet normal -0.986827 -6.04257e-17 -0.161782
      outer loop
         vertex -0.0123194 0.0793612 -0.0150504
         vertex -0.0123538 0.0793612 -0.0148944
         vertex -0.0123538 0.0809612 -0.0148944
      endloop
   endfacet
   facet normal -0.998533 -6.11425e-17 -0.0541389
      outer loop
         vertex -0.0123022 0.0793612 -0.0152092
         vertex -0.0123194 0.0793612 -0.0150504
         vertex -0.0123194 0.0809612 -0.0150504
      endloop
   endfacet
   facet normal -0.998533 -6.11425e-17 0.0541389
      outer loop
         vertex -0.0123022 0.0793612 -0.0153689
         vertex -0.0123022 0.0793612 -0.0152092
         vertex -0.0123022 0.0809612 -0.0152092
      endloop
   endfacet
   facet normal -0.986827 -6.04257e-17 0.161782
      outer loop
         vertex -0.0123194 0.0793612 -0.0155276
         vertex -0.0123022 0.0793612 -0.0153689
         vertex -0.0123022 0.0809612 -0.0153689
      endloop
   endfacet
   facet normal -0.96355 -5.90004e-17 0.267528
      outer loop
         vertex -0.0123538 0.0793612 -0.0156836
         vertex -0.0123194 0.0793612 -0.0155276
         vertex -0.0123194 0.0809612 -0.0155276
      endloop
   endfacet
   facet normal -0.928977 -5.68834e-17 0.370138
      outer loop
         vertex -0.0124048 0.0793612 -0.015835
         vertex -0.0123538 0.0793612 -0.0156836
         vertex -0.0123538 0.0809612 -0.0156836
      endloop
   endfacet
   facet normal -0.883512 -5.40995e-17 0.468408
      outer loop
         vertex -0.0124718 0.0793612 -0.0159799
         vertex -0.0124048 0.0793612 -0.015835
         vertex -0.0124048 0.0809612 -0.015835
      endloop
   endfacet
   facet normal -0.827689 -5.06813e-17 0.561187
      outer loop
         vertex -0.0125542 0.0793612 -0.0161168
         vertex -0.0124718 0.0793612 -0.0159799
         vertex -0.0124718 0.0809612 -0.0159799
      endloop
   endfacet
   facet normal -0.762162 -4.6669e-17 0.647386
      outer loop
         vertex -0.0126508 0.0793612 -0.0162439
         vertex -0.0125542 0.0793612 -0.0161168
         vertex -0.0125542 0.0809612 -0.0161168
      endloop
   endfacet
   facet normal -0.687699 -4.21094e-17 0.725995
      outer loop
         vertex -0.0127606 0.0793612 -0.0163599
         vertex -0.0126508 0.0793612 -0.0162439
         vertex -0.0126508 0.0809612 -0.0162439
      endloop
   endfacet
   facet normal -0.605174 -3.70562e-17 0.796093
      outer loop
         vertex -0.0128824 0.0793612 -0.0164633
         vertex -0.0127606 0.0793612 -0.0163599
         vertex -0.0127606 0.0809612 -0.0163599
      endloop
   endfacet
   facet normal -0.515554 -3.15686e-17 0.856857
      outer loop
         vertex -0.0130146 0.0793612 -0.0165529
         vertex -0.0128824 0.0793612 -0.0164633
         vertex -0.0128824 0.0809612 -0.0164633
      endloop
   endfacet
   facet normal -0.419889 -2.57108e-17 0.907575
      outer loop
         vertex -0.0131557 0.0793612 -0.0166277
         vertex -0.0130146 0.0793612 -0.0165529
         vertex -0.0130146 0.0809612 -0.0165529
      endloop
   endfacet
   facet normal -0.319302 -1.95516e-17 0.947653
      outer loop
         vertex -0.013304 0.0793612 -0.0166868
         vertex -0.0131557 0.0793612 -0.0166277
         vertex -0.0131557 0.0809612 -0.0166277
      endloop
   endfacet
   facet normal -0.21497 -1.31631e-17 0.976621
      outer loop
         vertex -0.0134579 0.0793612 -0.0167295
         vertex -0.013304 0.0793612 -0.0166868
         vertex -0.013304 0.0809612 -0.0166868
      endloop
   endfacet
   facet normal -0.108119 -6.62038e-18 0.994138
      outer loop
         vertex -0.0136155 0.0793612 -0.0167554
         vertex -0.0134579 0.0793612 -0.0167295
         vertex -0.0134579 0.0809612 -0.0167295
      endloop
   endfacet
   facet normal -1.22465e-16 -7.4988e-33 1
      outer loop
         vertex -0.013775 0.0793612 -0.016764
         vertex -0.0136155 0.0793612 -0.0167554
         vertex -0.0136155 0.0809612 -0.0167554
      endloop
   endfacet
   facet normal 0.108119 6.62038e-18 0.994138
      outer loop
         vertex -0.0139345 0.0793612 -0.0167554
         vertex -0.013775 0.0793612 -0.016764
         vertex -0.013775 0.0809612 -0.016764
      endloop
   endfacet
   facet normal 0.21497 1.31631e-17 0.976621
      outer loop
         vertex -0.0140921 0.0793612 -0.0167295
         vertex -0.0139345 0.0793612 -0.0167554
         vertex -0.0139345 0.0809612 -0.0167554
      endloop
   endfacet
   facet normal 0.319302 1.95516e-17 0.947653
      outer loop
         vertex -0.014246 0.0793612 -0.0166868
         vertex -0.0140921 0.0793612 -0.0167295
         vertex -0.0140921 0.0809612 -0.0167295
      endloop
   endfacet
   facet normal 0.419889 2.57108e-17 0.907575
      outer loop
         vertex -0.0143943 0.0793612 -0.0166277
         vertex -0.014246 0.0793612 -0.0166868
         vertex -0.014246 0.0809612 -0.0166868
      endloop
   endfacet
   facet normal 0.515554 3.15686e-17 0.856857
      outer loop
         vertex -0.0145354 0.0793612 -0.0165529
         vertex -0.0143943 0.0793612 -0.0166277
         vertex -0.0143943 0.0809612 -0.0166277
      endloop
   endfacet
   facet normal 0.605174 3.70562e-17 0.796093
      outer loop
         vertex -0.0146676 0.0793612 -0.0164633
         vertex -0.0145354 0.0793612 -0.0165529
         vertex -0.0145354 0.0809612 -0.0165529
      endloop
   endfacet
   facet normal 0.687699 4.21094e-17 0.725995
      outer loop
         vertex -0.0147894 0.0793612 -0.0163599
         vertex -0.0146676 0.0793612 -0.0164633
         vertex -0.0146676 0.0809612 -0.0164633
      endloop
   endfacet
   facet normal 0.762162 4.6669e-17 0.647386
      outer loop
         vertex -0.0148992 0.0793612 -0.0162439
         vertex -0.0147894 0.0793612 -0.0163599
         vertex -0.0147894 0.0809612 -0.0163599
      endloop
   endfacet
   facet normal 0.827689 5.06813e-17 0.561187
      outer loop
         vertex -0.0149958 0.0793612 -0.0161168
         vertex -0.0148992 0.0793612 -0.0162439
         vertex -0.0148992 0.0809612 -0.0162439
      endloop
   endfacet
   facet normal 0.883512 5.40995e-17 0.468408
      outer loop
         vertex -0.0150782 0.0793612 -0.0159799
         vertex -0.0149958 0.0793612 -0.0161168
         vertex -0.0149958 0.0809612 -0.0161168
      endloop
   endfacet
   facet normal 0.928977 5.68834e-17 0.370138
      outer loop
         vertex -0.0151452 0.0793612 -0.015835
         vertex -0.0150782 0.0793612 -0.0159799
         vertex -0.0150782 0.0809612 -0.0159799
      endloop
   endfacet
   facet normal 0.96355 5.90004e-17 0.267528
      outer loop
         vertex -0.0151962 0.0793612 -0.0156836
         vertex -0.0151452 0.0793612 -0.015835
         vertex -0.0151452 0.0809612 -0.015835
      endloop
   endfacet
   facet normal 0.986827 6.04257e-17 0.161782
      outer loop
         vertex -0.0152306 0.0793612 -0.0155276
         vertex -0.0151962 0.0793612 -0.0156836
         vertex -0.0151962 0.0809612 -0.0156836
      endloop
   endfacet
   facet normal 0.998533 6.11425e-17 0.0541389
      outer loop
         vertex -0.0152478 0.0793612 -0.0153689
         vertex -0.0152306 0.0793612 -0.0155276
         vertex -0.0152306 0.0809612 -0.0155276
      endloop
   endfacet
   facet normal 0.998533 6.11425e-17 -0.0541389
      outer loop
         vertex -0.0152478 0.0793612 -0.0152092
         vertex -0.0152478 0.0793612 -0.0153689
         vertex -0.0152478 0.0809612 -0.0153689
      endloop
   endfacet
   facet normal 0.986827 6.04257e-17 -0.161782
      outer loop
         vertex -0.0152306 0.0793612 -0.0150504
         vertex -0.0152478 0.0793612 -0.0152092
         vertex -0.0152478 0.0809612 -0.0152092
      endloop
   endfacet
   facet normal 0.96355 5.90004e-17 -0.267528
      outer loop
         vertex -0.0151962 0.0793612 -0.0148944
         vertex -0.0152306 0.0793612 -0.0150504
         vertex -0.0152306 0.0809612 -0.0150504
      endloop
   endfacet
   facet normal 0.928977 5.68834e-17 -0.370138
      outer loop
         vertex -0.0151452 0.0793612 -0.0147431
         vertex -0.0151962 0.0793612 -0.0148944
         vertex -0.0151962 0.0809612 -0.0148944
      endloop
   endfacet
   facet normal 0.883512 5.40995e-17 -0.468408
      outer loop
         vertex -0.0150782 0.0793612 -0.0145981
         vertex -0.0151452 0.0793612 -0.0147431
         vertex -0.0151452 0.0809612 -0.0147431
      endloop
   endfacet
   facet normal 0.827689 5.06813e-17 -0.561187
      outer loop
         vertex -0.0149958 0.0793612 -0.0144613
         vertex -0.0150782 0.0793612 -0.0145981
         vertex -0.0150782 0.0809612 -0.0145981
      endloop
   endfacet
   facet normal 0.762162 4.6669e-17 -0.647386
      outer loop
         vertex -0.0148992 0.0793612 -0.0143341
         vertex -0.0149958 0.0793612 -0.0144613
         vertex -0.0149958 0.0809612 -0.0144613
      endloop
   endfacet
   facet normal 0.687699 4.21094e-17 -0.725995
      outer loop
         vertex -0.0147894 0.0793612 -0.0142182
         vertex -0.0148992 0.0793612 -0.0143341
         vertex -0.0148992 0.0809612 -0.0143341
      endloop
   endfacet
   facet normal 0.605174 3.70562e-17 -0.796093
      outer loop
         vertex -0.0146676 0.0793612 -0.0141148
         vertex -0.0147894 0.0793612 -0.0142182
         vertex -0.0147894 0.0809612 -0.0142182
      endloop
   endfacet
   facet normal 0.515554 3.15686e-17 -0.856857
      outer loop
         vertex -0.0145354 0.0793612 -0.0140252
         vertex -0.0146676 0.0793612 -0.0141148
         vertex -0.0146676 0.0809612 -0.0141148
      endloop
   endfacet
   facet normal 0.419889 2.57108e-17 -0.907575
      outer loop
         vertex -0.0143943 0.0793612 -0.0139503
         vertex -0.0145354 0.0793612 -0.0140252
         vertex -0.0145354 0.0809612 -0.0140252
      endloop
   endfacet
   facet normal 0.319302 1.95516e-17 -0.947653
      outer loop
         vertex -0.014246 0.0793612 -0.0138912
         vertex -0.0143943 0.0793612 -0.0139503
         vertex -0.0143943 0.0809612 -0.0139503
      endloop
   endfacet
   facet normal 0.21497 1.31631e-17 -0.976621
      outer loop
         vertex -0.0140921 0.0793612 -0.0138485
         vertex -0.014246 0.0793612 -0.0138912
         vertex -0.014246 0.0809612 -0.0138912
      endloop
   endfacet
   facet normal 0.108119 6.62038e-18 -0.994138
      outer loop
         vertex -0.0139345 0.0793612 -0.0138227
         vertex -0.0140921 0.0793612 -0.0138485
         vertex -0.0140921 0.0809612 -0.0138485
      endloop
   endfacet
   facet normal 2.44929e-16 1.49976e-32 -1
      outer loop
         vertex -0.013775 0.0793612 -0.013814
         vertex -0.0139345 0.0793612 -0.0138227
         vertex -0.0139345 0.0809612 -0.0138227
      endloop
   endfacet
   facet normal 0.108119 6.62038e-18 -0.994138
      outer loop
         vertex 0.0139155 0.0809612 -0.0416727
         vertex 0.014075 0.0809612 -0.041664
         vertex 0.014075 0.0793612 -0.041664
      endloop
   endfacet
   facet normal 0.21497 1.31631e-17 -0.976621
      outer loop
         vertex 0.0137579 0.0809612 -0.0416985
         vertex 0.0139155 0.0809612 -0.0416727
         vertex 0.0139155 0.0793612 -0.0416727
      endloop
   endfacet
   facet normal 0.319302 1.95516e-17 -0.947653
      outer loop
         vertex 0.013604 0.0809612 -0.0417412
         vertex 0.0137579 0.0809612 -0.0416985
         vertex 0.0137579 0.0793612 -0.0416985
      endloop
   endfacet
   facet normal 0.419889 2.57108e-17 -0.907575
      outer loop
         vertex 0.0134557 0.0809612 -0.0418003
         vertex 0.013604 0.0809612 -0.0417412
         vertex 0.013604 0.0793612 -0.0417412
      endloop
   endfacet
   facet normal 0.515554 3.15686e-17 -0.856857
      outer loop
         vertex 0.0133146 0.0809612 -0.0418752
         vertex 0.0134557 0.0809612 -0.0418003
         vertex 0.0134557 0.0793612 -0.0418003
      endloop
   endfacet
   facet normal 0.605174 3.70562e-17 -0.796093
      outer loop
         vertex 0.0131824 0.0809612 -0.0419648
         vertex 0.0133146 0.0809612 -0.0418752
         vertex 0.0133146 0.0793612 -0.0418752
      endloop
   endfacet
   facet normal 0.687699 4.21094e-17 -0.725995
      outer loop
         vertex 0.0130606 0.0809612 -0.0420682
         vertex 0.0131824 0.0809612 -0.0419648
         vertex 0.0131824 0.0793612 -0.0419648
      endloop
   endfacet
   facet normal 0.762162 4.6669e-17 -0.647386
      outer loop
         vertex 0.0129508 0.0809612 -0.0421841
         vertex 0.0130606 0.0809612 -0.0420682
         vertex 0.0130606 0.0793612 -0.0420682
      endloop
   endfacet
   facet normal 0.827689 5.06813e-17 -0.561187
      outer loop
         vertex 0.0128542 0.0809612 -0.0423113
         vertex 0.0129508 0.0809612 -0.0421841
         vertex 0.0129508 0.0793612 -0.0421841
      endloop
   endfacet
   facet normal 0.883512 5.40995e-17 -0.468408
      outer loop
         vertex 0.0127718 0.0809612 -0.0424481
         vertex 0.0128542 0.0809612 -0.0423113
         vertex 0.0128542 0.0793612 -0.0423113
      endloop
   endfacet
   facet normal 0.928977 5.68834e-17 -0.370138
      outer loop
         vertex 0.0127048 0.0809612 -0.0425931
         vertex 0.0127718 0.0809612 -0.0424481
         vertex 0.0127718 0.0793612 -0.0424481
      endloop
   endfacet
   facet normal 0.96355 5.90004e-17 -0.267528
      outer loop
         vertex 0.0126538 0.0809612 -0.0427444
         vertex 0.0127048 0.0809612 -0.0425931
         vertex 0.0127048 0.0793612 -0.0425931
      endloop
   endfacet
   facet normal 0.986827 6.04257e-17 -0.161782
      outer loop
         vertex 0.0126194 0.0809612 -0.0429004
         vertex 0.0126538 0.0809612 -0.0427444
         vertex 0.0126538 0.0793612 -0.0427444
      endloop
   endfacet
   facet normal 0.998533 6.11425e-17 -0.0541389
      outer loop
         vertex 0.0126022 0.0809612 -0.0430592
         vertex 0.0126194 0.0809612 -0.0429004
         vertex 0.0126194 0.0793612 -0.0429004
      endloop
   endfacet
   facet normal 0.998533 6.11425e-17 0.0541389
      outer loop
         vertex 0.0126022 0.0809612 -0.0432189
         vertex 0.0126022 0.0809612 -0.0430592
         vertex 0.0126022 0.0793612 -0.0430592
      endloop
   endfacet
   facet normal 0.986827 6.04257e-17 0.161782
      outer loop
         vertex 0.0126194 0.0809612 -0.0433776
         vertex 0.0126022 0.0809612 -0.0432189
         vertex 0.0126022 0.0793612 -0.0432189
      endloop
   endfacet
   facet normal 0.96355 5.90004e-17 0.267528
      outer loop
         vertex 0.0126538 0.0809612 -0.0435336
         vertex 0.0126194 0.0809612 -0.0433776
         vertex 0.0126194 0.0793612 -0.0433776
      endloop
   endfacet
   facet normal 0.928977 5.68834e-17 0.370138
      outer loop
         vertex 0.0127048 0.0809612 -0.043685
         vertex 0.0126538 0.0809612 -0.0435336
         vertex 0.0126538 0.0793612 -0.0435336
      endloop
   endfacet
   facet normal 0.883512 5.40995e-17 0.468408
      outer loop
         vertex 0.0127718 0.0809612 -0.0438299
         vertex 0.0127048 0.0809612 -0.043685
         vertex 0.0127048 0.0793612 -0.043685
      endloop
   endfacet
   facet normal 0.827689 5.06813e-17 0.561187
      outer loop
         vertex 0.0128542 0.0809612 -0.0439668
         vertex 0.0127718 0.0809612 -0.0438299
         vertex 0.0127718 0.0793612 -0.0438299
      endloop
   endfacet
   facet normal 0.762162 4.6669e-17 0.647386
      outer loop
         vertex 0.0129508 0.0809612 -0.0440939
         vertex 0.0128542 0.0809612 -0.0439668
         vertex 0.0128542 0.0793612 -0.0439668
      endloop
   endfacet
   facet normal 0.687699 4.21094e-17 0.725995
      outer loop
         vertex 0.0130606 0.0809612 -0.0442099
         vertex 0.0129508 0.0809612 -0.0440939
         vertex 0.0129508 0.0793612 -0.0440939
      endloop
   endfacet
   facet normal 0.605174 3.70562e-17 0.796093
      outer loop
         vertex 0.0131824 0.0809612 -0.0443133
         vertex 0.0130606 0.0809612 -0.0442099
         vertex 0.0130606 0.0793612 -0.0442099
      endloop
   endfacet
   facet normal 0.515554 3.15686e-17 0.856857
      outer loop
         vertex 0.0133146 0.0809612 -0.0444029
         vertex 0.0131824 0.0809612 -0.0443133
         vertex 0.0131824 0.0793612 -0.0443133
      endloop
   endfacet
   facet normal 0.419889 2.57108e-17 0.907575
      outer loop
         vertex 0.0134557 0.0809612 -0.0444777
         vertex 0.0133146 0.0809612 -0.0444029
         vertex 0.0133146 0.0793612 -0.0444029
      endloop
   endfacet
   facet normal 0.319302 1.95516e-17 0.947653
      outer loop
         vertex 0.013604 0.0809612 -0.0445368
         vertex 0.0134557 0.0809612 -0.0444777
         vertex 0.0134557 0.0793612 -0.0444777
      endloop
   endfacet
   facet normal 0.21497 1.31631e-17 0.976621
      outer loop
         vertex 0.0137579 0.0809612 -0.0445795
         vertex 0.013604 0.0809612 -0.0445368
         vertex 0.013604 0.0793612 -0.0445368
      endloop
   endfacet
   facet normal 0.108119 6.62038e-18 0.994138
      outer loop
         vertex 0.0139155 0.0809612 -0.0446054
         vertex 0.0137579 0.0809612 -0.0445795
         vertex 0.0137579 0.0793612 -0.0445795
      endloop
   endfacet
   facet normal -1.22465e-16 -7.4988e-33 1
      outer loop
         vertex 0.014075 0.0809612 -0.044614
         vertex 0.0139155 0.0809612 -0.0446054
         vertex 0.0139155 0.0793612 -0.0446054
      endloop
   endfacet
   facet normal -0.108119 -6.62038e-18 0.994138
      outer loop
         vertex 0.0142345 0.0809612 -0.0446054
         vertex 0.014075 0.0809612 -0.044614
         vertex 0.014075 0.0793612 -0.044614
      endloop
   endfacet
   facet normal -0.21497 -1.31631e-17 0.976621
      outer loop
         vertex 0.0143921 0.0809612 -0.0445795
         vertex 0.0142345 0.0809612 -0.0446054
         vertex 0.0142345 0.0793612 -0.0446054
      endloop
   endfacet
   facet normal -0.319302 -1.95516e-17 0.947653
      outer loop
         vertex 0.014546 0.0809612 -0.0445368
         vertex 0.0143921 0.0809612 -0.0445795
         vertex 0.0143921 0.0793612 -0.0445795
      endloop
   endfacet
   facet normal -0.419889 -2.57108e-17 0.907575
      outer loop
         vertex 0.0146943 0.0809612 -0.0444777
         vertex 0.014546 0.0809612 -0.0445368
         vertex 0.014546 0.0793612 -0.0445368
      endloop
   endfacet
   facet normal -0.515554 -3.15686e-17 0.856857
      outer loop
         vertex 0.0148354 0.0809612 -0.0444029
         vertex 0.0146943 0.0809612 -0.0444777
         vertex 0.0146943 0.0793612 -0.0444777
      endloop
   endfacet
   facet normal -0.605174 -3.70562e-17 0.796093
      outer loop
         vertex 0.0149676 0.0809612 -0.0443133
         vertex 0.0148354 0.0809612 -0.0444029
         vertex 0.0148354 0.0793612 -0.0444029
      endloop
   endfacet
   facet normal -0.687699 -4.21094e-17 0.725995
      outer loop
         vertex 0.0150894 0.0809612 -0.0442099
         vertex 0.0149676 0.0809612 -0.0443133
         vertex 0.0149676 0.0793612 -0.0443133
      endloop
   endfacet
   facet normal -0.762162 -4.6669e-17 0.647386
      outer loop
         vertex 0.0151992 0.0809612 -0.0440939
         vertex 0.0150894 0.0809612 -0.0442099
         vertex 0.0150894 0.0793612 -0.0442099
      endloop
   endfacet
   facet normal -0.827689 -5.06813e-17 0.561187
      outer loop
         vertex 0.0152958 0.0809612 -0.0439668
         vertex 0.0151992 0.0809612 -0.0440939
         vertex 0.0151992 0.0793612 -0.0440939
      endloop
   endfacet
   facet normal -0.883512 -5.40995e-17 0.468408
      outer loop
         vertex 0.0153782 0.0809612 -0.0438299
         vertex 0.0152958 0.0809612 -0.0439668
         vertex 0.0152958 0.0793612 -0.0439668
      endloop
   endfacet
   facet normal -0.928977 -5.68834e-17 0.370138
      outer loop
         vertex 0.0154452 0.0809612 -0.043685
         vertex 0.0153782 0.0809612 -0.0438299
         vertex 0.0153782 0.0793612 -0.0438299
      endloop
   endfacet
   facet normal -0.96355 -5.90004e-17 0.267528
      outer loop
         vertex 0.0154962 0.0809612 -0.0435336
         vertex 0.0154452 0.0809612 -0.043685
         vertex 0.0154452 0.0793612 -0.043685
      endloop
   endfacet
   facet normal -0.986827 -6.04257e-17 0.161782
      outer loop
         vertex 0.0155306 0.0809612 -0.0433776
         vertex 0.0154962 0.0809612 -0.0435336
         vertex 0.0154962 0.0793612 -0.0435336
      endloop
   endfacet
   facet normal -0.998533 -6.11425e-17 0.0541389
      outer loop
         vertex 0.0155478 0.0809612 -0.0432189
         vertex 0.0155306 0.0809612 -0.0433776
         vertex 0.0155306 0.0793612 -0.0433776
      endloop
   endfacet
   facet normal -0.998533 -6.11425e-17 -0.0541389
      outer loop
         vertex 0.0155478 0.0809612 -0.0430592
         vertex 0.0155478 0.0809612 -0.0432189
         vertex 0.0155478 0.0793612 -0.0432189
      endloop
   endfacet
   facet normal -0.986827 -6.04257e-17 -0.161782
      outer loop
         vertex 0.0155306 0.0809612 -0.0429004
         vertex 0.0155478 0.0809612 -0.0430592
         vertex 0.0155478 0.0793612 -0.0430592
      endloop
   endfacet
   facet normal -0.96355 -5.90004e-17 -0.267528
      outer loop
         vertex 0.0154962 0.0809612 -0.0427444
         vertex 0.0155306 0.0809612 -0.0429004
         vertex 0.0155306 0.0793612 -0.0429004
      endloop
   endfacet
   facet normal -0.928977 -5.68834e-17 -0.370138
      outer loop
         vertex 0.0154452 0.0809612 -0.0425931
         vertex 0.0154962 0.0809612 -0.0427444
         vertex 0.0154962 0.0793612 -0.0427444
      endloop
   endfacet
   facet normal -0.883512 -5.40995e-17 -0.468408
      outer loop
         vertex 0.0153782 0.0809612 -0.0424481
         vertex 0.0154452 0.0809612 -0.0425931
         vertex 0.0154452 0.0793612 -0.0425931
      endloop
   endfacet
   facet normal -0.827689 -5.06813e-17 -0.561187
      outer loop
         vertex 0.0152958 0.0809612 -0.0423113
         vertex 0.0153782 0.0809612 -0.0424481
         vertex 0.0153782 0.0793612 -0.0424481
      endloop
   endfacet
   facet normal -0.762162 -4.6669e-17 -0.647386
      outer loop
         vertex 0.0151992 0.0809612 -0.0421841
         vertex 0.0152958 0.0809612 -0.0423113
         vertex 0.0152958 0.0793612 -0.0423113
      endloop
   endfacet
   facet normal -0.687699 -4.21094e-17 -0.725995
      outer loop
         vertex 0.0150894 0.0809612 -0.0420682
         vertex 0.0151992 0.0809612 -0.0421841
         vertex 0.0151992 0.0793612 -0.0421841
      endloop
   endfacet
   facet normal -0.605174 -3.70562e-17 -0.796093
      outer loop
         vertex 0.0149676 0.0809612 -0.0419648
         vertex 0.0150894 0.0809612 -0.0420682
         vertex 0.0150894 0.0793612 -0.0420682
      endloop
   endfacet
   facet normal -0.515554 -3.15686e-17 -0.856857
      outer loop
         vertex 0.0148354 0.0809612 -0.0418752
         vertex 0.0149676 0.0809612 -0.0419648
         vertex 0.0149676 0.0793612 -0.0419648
      endloop
   endfacet
   facet normal -0.419889 -2.57108e-17 -0.907575
      outer loop
         vertex 0.0146943 0.0809612 -0.0418003
         vertex 0.0148354 0.0809612 -0.0418752
         vertex 0.0148354 0.0793612 -0.0418752
      endloop
   endfacet
   facet normal -0.319302 -1.95516e-17 -0.947653
      outer loop
         vertex 0.014546 0.0809612 -0.0417412
         vertex 0.0146943 0.0809612 -0.0418003
         vertex 0.0146943 0.0793612 -0.0418003
      endloop
   endfacet
   facet normal -0.21497 -1.31631e-17 -0.976621
      outer loop
         vertex 0.0143921 0.0809612 -0.0416985
         vertex 0.014546 0.0809612 -0.0417412
         vertex 0.014546 0.0793612 -0.0417412
      endloop
   endfacet
   facet normal -0.108119 -6.62038e-18 -0.994138
      outer loop
         vertex 0.0142345 0.0809612 -0.0416727
         vertex 0.0143921 0.0809612 -0.0416985
         vertex 0.0143921 0.0793612 -0.0416985
      endloop
   endfacet
   facet normal 2.44929e-16 1.49976e-32 -1
      outer loop
         vertex 0.014075 0.0809612 -0.041664
         vertex 0.0142345 0.0809612 -0.0416727
         vertex 0.0142345 0.0793612 -0.0416727
      endloop
   endfacet
   facet normal -0.108119 -6.62038e-18 -0.994138
      outer loop
         vertex 0.0142345 0.0793612 -0.0416727
         vertex 0.014075 0.0793612 -0.041664
         vertex 0.014075 0.0809612 -0.041664
      endloop
   endfacet
   facet normal -0.21497 -1.31631e-17 -0.976621
      outer loop
         vertex 0.0143921 0.0793612 -0.0416985
         vertex 0.0142345 0.0793612 -0.0416727
         vertex 0.0142345 0.0809612 -0.0416727
      endloop
   endfacet
   facet normal -0.319302 -1.95516e-17 -0.947653
      outer loop
         vertex 0.014546 0.0793612 -0.0417412
         vertex 0.0143921 0.0793612 -0.0416985
         vertex 0.0143921 0.0809612 -0.0416985
      endloop
   endfacet
   facet normal -0.419889 -2.57108e-17 -0.907575
      outer loop
         vertex 0.0146943 0.0793612 -0.0418003
         vertex 0.014546 0.0793612 -0.0417412
         vertex 0.014546 0.0809612 -0.0417412
      endloop
   endfacet
   facet normal -0.515554 -3.15686e-17 -0.856857
      outer loop
         vertex 0.0148354 0.0793612 -0.0418752
         vertex 0.0146943 0.0793612 -0.0418003
         vertex 0.0146943 0.0809612 -0.0418003
      endloop
   endfacet
   facet normal -0.605174 -3.70562e-17 -0.796093
      outer loop
         vertex 0.0149676 0.0793612 -0.0419648
         vertex 0.0148354 0.0793612 -0.0418752
         vertex 0.0148354 0.0809612 -0.0418752
      endloop
   endfacet
   facet normal -0.687699 -4.21094e-17 -0.725995
      outer loop
         vertex 0.0150894 0.0793612 -0.0420682
         vertex 0.0149676 0.0793612 -0.0419648
         vertex 0.0149676 0.0809612 -0.0419648
      endloop
   endfacet
   facet normal -0.762162 -4.6669e-17 -0.647386
      outer loop
         vertex 0.0151992 0.0793612 -0.0421841
         vertex 0.0150894 0.0793612 -0.0420682
         vertex 0.0150894 0.0809612 -0.0420682
      endloop
   endfacet
   facet normal -0.827689 -5.06813e-17 -0.561187
      outer loop
         vertex 0.0152958 0.0793612 -0.0423113
         vertex 0.0151992 0.0793612 -0.0421841
         vertex 0.0151992 0.0809612 -0.0421841
      endloop
   endfacet
   facet normal -0.883512 -5.40995e-17 -0.468408
      outer loop
         vertex 0.0153782 0.0793612 -0.0424481
         vertex 0.0152958 0.0793612 -0.0423113
         vertex 0.0152958 0.0809612 -0.0423113
      endloop
   endfacet
   facet normal -0.928977 -5.68834e-17 -0.370138
      outer loop
         vertex 0.0154452 0.0793612 -0.0425931
         vertex 0.0153782 0.0793612 -0.0424481
         vertex 0.0153782 0.0809612 -0.0424481
      endloop
   endfacet
   facet normal -0.96355 -5.90004e-17 -0.267528
      outer loop
         vertex 0.0154962 0.0793612 -0.0427444
         vertex 0.0154452 0.0793612 -0.0425931
         vertex 0.0154452 0.0809612 -0.0425931
      endloop
   endfacet
   facet normal -0.986827 -6.04257e-17 -0.161782
      outer loop
         vertex 0.0155306 0.0793612 -0.0429004
         vertex 0.0154962 0.0793612 -0.0427444
         vertex 0.0154962 0.0809612 -0.0427444
      endloop
   endfacet
   facet normal -0.998533 -6.11425e-17 -0.0541389
      outer loop
         vertex 0.0155478 0.0793612 -0.0430592
         vertex 0.0155306 0.0793612 -0.0429004
         vertex 0.0155306 0.0809612 -0.0429004
      endloop
   endfacet
   facet normal -0.998533 -6.11425e-17 0.0541389
      outer loop
         vertex 0.0155478 0.0793612 -0.0432189
         vertex 0.0155478 0.0793612 -0.0430592
         vertex 0.0155478 0.0809612 -0.0430592
      endloop
   endfacet
   facet normal -0.986827 -6.04257e-17 0.161782
      outer loop
         vertex 0.0155306 0.0793612 -0.0433776
         vertex 0.0155478 0.0793612 -0.0432189
         vertex 0.0155478 0.0809612 -0.0432189
      endloop
   endfacet
   facet normal -0.96355 -5.90004e-17 0.267528
      outer loop
         vertex 0.0154962 0.0793612 -0.0435336
         vertex 0.0155306 0.0793612 -0.0433776
         vertex 0.0155306 0.0809612 -0.0433776
      endloop
   endfacet
   facet normal -0.928977 -5.68834e-17 0.370138
      outer loop
         vertex 0.0154452 0.0793612 -0.043685
         vertex 0.0154962 0.0793612 -0.0435336
         vertex 0.0154962 0.0809612 -0.0435336
      endloop
   endfacet
   facet normal -0.883512 -5.40995e-17 0.468408
      outer loop
         vertex 0.0153782 0.0793612 -0.0438299
         vertex 0.0154452 0.0793612 -0.043685
         vertex 0.0154452 0.0809612 -0.043685
      endloop
   endfacet
   facet normal -0.827689 -5.06813e-17 0.561187
      outer loop
         vertex 0.0152958 0.0793612 -0.0439668
         vertex 0.0153782 0.0793612 -0.0438299
         vertex 0.0153782 0.0809612 -0.0438299
      endloop
   endfacet
   facet normal -0.762162 -4.6669e-17 0.647386
      outer loop
         vertex 0.0151992 0.0793612 -0.0440939
         vertex 0.0152958 0.0793612 -0.0439668
         vertex 0.0152958 0.0809612 -0.0439668
      endloop
   endfacet
   facet normal -0.687699 -4.21094e-17 0.725995
      outer loop
         vertex 0.0150894 0.0793612 -0.0442099
         vertex 0.0151992 0.0793612 -0.0440939
         vertex 0.0151992 0.0809612 -0.0440939
      endloop
   endfacet
   facet normal -0.605174 -3.70562e-17 0.796093
      outer loop
         vertex 0.0149676 0.0793612 -0.0443133
         vertex 0.0150894 0.0793612 -0.0442099
         vertex 0.0150894 0.0809612 -0.0442099
      endloop
   endfacet
   facet normal -0.515554 -3.15686e-17 0.856857
      outer loop
         vertex 0.0148354 0.0793612 -0.0444029
         vertex 0.0149676 0.0793612 -0.0443133
         vertex 0.0149676 0.0809612 -0.0443133
      endloop
   endfacet
   facet normal -0.419889 -2.57108e-17 0.907575
      outer loop
         vertex 0.0146943 0.0793612 -0.0444777
         vertex 0.0148354 0.0793612 -0.0444029
         vertex 0.0148354 0.0809612 -0.0444029
      endloop
   endfacet
   facet normal -0.319302 -1.95516e-17 0.947653
      outer loop
         vertex 0.014546 0.0793612 -0.0445368
         vertex 0.0146943 0.0793612 -0.0444777
         vertex 0.0146943 0.0809612 -0.0444777
      endloop
   endfacet
   facet normal -0.21497 -1.31631e-17 0.976621
      outer loop
         vertex 0.0143921 0.0793612 -0.0445795
         vertex 0.014546 0.0793612 -0.0445368
         vertex 0.014546 0.0809612 -0.0445368
      endloop
   endfacet
   facet normal -0.108119 -6.62038e-18 0.994138
      outer loop
         vertex 0.0142345 0.0793612 -0.0446054
         vertex 0.0143921 0.0793612 -0.0445795
         vertex 0.0143921 0.0809612 -0.0445795
      endloop
   endfacet
   facet normal -1.22465e-16 -7.4988e-33 1
      outer loop
         vertex 0.014075 0.0793612 -0.044614
         vertex 0.0142345 0.0793612 -0.0446054
         vertex 0.0142345 0.0809612 -0.0446054
      endloop
   endfacet
   facet normal 0.108119 6.62038e-18 0.994138
      outer loop
         vertex 0.0139155 0.0793612 -0.0446054
         vertex 0.014075 0.0793612 -0.044614
         vertex 0.014075 0.0809612 -0.044614
      endloop
   endfacet
   facet normal 0.21497 1.31631e-17 0.976621
      outer loop
         vertex 0.0137579 0.0793612 -0.0445795
         vertex 0.0139155 0.0793612 -0.0446054
         vertex 0.0139155 0.0809612 -0.0446054
      endloop
   endfacet
   facet normal 0.319302 1.95516e-17 0.947653
      outer loop
         vertex 0.013604 0.0793612 -0.0445368
         vertex 0.0137579 0.0793612 -0.0445795
         vertex 0.0137579 0.0809612 -0.0445795
      endloop
   endfacet
   facet normal 0.419889 2.57108e-17 0.907575
      outer loop
         vertex 0.0134557 0.0793612 -0.0444777
         vertex 0.013604 0.0793612 -0.0445368
         vertex 0.013604 0.0809612 -0.0445368
      endloop
   endfacet
   facet normal 0.515554 3.15686e-17 0.856857
      outer loop
         vertex 0.0133146 0.0793612 -0.0444029
         vertex 0.0134557 0.0793612 -0.0444777
         vertex 0.0134557 0.0809612 -0.0444777
      endloop
   endfacet
   facet normal 0.605174 3.70562e-17 0.796093
      outer loop
         vertex 0.0131824 0.0793612 -0.0443133
         vertex 0.0133146 0.0793612 -0.0444029
         vertex 0.0133146 0.0809612 -0.0444029
      endloop
   endfacet
   facet normal 0.687699 4.21094e-17 0.725995
      outer loop
         vertex 0.0130606 0.0793612 -0.0442099
         vertex 0.0131824 0.0793612 -0.0443133
         vertex 0.0131824 0.0809612 -0.0443133
      endloop
   endfacet
   facet normal 0.762162 4.6669e-17 0.647386
      outer loop
         vertex 0.0129508 0.0793612 -0.0440939
         vertex 0.0130606 0.0793612 -0.0442099
         vertex 0.0130606 0.0809612 -0.0442099
      endloop
   endfacet
   facet normal 0.827689 5.06813e-17 0.561187
      outer loop
         vertex 0.0128542 0.0793612 -0.0439668
         vertex 0.0129508 0.0793612 -0.0440939
         vertex 0.0129508 0.0809612 -0.0440939
      endloop
   endfacet
   facet normal 0.883512 5.40995e-17 0.468408
      outer loop
         vertex 0.0127718 0.0793612 -0.0438299
         vertex 0.0128542 0.0793612 -0.0439668
         vertex 0.0128542 0.0809612 -0.0439668
      endloop
   endfacet
   facet normal 0.928977 5.68834e-17 0.370138
      outer loop
         vertex 0.0127048 0.0793612 -0.043685
         vertex 0.0127718 0.0793612 -0.0438299
         vertex 0.0127718 0.0809612 -0.0438299
      endloop
   endfacet
   facet normal 0.96355 5.90004e-17 0.267528
      outer loop
         vertex 0.0126538 0.0793612 -0.0435336
         vertex 0.0127048 0.0793612 -0.043685
         vertex 0.0127048 0.0809612 -0.043685
      endloop
   endfacet
   facet normal 0.986827 6.04257e-17 0.161782
      outer loop
         vertex 0.0126194 0.0793612 -0.0433776
         vertex 0.0126538 0.0793612 -0.0435336
         vertex 0.0126538 0.0809612 -0.0435336
      endloop
   endfacet
   facet normal 0.998533 6.11425e-17 0.0541389
      outer loop
         vertex 0.0126022 0.0793612 -0.0432189
         vertex 0.0126194 0.0793612 -0.0433776
         vertex 0.0126194 0.0809612 -0.0433776
      endloop
   endfacet
   facet normal 0.998533 6.11425e-17 -0.0541389
      outer loop
         vertex 0.0126022 0.0793612 -0.0430592
         vertex 0.0126022 0.0793612 -0.0432189
         vertex 0.0126022 0.0809612 -0.0432189
      endloop
   endfacet
   facet normal 0.986827 6.04257e-17 -0.161782
      outer loop
         vertex 0.0126194 0.0793612 -0.0429004
         vertex 0.0126022 0.0793612 -0.0430592
         vertex 0.0126022 0.0809612 -0.0430592
      endloop
   endfacet
   facet normal 0.96355 5.90004e-17 -0.267528
      outer loop
         vertex 0.0126538 0.0793612 -0.0427444
         vertex 0.0126194 0.0793612 -0.0429004
         vertex 0.0126194 0.0809612 -0.0429004
      endloop
   endfacet
   facet normal 0.928977 5.68834e-17 -0.370138
      outer loop
         vertex 0.0127048 0.0793612 -0.0425931
         vertex 0.0126538 0.0793612 -0.0427444
         vertex 0.0126538 0.0809612 -0.0427444
      endloop
   endfacet
   facet normal 0.883512 5.40995e-17 -0.468408
      outer loop
         vertex 0.0127718 0.0793612 -0.0424481
         vertex 0.0127048 0.0793612 -0.0425931
         vertex 0.0127048 0.0809612 -0.0425931
      endloop
   endfacet
   facet normal 0.827689 5.06813e-17 -0.561187
      outer loop
         vertex 0.0128542 0.0793612 -0.0423113
         vertex 0.0127718 0.0793612 -0.0424481
         vertex 0.0127718 0.0809612 -0.0424481
      endloop
   endfacet
   facet normal 0.762162 4.6669e-17 -0.647386
      outer loop
         vertex 0.0129508 0.0793612 -0.0421841
         vertex 0.0128542 0.0793612 -0.0423113
         vertex 0.0128542 0.0809612 -0.0423113
      endloop
   endfacet
   facet normal 0.687699 4.21094e-17 -0.725995
      outer loop
         vertex 0.0130606 0.0793612 -0.0420682
         vertex 0.0129508 0.0793612 -0.0421841
         vertex 0.0129508 0.0809612 -0.0421841
      endloop
   endfacet
   facet normal 0.605174 3.70562e-17 -0.796093
      outer loop
         vertex 0.0131824 0.0793612 -0.0419648
         vertex 0.0130606 0.0793612 -0.0420682
         vertex 0.0130606 0.0809612 -0.0420682
      endloop
   endfacet
   facet normal 0.515554 3.15686e-17 -0.856857
      outer loop
         vertex 0.0133146 0.0793612 -0.0418752
         vertex 0.0131824 0.0793612 -0.0419648
         vertex 0.0131824 0.0809612 -0.0419648
      endloop
   endfacet
   facet normal 0.419889 2.57108e-17 -0.907575
      outer loop
         vertex 0.0134557 0.0793612 -0.0418003
         vertex 0.0133146 0.0793612 -0.0418752
         vertex 0.0133146 0.0809612 -0.0418752
      endloop
   endfacet
   facet normal 0.319302 1.95516e-17 -0.947653
      outer loop
         vertex 0.013604 0.0793612 -0.0417412
         vertex 0.0134557 0.0793612 -0.0418003
         vertex 0.0134557 0.0809612 -0.0418003
      endloop
   endfacet
   facet normal 0.21497 1.31631e-17 -0.976621
      outer loop
         vertex 0.0137579 0.0793612 -0.0416985
         vertex 0.013604 0.0793612 -0.0417412
         vertex 0.013604 0.0809612 -0.0417412
      endloop
   endfacet
   facet normal 0.108119 6.62038e-18 -0.994138
      outer loop
         vertex 0.0139155 0.0793612 -0.0416727
         vertex 0.0137579 0.0793612 -0.0416985
         vertex 0.0137579 0.0809612 -0.0416985
      endloop
   endfacet
   facet normal 2.44929e-16 1.49976e-32 -1
      outer loop
         vertex 0.014075 0.0793612 -0.041664
         vertex 0.0139155 0.0793612 -0.0416727
         vertex 0.0139155 0.0809612 -0.0416727
      endloop
   endfacet
   facet normal 6.12323e-17 -1 0
      outer loop
         vertex -0.0189 0.0793612 -0.044754
         vertex -0.0189 0.0793612 -0.048264
         vertex -0.017075 0.0793612 -0.048264
      endloop
   endfacet
   facet normal 6.12323e-17 -1 0
      outer loop
         vertex -0.017075 0.0793612 -0.044754
         vertex -0.017075 0.0793612 -0.048264
         vertex -0.0088 0.0793612 -0.048264
      endloop
   endfacet
   facet normal 6.12323e-17 -1 0
      outer loop
         vertex -0.0088 0.0793612 -0.044754
         vertex -0.0088 0.0793612 -0.048264
         vertex -0.00095 0.0793612 -0.048264
      endloop
   endfacet
   facet normal 6.12323e-17 -1 0
      outer loop
         vertex 0.01175 0.0793612 -0.044754
         vertex 0.01175 0.0793612 -0.048264
         vertex 0.0192 0.0793612 -0.048264
      endloop
   endfacet
   facet normal 6.12323e-17 -1 0
      outer loop
         vertex -0.0189 0.0793612 -0.032304
         vertex -0.0189 0.0793612 -0.044754
         vertex -0.017075 0.0793612 -0.044754
      endloop
   endfacet
   facet normal 6.12323e-17 -1 0
      outer loop
         vertex -0.017075 0.0793612 -0.032304
         vertex -0.017075 0.0793612 -0.044754
         vertex -0.0151962 0.0793612 -0.0427444
      endloop
   endfacet
   facet normal 6.12323e-17 -1 0
      outer loop
         vertex -0.017075 0.0793612 -0.044754
         vertex -0.0151962 0.0793612 -0.0435336
         vertex -0.0152306 0.0793612 -0.0433776
      endloop
   endfacet
   facet normal 6.12323e-17 -1 0
      outer loop
         vertex -0.017075 0.0793612 -0.044754
         vertex -0.0148992 0.0793612 -0.0440939
         vertex -0.0149958 0.0793612 -0.0439668
      endloop
   endfacet
   facet normal 6.12323e-17 -1 0
      outer loop
         vertex -0.017075 0.0793612 -0.032304
         vertex -0.0148992 0.0793612 -0.0421841
         vertex -0.0147894 0.0793612 -0.0420682
      endloop
   endfacet
   facet normal 6.12323e-17 -1 0
      outer loop
         vertex -0.0151962 0.0793612 -0.0427444
         vertex -0.0151452 0.0793612 -0.0425931
         vertex -0.017075 0.0793612 -0.032304
      endloop
   endfacet
   facet normal 6.12323e-17 -1 0
      outer loop
         vertex -0.017075 0.0793612 -0.044754
         vertex -0.0152478 0.0793612 -0.0430592
         vertex -0.0152306 0.0793612 -0.0429004
      endloop
   endfacet
   facet normal 6.12323e-17 -1 0
      outer loop
         vertex -0.017075 0.0793612 -0.044754
         vertex -0.0151452 0.0793612 -0.043685
         vertex -0.0151962 0.0793612 -0.0435336
      endloop
   endfacet
   facet normal 6.12323e-17 -1 0
      outer loop
         vertex -0.0149958 0.0793612 -0.0439668
         vertex -0.0150782 0.0793612 -0.0438299
         vertex -0.017075 0.0793612 -0.044754
      endloop
   endfacet
   facet normal 6.12323e-17 -1 0
      outer loop
         vertex -0.017075 0.0793612 -0.044754
         vertex -0.0146676 0.0793612 -0.0443133
         vertex -0.0147894 0.0793612 -0.0442099
      endloop
   endfacet
   facet normal 6.12323e-17 -1 0
      outer loop
         vertex -0.017075 0.0793612 -0.044754
         vertex -0.014246 0.0793612 -0.0445368
         vertex -0.0143943 0.0793612 -0.0444777
      endloop
   endfacet
   facet normal 6.12323e-17 -1 0
      outer loop
         vertex -0.017075 0.0793612 -0.032304
         vertex -0.013775 0.0793612 -0.041664
         vertex -0.0136155 0.0793612 -0.0416727
      endloop
   endfacet
   facet normal 6.12323e-17 -1 0
      outer loop
         vertex -0.017075 0.0793612 -0.032304
         vertex -0.0145354 0.0793612 -0.0418752
         vertex -0.0143943 0.0793612 -0.0418003
      endloop
   endfacet
   facet normal 6.12323e-17 -1 0
      outer loop
         vertex -0.0147894 0.0793612 -0.0420682
         vertex -0.0146676 0.0793612 -0.0419648
         vertex -0.017075 0.0793612 -0.032304
      endloop
   endfacet
   facet normal 6.12323e-17 -1 0
      outer loop
         vertex -0.0152306 0.0793612 -0.0429004
         vertex -0.0151962 0.0793612 -0.0427444
         vertex -0.017075 0.0793612 -0.044754
      endloop
   endfacet
   facet normal 6.12323e-17 -1 0
      outer loop
         vertex -0.0152306 0.0793612 -0.0433776
         vertex -0.0152478 0.0793612 -0.0432189
         vertex -0.017075 0.0793612 -0.044754
      endloop
   endfacet
   facet normal 6.12323e-17 -1 0
      outer loop
         vertex -0.0147894 0.0793612 -0.0442099
         vertex -0.0148992 0.0793612 -0.0440939
         vertex -0.017075 0.0793612 -0.044754
      endloop
   endfacet
   facet normal 6.12323e-17 -1 0
      outer loop
         vertex -0.0143943 0.0793612 -0.0444777
         vertex -0.0145354 0.0793612 -0.0444029
         vertex -0.017075 0.0793612 -0.044754
      endloop
   endfacet
   facet normal 6.12323e-17 -1 0
      outer loop
         vertex -0.0088 0.0793612 -0.044754
         vertex -0.0124718 0.0793612 -0.0438299
         vertex -0.0125542 0.0793612 -0.0439668
      endloop
   endfacet
   facet normal 6.12323e-17 -1 0
      outer loop
         vertex -0.017075 0.0793612 -0.032304
         vertex -0.0139345 0.0793612 -0.0416727
         vertex -0.013775 0.0793612 -0.041664
      endloop
   endfacet
   facet normal 6.12323e-17 -1 0
      outer loop
         vertex -0.017075 0.0793612 -0.032304
         vertex -0.014246 0.0793612 -0.0417412
         vertex -0.0140921 0.0793612 -0.0416985
      endloop
   endfacet
   facet normal 6.12323e-17 -1 0
      outer loop
         vertex -0.0146676 0.0793612 -0.0419648
         vertex -0.0145354 0.0793612 -0.0418752
         vertex -0.017075 0.0793612 -0.032304
      endloop
   endfacet
   facet normal 6.12323e-17 -1 0
      outer loop
         vertex -0.017075 0.0793612 -0.032304
         vertex -0.0150782 0.0793612 -0.0424481
         vertex -0.0149958 0.0793612 -0.0423113
      endloop
   endfacet
   facet normal 6.12323e-17 -1 0
      outer loop
         vertex -0.0152478 0.0793612 -0.0432189
         vertex -0.0152478 0.0793612 -0.0430592
         vertex -0.017075 0.0793612 -0.044754
      endloop
   endfacet
   facet normal 6.12323e-17 -1 0
      outer loop
         vertex -0.0145354 0.0793612 -0.0444029
         vertex -0.0146676 0.0793612 -0.0443133
         vertex -0.017075 0.0793612 -0.044754
      endloop
   endfacet
   facet normal 6.12323e-17 -1 0
      outer loop
         vertex -0.0088 0.0793612 -0.044754
         vertex -0.0136155 0.0793612 -0.0446054
         vertex -0.013775 0.0793612 -0.044614
      endloop
   endfacet
   facet normal 6.12323e-17 -1 0
      outer loop
         vertex -0.0088 0.0793612 -0.044754
         vertex -0.0130146 0.0793612 -0.0444029
         vertex -0.0131557 0.0793612 -0.0444777
      endloop
   endfacet
   facet normal 6.12323e-17 -1 0
      outer loop
         vertex -0.0088 0.0793612 -0.044754
         vertex -0.0126508 0.0793612 -0.0440939
         vertex -0.0127606 0.0793612 -0.0442099
      endloop
   endfacet
   facet normal 6.12323e-17 -1 0
      outer loop
         vertex -0.0088 0.0793612 -0.044754
         vertex -0.0124048 0.0793612 -0.043685
         vertex -0.0124718 0.0793612 -0.0438299
      endloop
   endfacet
   facet normal 6.12323e-17 -1 0
      outer loop
         vertex -0.0088 0.0793612 -0.044754
         vertex -0.0088 0.0793612 -0.032304
         vertex -0.0124048 0.0793612 -0.0425931
      endloop
   endfacet
   facet normal 6.12323e-17 -1 0
      outer loop
         vertex -0.0088 0.0793612 -0.032304
         vertex -0.0126508 0.0793612 -0.0421841
         vertex -0.0125542 0.0793612 -0.0423113
      endloop
   endfacet
   facet normal 6.12323e-17 -1 0
      outer loop
         vertex -0.0088 0.0793612 -0.032304
         vertex -0.0128824 0.0793612 -0.0419648
         vertex -0.0127606 0.0793612 -0.0420682
      endloop
   endfacet
   facet normal 6.12323e-17 -1 0
      outer loop
         vertex -0.0088 0.0793612 -0.032304
         vertex -0.0136155 0.0793612 -0.0416727
         vertex -0.0134579 0.0793612 -0.0416985
      endloop
   endfacet
   facet normal 6.12323e-17 -1 0
      outer loop
         vertex -0.0140921 0.0793612 -0.0416985
         vertex -0.0139345 0.0793612 -0.0416727
         vertex -0.017075 0.0793612 -0.032304
      endloop
   endfacet
   facet normal 6.12323e-17 -1 0
      outer loop
         vertex -0.0149958 0.0793612 -0.0423113
         vertex -0.0148992 0.0793612 -0.0421841
         vertex -0.017075 0.0793612 -0.032304
      endloop
   endfacet
   facet normal 6.12323e-17 -1 0
      outer loop
         vertex -0.0150782 0.0793612 -0.0438299
         vertex -0.0151452 0.0793612 -0.043685
         vertex -0.017075 0.0793612 -0.044754
      endloop
   endfacet
   facet normal 6.12323e-17 -1 0
      outer loop
         vertex -0.013775 0.0793612 -0.044614
         vertex -0.017075 0.0793612 -0.044754
         vertex -0.0088 0.0793612 -0.044754
      endloop
   endfacet
   facet normal 6.12323e-17 -1 0
      outer loop
         vertex -0.0088 0.0793612 -0.044754
         vertex -0.013304 0.0793612 -0.0445368
         vertex -0.0134579 0.0793612 -0.0445795
      endloop
   endfacet
   facet normal 6.12323e-17 -1 0
      outer loop
         vertex -0.0088 0.0793612 -0.044754
         vertex -0.0128824 0.0793612 -0.0443133
         vertex -0.0130146 0.0793612 -0.0444029
      endloop
   endfacet
   facet normal 6.12323e-17 -1 0
      outer loop
         vertex -0.0125542 0.0793612 -0.0439668
         vertex -0.0126508 0.0793612 -0.0440939
         vertex -0.0088 0.0793612 -0.044754
      endloop
   endfacet
   facet normal 6.12323e-17 -1 0
      outer loop
         vertex -0.0088 0.0793612 -0.044754
         vertex -0.0123022 0.0793612 -0.0432189
         vertex -0.0123194 0.0793612 -0.0433776
      endloop
   endfacet
   facet normal 6.12323e-17 -1 0
      outer loop
         vertex -0.0088 0.0793612 -0.044754
         vertex -0.0123538 0.0793612 -0.0427444
         vertex -0.0123194 0.0793612 -0.0429004
      endloop
   endfacet
   facet normal 6.12323e-17 -1 0
      outer loop
         vertex -0.0088 0.0793612 -0.032304
         vertex -0.0124718 0.0793612 -0.0424481
         vertex -0.0124048 0.0793612 -0.0425931
      endloop
   endfacet
   facet normal 6.12323e-17 -1 0
      outer loop
         vertex -0.0127606 0.0793612 -0.0420682
         vertex -0.0126508 0.0793612 -0.0421841
         vertex -0.0088 0.0793612 -0.032304
      endloop
   endfacet
   facet normal 6.12323e-17 -1 0
      outer loop
         vertex -0.0136155 0.0793612 -0.0416727
         vertex -0.0088 0.0793612 -0.032304
         vertex -0.017075 0.0793612 -0.032304
      endloop
   endfacet
   facet normal 6.12323e-17 -1 0
      outer loop
         vertex -0.0151452 0.0793612 -0.0425931
         vertex -0.0150782 0.0793612 -0.0424481
         vertex -0.017075 0.0793612 -0.032304
      endloop
   endfacet
   facet normal 6.12323e-17 -1 0
      outer loop
         vertex -0.017075 0.0793612 -0.044754
         vertex -0.0139345 0.0793612 -0.0446054
         vertex -0.0140921 0.0793612 -0.0445795
      endloop
   endfacet
   facet normal 6.12323e-17 -1 0
      outer loop
         vertex -0.0134579 0.0793612 -0.0445795
         vertex -0.0136155 0.0793612 -0.0446054
         vertex -0.0088 0.0793612 -0.044754
      endloop
   endfacet
   facet normal 6.12323e-17 -1 0
      outer loop
         vertex -0.0127606 0.0793612 -0.0442099
         vertex -0.0128824 0.0793612 -0.0443133
         vertex -0.0088 0.0793612 -0.044754
      endloop
   endfacet
   facet normal 6.12323e-17 -1 0
      outer loop
         vertex -0.0123194 0.0793612 -0.0433776
         vertex -0.0123538 0.0793612 -0.0435336
         vertex -0.0088 0.0793612 -0.044754
      endloop
   endfacet
   facet normal 6.12323e-17 -1 0
      outer loop
         vertex -0.0124048 0.0793612 -0.0425931
         vertex -0.0123538 0.0793612 -0.0427444
         vertex -0.0088 0.0793612 -0.044754
      endloop
   endfacet
   facet normal 6.12323e-17 -1 0
      outer loop
         vertex -0.0088 0.0793612 -0.032304
         vertex -0.0130146 0.0793612 -0.0418752
         vertex -0.0128824 0.0793612 -0.0419648
      endloop
   endfacet
   facet normal 6.12323e-17 -1 0
      outer loop
         vertex -0.0143943 0.0793612 -0.0418003
         vertex -0.014246 0.0793612 -0.0417412
         vertex -0.017075 0.0793612 -0.032304
      endloop
   endfacet
   facet normal 6.12323e-17 -1 0
      outer loop
         vertex -0.013775 0.0793612 -0.044614
         vertex -0.0139345 0.0793612 -0.0446054
         vertex -0.017075 0.0793612 -0.044754
      endloop
   endfacet
   facet normal 6.12323e-17 -1 0
      outer loop
         vertex -0.0123538 0.0793612 -0.0435336
         vertex -0.0124048 0.0793612 -0.043685
         vertex -0.0088 0.0793612 -0.044754
      endloop
   endfacet
   facet normal 6.12323e-17 -1 0
      outer loop
         vertex -0.0125542 0.0793612 -0.0423113
         vertex -0.0124718 0.0793612 -0.0424481
         vertex -0.0088 0.0793612 -0.032304
      endloop
   endfacet
   facet normal 6.12323e-17 -1 0
      outer loop
         vertex -0.0088 0.0793612 -0.032304
         vertex -0.013304 0.0793612 -0.0417412
         vertex -0.0131557 0.0793612 -0.0418003
      endloop
   endfacet
   facet normal 6.12323e-17 -1 0
      outer loop
         vertex -0.0140921 0.0793612 -0.0445795
         vertex -0.014246 0.0793612 -0.0445368
         vertex -0.017075 0.0793612 -0.044754
      endloop
   endfacet
   facet normal 6.12323e-17 -1 0
      outer loop
         vertex -0.0088 0.0793612 -0.044754
         vertex -0.0123022 0.0793612 -0.0430592
         vertex -0.0123022 0.0793612 -0.0432189
      endloop
   endfacet
   facet normal 6.12323e-17 -1 0
      outer loop
         vertex -0.0131557 0.0793612 -0.0418003
         vertex -0.0130146 0.0793612 -0.0418752
         vertex -0.0088 0.0793612 -0.032304
      endloop
   endfacet
   facet normal 6.12323e-17 -1 0
      outer loop
         vertex -0.0131557 0.0793612 -0.0444777
         vertex -0.013304 0.0793612 -0.0445368
         vertex -0.0088 0.0793612 -0.044754
      endloop
   endfacet
   facet normal 6.12323e-17 -1 0
      outer loop
         vertex -0.0134579 0.0793612 -0.0416985
         vertex -0.013304 0.0793612 -0.0417412
         vertex -0.0088 0.0793612 -0.032304
      endloop
   endfacet
   facet normal 6.12323e-17 -1 0
      outer loop
         vertex -0.0088 0.0793612 -0.032304
         vertex -0.0088 0.0793612 -0.044754
         vertex -0.00095 0.0793612 -0.044754
      endloop
   endfacet
   facet normal 6.12323e-17 -1 0
      outer loop
         vertex 0.01175 0.0793612 -0.032304
         vertex 0.01175 0.0793612 -0.044754
         vertex 0.0126194 0.0793612 -0.0429004
      endloop
   endfacet
   facet normal 6.12323e-17 -1 0
      outer loop
         vertex 0.01175 0.0793612 -0.044754
         vertex 0.0126538 0.0793612 -0.0435336
         vertex 0.0126194 0.0793612 -0.0433776
      endloop
   endfacet
   facet normal 6.12323e-17 -1 0
      outer loop
         vertex 0.01175 0.0793612 -0.044754
         vertex 0.0129508 0.0793612 -0.0440939
         vertex 0.0128542 0.0793612 -0.0439668
      endloop
   endfacet
   facet normal 6.12323e-17 -1 0
      outer loop
         vertex 0.0192 0.0793612 -0.032304
         vertex 0.0151992 0.0793612 -0.0421841
         vertex 0.0152958 0.0793612 -0.0423113
      endloop
   endfacet
   facet normal 6.12323e-17 -1 0
      outer loop
         vertex 0.01175 0.0793612 -0.032304
         vertex 0.0126538 0.0793612 -0.0427444
         vertex 0.0127048 0.0793612 -0.0425931
      endloop
   endfacet
   facet normal 6.12323e-17 -1 0
      outer loop
         vertex 0.01175 0.0793612 -0.044754
         vertex 0.0126022 0.0793612 -0.0430592
         vertex 0.0126194 0.0793612 -0.0429004
      endloop
   endfacet
   facet normal 6.12323e-17 -1 0
      outer loop
         vertex 0.01175 0.0793612 -0.044754
         vertex 0.0127048 0.0793612 -0.043685
         vertex 0.0126538 0.0793612 -0.0435336
      endloop
   endfacet
   facet normal 6.12323e-17 -1 0
      outer loop
         vertex 0.0128542 0.0793612 -0.0439668
         vertex 0.0127718 0.0793612 -0.0438299
         vertex 0.01175 0.0793612 -0.044754
      endloop
   endfacet
   facet normal 6.12323e-17 -1 0
      outer loop
         vertex 0.01175 0.0793612 -0.044754
         vertex 0.0131824 0.0793612 -0.0443133
         vertex 0.0130606 0.0793612 -0.0442099
      endloop
   endfacet
   facet normal 6.12323e-17 -1 0
      outer loop
         vertex 0.01175 0.0793612 -0.044754
         vertex 0.013604 0.0793612 -0.0445368
         vertex 0.0134557 0.0793612 -0.0444777
      endloop
   endfacet
   facet normal 6.12323e-17 -1 0
      outer loop
         vertex 0.0192 0.0793612 -0.044754
         vertex 0.0153782 0.0793612 -0.0438299
         vertex 0.0152958 0.0793612 -0.0439668
      endloop
   endfacet
   facet normal 6.12323e-17 -1 0
      outer loop
         vertex 0.0152958 0.0793612 -0.0423113
         vertex 0.0153782 0.0793612 -0.0424481
         vertex 0.0192 0.0793612 -0.032304
      endloop
   endfacet
   facet normal 6.12323e-17 -1 0
      outer loop
         vertex 0.0192 0.0793612 -0.032304
         vertex 0.0149676 0.0793612 -0.0419648
         vertex 0.0150894 0.0793612 -0.0420682
      endloop
   endfacet
   facet normal 6.12323e-17 -1 0
      outer loop
         vertex 0.0126194 0.0793612 -0.0429004
         vertex 0.0126538 0.0793612 -0.0427444
         vertex 0.01175 0.0793612 -0.032304
      endloop
   endfacet
   facet normal 6.12323e-17 -1 0
      outer loop
         vertex 0.0126194 0.0793612 -0.0433776
         vertex 0.0126022 0.0793612 -0.0432189
         vertex 0.01175 0.0793612 -0.044754
      endloop
   endfacet
   facet normal 6.12323e-17 -1 0
      outer loop
         vertex 0.0130606 0.0793612 -0.0442099
         vertex 0.0129508 0.0793612 -0.0440939
         vertex 0.01175 0.0793612 -0.044754
      endloop
   endfacet
   facet normal 6.12323e-17 -1 0
      outer loop
         vertex 0.0134557 0.0793612 -0.0444777
         vertex 0.0133146 0.0793612 -0.0444029
         vertex 0.01175 0.0793612 -0.044754
      endloop
   endfacet
   facet normal 6.12323e-17 -1 0
      outer loop
         vertex 0.0192 0.0793612 -0.044754
         vertex 0.0142345 0.0793612 -0.0446054
         vertex 0.014075 0.0793612 -0.044614
      endloop
   endfacet
   facet normal 6.12323e-17 -1 0
      outer loop
         vertex 0.0192 0.0793612 -0.044754
         vertex 0.0148354 0.0793612 -0.0444029
         vertex 0.0146943 0.0793612 -0.0444777
      endloop
   endfacet
   facet normal 6.12323e-17 -1 0
      outer loop
         vertex 0.0192 0.0793612 -0.044754
         vertex 0.0151992 0.0793612 -0.0440939
         vertex 0.0150894 0.0793612 -0.0442099
      endloop
   endfacet
   facet normal 6.12323e-17 -1 0
      outer loop
         vertex 0.0192 0.0793612 -0.044754
         vertex 0.0154452 0.0793612 -0.043685
         vertex 0.0153782 0.0793612 -0.0438299
      endloop
   endfacet
   facet normal 6.12323e-17 -1 0
      outer loop
         vertex 0.0192 0.0793612 -0.044754
         vertex 0.0154962 0.0793612 -0.0427444
         vertex 0.0155306 0.0793612 -0.0429004
      endloop
   endfacet
   facet normal 6.12323e-17 -1 0
      outer loop
         vertex 0.0192 0.0793612 -0.044754
         vertex 0.0192 0.0793612 -0.032304
         vertex 0.0154452 0.0793612 -0.0425931
      endloop
   endfacet
   facet normal 6.12323e-17 -1 0
      outer loop
         vertex 0.0150894 0.0793612 -0.0420682
         vertex 0.0151992 0.0793612 -0.0421841
         vertex 0.0192 0.0793612 -0.032304
      endloop
   endfacet
   facet normal 6.12323e-17 -1 0
      outer loop
         vertex 0.0192 0.0793612 -0.032304
         vertex 0.01175 0.0793612 -0.032304
         vertex 0.0142345 0.0793612 -0.0416727
      endloop
   endfacet
   facet normal 6.12323e-17 -1 0
      outer loop
         vertex 0.01175 0.0793612 -0.032304
         vertex 0.0139155 0.0793612 -0.0416727
         vertex 0.014075 0.0793612 -0.041664
      endloop
   endfacet
   facet normal 6.12323e-17 -1 0
      outer loop
         vertex 0.01175 0.0793612 -0.032304
         vertex 0.013604 0.0793612 -0.0417412
         vertex 0.0137579 0.0793612 -0.0416985
      endloop
   endfacet
   facet normal 6.12323e-17 -1 0
      outer loop
         vertex 0.01175 0.0793612 -0.032304
         vertex 0.0133146 0.0793612 -0.0418752
         vertex 0.0134557 0.0793612 -0.0418003
      endloop
   endfacet
   facet normal 6.12323e-17 -1 0
      outer loop
         vertex 0.0126022 0.0793612 -0.0432189
         vertex 0.0126022 0.0793612 -0.0430592
         vertex 0.01175 0.0793612 -0.044754
      endloop
   endfacet
   facet normal 6.12323e-17 -1 0
      outer loop
         vertex 0.0133146 0.0793612 -0.0444029
         vertex 0.0131824 0.0793612 -0.0443133
         vertex 0.01175 0.0793612 -0.044754
      endloop
   endfacet
   facet normal 6.12323e-17 -1 0
      outer loop
         vertex 0.014075 0.0793612 -0.044614
         vertex 0.01175 0.0793612 -0.044754
         vertex 0.0192 0.0793612 -0.044754
      endloop
   endfacet
   facet normal 6.12323e-17 -1 0
      outer loop
         vertex 0.0192 0.0793612 -0.044754
         vertex 0.014546 0.0793612 -0.0445368
         vertex 0.0143921 0.0793612 -0.0445795
      endloop
   endfacet
   facet normal 6.12323e-17 -1 0
      outer loop
         vertex 0.0192 0.0793612 -0.044754
         vertex 0.0149676 0.0793612 -0.0443133
         vertex 0.0148354 0.0793612 -0.0444029
      endloop
   endfacet
   facet normal 6.12323e-17 -1 0
      outer loop
         vertex 0.0152958 0.0793612 -0.0439668
         vertex 0.0151992 0.0793612 -0.0440939
         vertex 0.0192 0.0793612 -0.044754
      endloop
   endfacet
   facet normal 6.12323e-17 -1 0
      outer loop
         vertex 0.0192 0.0793612 -0.044754
         vertex 0.0155478 0.0793612 -0.0432189
         vertex 0.0155306 0.0793612 -0.0433776
      endloop
   endfacet
   facet normal 6.12323e-17 -1 0
      outer loop
         vertex 0.0154452 0.0793612 -0.0425931
         vertex 0.0154962 0.0793612 -0.0427444
         vertex 0.0192 0.0793612 -0.044754
      endloop
   endfacet
   facet normal 6.12323e-17 -1 0
      outer loop
         vertex 0.0192 0.0793612 -0.032304
         vertex 0.0148354 0.0793612 -0.0418752
         vertex 0.0149676 0.0793612 -0.0419648
      endloop
   endfacet
   facet normal 6.12323e-17 -1 0
      outer loop
         vertex 0.0142345 0.0793612 -0.0416727
         vertex 0.0143921 0.0793612 -0.0416985
         vertex 0.0192 0.0793612 -0.032304
      endloop
   endfacet
   facet normal 6.12323e-17 -1 0
      outer loop
         vertex 0.0137579 0.0793612 -0.0416985
         vertex 0.0139155 0.0793612 -0.0416727
         vertex 0.01175 0.0793612 -0.032304
      endloop
   endfacet
   facet normal 6.12323e-17 -1 0
      outer loop
         vertex 0.01175 0.0793612 -0.032304
         vertex 0.0131824 0.0793612 -0.0419648
         vertex 0.0133146 0.0793612 -0.0418752
      endloop
   endfacet
   facet normal 6.12323e-17 -1 0
      outer loop
         vertex 0.01175 0.0793612 -0.032304
         vertex 0.0129508 0.0793612 -0.0421841
         vertex 0.0130606 0.0793612 -0.0420682
      endloop
   endfacet
   facet normal 6.12323e-17 -1 0
      outer loop
         vertex 0.01175 0.0793612 -0.032304
         vertex 0.0127718 0.0793612 -0.0424481
         vertex 0.0128542 0.0793612 -0.0423113
      endloop
   endfacet
   facet normal 6.12323e-17 -1 0
      outer loop
         vertex 0.0127718 0.0793612 -0.0438299
         vertex 0.0127048 0.0793612 -0.043685
         vertex 0.01175 0.0793612 -0.044754
      endloop
   endfacet
   facet normal 6.12323e-17 -1 0
      outer loop
         vertex 0.01175 0.0793612 -0.044754
         vertex 0.0139155 0.0793612 -0.0446054
         vertex 0.0137579 0.0793612 -0.0445795
      endloop
   endfacet
   facet normal 6.12323e-17 -1 0
      outer loop
         vertex 0.0143921 0.0793612 -0.0445795
         vertex 0.0142345 0.0793612 -0.0446054
         vertex 0.0192 0.0793612 -0.044754
      endloop
   endfacet
   facet normal 6.12323e-17 -1 0
      outer loop
         vertex 0.0150894 0.0793612 -0.0442099
         vertex 0.0149676 0.0793612 -0.0443133
         vertex 0.0192 0.0793612 -0.044754
      endloop
   endfacet
   facet normal 6.12323e-17 -1 0
      outer loop
         vertex 0.0155306 0.0793612 -0.0433776
         vertex 0.0154962 0.0793612 -0.0435336
         vertex 0.0192 0.0793612 -0.044754
      endloop
   endfacet
   facet normal 6.12323e-17 -1 0
      outer loop
         vertex 0.0153782 0.0793612 -0.0424481
         vertex 0.0154452 0.0793612 -0.0425931
         vertex 0.0192 0.0793612 -0.032304
      endloop
   endfacet
   facet normal 6.12323e-17 -1 0
      outer loop
         vertex 0.0192 0.0793612 -0.032304
         vertex 0.014546 0.0793612 -0.0417412
         vertex 0.0146943 0.0793612 -0.0418003
      endloop
   endfacet
   facet normal 6.12323e-17 -1 0
      outer loop
         vertex 0.014075 0.0793612 -0.041664
         vertex 0.0142345 0.0793612 -0.0416727
         vertex 0.01175 0.0793612 -0.032304
      endloop
   endfacet
   facet normal 6.12323e-17 -1 0
      outer loop
         vertex 0.0130606 0.0793612 -0.0420682
         vertex 0.0131824 0.0793612 -0.0419648
         vertex 0.01175 0.0793612 -0.032304
      endloop
   endfacet
   facet normal 6.12323e-17 -1 0
      outer loop
         vertex 0.0127048 0.0793612 -0.0425931
         vertex 0.0127718 0.0793612 -0.0424481
         vertex 0.01175 0.0793612 -0.032304
      endloop
   endfacet
   facet normal 6.12323e-17 -1 0
      outer loop
         vertex 0.014075 0.0793612 -0.044614
         vertex 0.0139155 0.0793612 -0.0446054
         vertex 0.01175 0.0793612 -0.044754
      endloop
   endfacet
   facet normal 6.12323e-17 -1 0
      outer loop
         vertex 0.0154962 0.0793612 -0.0435336
         vertex 0.0154452 0.0793612 -0.043685
         vertex 0.0192 0.0793612 -0.044754
      endloop
   endfacet
   facet normal 6.12323e-17 -1 0
      outer loop
         vertex 0.0146943 0.0793612 -0.0418003
         vertex 0.0148354 0.0793612 -0.0418752
         vertex 0.0192 0.0793612 -0.032304
      endloop
   endfacet
   facet normal 6.12323e-17 -1 0
      outer loop
         vertex 0.0134557 0.0793612 -0.0418003
         vertex 0.013604 0.0793612 -0.0417412
         vertex 0.01175 0.0793612 -0.032304
      endloop
   endfacet
   facet normal 6.12323e-17 -1 0
      outer loop
         vertex 0.0137579 0.0793612 -0.0445795
         vertex 0.013604 0.0793612 -0.0445368
         vertex 0.01175 0.0793612 -0.044754
      endloop
   endfacet
   facet normal 6.12323e-17 -1 0
      outer loop
         vertex 0.0192 0.0793612 -0.044754
         vertex 0.0155478 0.0793612 -0.0430592
         vertex 0.0155478 0.0793612 -0.0432189
      endloop
   endfacet
   facet normal 6.12323e-17 -1 0
      outer loop
         vertex 0.0143921 0.0793612 -0.0416985
         vertex 0.014546 0.0793612 -0.0417412
         vertex 0.0192 0.0793612 -0.032304
      endloop
   endfacet
   facet normal 6.12323e-17 -1 0
      outer loop
         vertex 0.0146943 0.0793612 -0.0444777
         vertex 0.014546 0.0793612 -0.0445368
         vertex 0.0192 0.0793612 -0.044754
      endloop
   endfacet
   facet normal 6.12323e-17 -1 0
      outer loop
         vertex 0.0128542 0.0793612 -0.0423113
         vertex 0.0129508 0.0793612 -0.0421841
         vertex 0.01175 0.0793612 -0.032304
      endloop
   endfacet
   facet normal 6.12323e-17 -1 0
      outer loop
         vertex -0.0189 0.0793612 -0.020139
         vertex -0.0189 0.0793612 -0.032304
         vertex -0.017075 0.0793612 -0.032304
      endloop
   endfacet
   facet normal 6.12323e-17 -1 0
      outer loop
         vertex -0.017075 0.0793612 -0.020139
         vertex -0.017075 0.0793612 -0.032304
         vertex -0.0088 0.0793612 -0.032304
      endloop
   endfacet
   facet normal 6.12323e-17 -1 0
      outer loop
         vertex 0.0099 0.0793612 -0.020139
         vertex 0.0099 0.0793612 -0.032304
         vertex 0.01175 0.0793612 -0.032304
      endloop
   endfacet
   facet normal 6.12323e-17 -1 0
      outer loop
         vertex 0.01175 0.0793612 -0.020139
         vertex 0.01175 0.0793612 -0.032304
         vertex 0.0192 0.0793612 -0.032304
      endloop
   endfacet
   facet normal 6.12323e-17 -1 0
      outer loop
         vertex -0.0189 0.0793612 -0.013664
         vertex -0.0189 0.0793612 -0.020139
         vertex -0.017075 0.0793612 -0.020139
      endloop
   endfacet
   facet normal 6.12323e-17 -1 0
      outer loop
         vertex -0.017075 0.0793612 -0.013664
         vertex -0.0152478 0.0793612 -0.0153689
         vertex -0.0152478 0.0793612 -0.0152092
      endloop
   endfacet
   facet normal 6.12323e-17 -1 0
      outer loop
         vertex -0.017075 0.0793612 -0.020139
         vertex -0.0151962 0.0793612 -0.0156836
         vertex -0.0152306 0.0793612 -0.0155276
      endloop
   endfacet
   facet normal 6.12323e-17 -1 0
      outer loop
         vertex -0.017075 0.0793612 -0.013664
         vertex -0.0150782 0.0793612 -0.0145981
         vertex -0.0149958 0.0793612 -0.0144613
      endloop
   endfacet
   facet normal 6.12323e-17 -1 0
      outer loop
         vertex -0.017075 0.0793612 -0.013664
         vertex -0.0152306 0.0793612 -0.0155276
         vertex -0.0152478 0.0793612 -0.0153689
      endloop
   endfacet
   facet normal 6.12323e-17 -1 0
      outer loop
         vertex -0.017075 0.0793612 -0.020139
         vertex -0.0151452 0.0793612 -0.015835
         vertex -0.0151962 0.0793612 -0.0156836
      endloop
   endfacet
   facet normal 6.12323e-17 -1 0
      outer loop
         vertex -0.017075 0.0793612 -0.020139
         vertex -0.014246 0.0793612 -0.0166868
         vertex -0.0143943 0.0793612 -0.0166277
      endloop
   endfacet
   facet normal 6.12323e-17 -1 0
      outer loop
         vertex -0.017075 0.0793612 -0.020139
         vertex -0.0088 0.0793612 -0.020139
         vertex -0.0136155 0.0793612 -0.0167554
      endloop
   endfacet
   facet normal 6.12323e-17 -1 0
      outer loop
         vertex -0.0088 0.0793612 -0.020139
         vertex -0.013304 0.0793612 -0.0166868
         vertex -0.0134579 0.0793612 -0.0167295
      endloop
   endfacet
   facet normal 6.12323e-17 -1 0
      outer loop
         vertex -0.0088 0.0793612 -0.020139
         vertex -0.0130146 0.0793612 -0.0165529
         vertex -0.0131557 0.0793612 -0.0166277
      endloop
   endfacet
   facet normal 6.12323e-17 -1 0
      outer loop
         vertex -0.017075 0.0793612 -0.013664
         vertex -0.0145354 0.0793612 -0.0140252
         vertex -0.0143943 0.0793612 -0.0139503
      endloop
   endfacet
   facet normal 6.12323e-17 -1 0
      outer loop
         vertex -0.017075 0.0793612 -0.013664
         vertex -0.0148992 0.0793612 -0.0143341
         vertex -0.0147894 0.0793612 -0.0142182
      endloop
   endfacet
   facet normal 6.12323e-17 -1 0
      outer loop
         vertex -0.017075 0.0793612 -0.013664
         vertex -0.0151452 0.0793612 -0.0147431
         vertex -0.0150782 0.0793612 -0.0145981
      endloop
   endfacet
   facet normal 6.12323e-17 -1 0
      outer loop
         vertex -0.017075 0.0793612 -0.013664
         vertex -0.0152306 0.0793612 -0.0150504
         vertex -0.0151962 0.0793612 -0.0148944
      endloop
   endfacet
   facet normal 6.12323e-17 -1 0
      outer loop
         vertex -0.0152306 0.0793612 -0.0155276
         vertex -0.017075 0.0793612 -0.013664
         vertex -0.017075 0.0793612 -0.020139
      endloop
   endfacet
   facet normal 6.12323e-17 -1 0
      outer loop
         vertex -0.017075 0.0793612 -0.020139
         vertex -0.0140921 0.0793612 -0.0167295
         vertex -0.014246 0.0793612 -0.0166868
      endloop
   endfacet
   facet normal 6.12323e-17 -1 0
      outer loop
         vertex -0.0136155 0.0793612 -0.0167554
         vertex -0.013775 0.0793612 -0.016764
         vertex -0.017075 0.0793612 -0.020139
      endloop
   endfacet
   facet normal 6.12323e-17 -1 0
      outer loop
         vertex -0.0131557 0.0793612 -0.0166277
         vertex -0.013304 0.0793612 -0.0166868
         vertex -0.0088 0.0793612 -0.020139
      endloop
   endfacet
   facet normal 6.12323e-17 -1 0
      outer loop
         vertex -0.0143943 0.0793612 -0.0139503
         vertex -0.014246 0.0793612 -0.0138912
         vertex -0.017075 0.0793612 -0.013664
      endloop
   endfacet
   facet normal 6.12323e-17 -1 0
      outer loop
         vertex -0.0149958 0.0793612 -0.0144613
         vertex -0.0148992 0.0793612 -0.0143341
         vertex -0.017075 0.0793612 -0.013664
      endloop
   endfacet
   facet normal 6.12323e-17 -1 0
      outer loop
         vertex -0.0152478 0.0793612 -0.0152092
         vertex -0.0152306 0.0793612 -0.0150504
         vertex -0.017075 0.0793612 -0.013664
      endloop
   endfacet
   facet normal 6.12323e-17 -1 0
      outer loop
         vertex -0.017075 0.0793612 -0.020139
         vertex -0.0139345 0.0793612 -0.0167554
         vertex -0.0140921 0.0793612 -0.0167295
      endloop
   endfacet
   facet normal 6.12323e-17 -1 0
      outer loop
         vertex -0.0134579 0.0793612 -0.0167295
         vertex -0.0136155 0.0793612 -0.0167554
         vertex -0.0088 0.0793612 -0.020139
      endloop
   endfacet
   facet normal 6.12323e-17 -1 0
      outer loop
         vertex -0.0088 0.0793612 -0.013664
         vertex -0.013304 0.0793612 -0.0138912
         vertex -0.0131557 0.0793612 -0.0139503
      endloop
   endfacet
   facet normal 6.12323e-17 -1 0
      outer loop
         vertex -0.017075 0.0793612 -0.013664
         vertex -0.0146676 0.0793612 -0.0141148
         vertex -0.0145354 0.0793612 -0.0140252
      endloop
   endfacet
   facet normal 6.12323e-17 -1 0
      outer loop
         vertex -0.0151962 0.0793612 -0.0148944
         vertex -0.0151452 0.0793612 -0.0147431
         vertex -0.017075 0.0793612 -0.013664
      endloop
   endfacet
   facet normal 6.12323e-17 -1 0
      outer loop
         vertex -0.017075 0.0793612 -0.020139
         vertex -0.0148992 0.0793612 -0.0162439
         vertex -0.0149958 0.0793612 -0.0161168
      endloop
   endfacet
   facet normal 6.12323e-17 -1 0
      outer loop
         vertex -0.0143943 0.0793612 -0.0166277
         vertex -0.0145354 0.0793612 -0.0165529
         vertex -0.017075 0.0793612 -0.020139
      endloop
   endfacet
   facet normal 6.12323e-17 -1 0
      outer loop
         vertex -0.0088 0.0793612 -0.020139
         vertex -0.0128824 0.0793612 -0.0164633
         vertex -0.0130146 0.0793612 -0.0165529
      endloop
   endfacet
   facet normal 6.12323e-17 -1 0
      outer loop
         vertex -0.0131557 0.0793612 -0.0139503
         vertex -0.0130146 0.0793612 -0.0140252
         vertex -0.0088 0.0793612 -0.013664
      endloop
   endfacet
   facet normal 6.12323e-17 -1 0
      outer loop
         vertex -0.0147894 0.0793612 -0.0142182
         vertex -0.0146676 0.0793612 -0.0141148
         vertex -0.017075 0.0793612 -0.013664
      endloop
   endfacet
   facet normal 6.12323e-17 -1 0
      outer loop
         vertex -0.0149958 0.0793612 -0.0161168
         vertex -0.0150782 0.0793612 -0.0159799
         vertex -0.017075 0.0793612 -0.020139
      endloop
   endfacet
   facet normal 6.12323e-17 -1 0
      outer loop
         vertex -0.017075 0.0793612 -0.020139
         vertex -0.0146676 0.0793612 -0.0164633
         vertex -0.0147894 0.0793612 -0.0163599
      endloop
   endfacet
   facet normal 6.12323e-17 -1 0
      outer loop
         vertex -0.013775 0.0793612 -0.016764
         vertex -0.0139345 0.0793612 -0.0167554
         vertex -0.017075 0.0793612 -0.020139
      endloop
   endfacet
   facet normal 6.12323e-17 -1 0
      outer loop
         vertex -0.0088 0.0793612 -0.020139
         vertex -0.0088 0.0793612 -0.013664
         vertex -0.0123194 0.0793612 -0.0155276
      endloop
   endfacet
   facet normal 6.12323e-17 -1 0
      outer loop
         vertex -0.0088 0.0793612 -0.013664
         vertex -0.0124048 0.0793612 -0.0147431
         vertex -0.0123538 0.0793612 -0.0148944
      endloop
   endfacet
   facet normal 6.12323e-17 -1 0
      outer loop
         vertex -0.0088 0.0793612 -0.013664
         vertex -0.0126508 0.0793612 -0.0143341
         vertex -0.0125542 0.0793612 -0.0144613
      endloop
   endfacet
   facet normal 6.12323e-17 -1 0
      outer loop
         vertex -0.0088 0.0793612 -0.013664
         vertex -0.0128824 0.0793612 -0.0141148
         vertex -0.0127606 0.0793612 -0.0142182
      endloop
   endfacet
   facet normal 6.12323e-17 -1 0
      outer loop
         vertex -0.0088 0.0793612 -0.013664
         vertex -0.0134579 0.0793612 -0.0138485
         vertex -0.013304 0.0793612 -0.0138912
      endloop
   endfacet
   facet normal 6.12323e-17 -1 0
      outer loop
         vertex -0.0088 0.0793612 -0.013664
         vertex -0.017075 0.0793612 -0.013664
         vertex -0.013775 0.0793612 -0.013814
      endloop
   endfacet
   facet normal 6.12323e-17 -1 0
      outer loop
         vertex -0.017075 0.0793612 -0.013664
         vertex -0.0140921 0.0793612 -0.0138485
         vertex -0.0139345 0.0793612 -0.0138227
      endloop
   endfacet
   facet normal 6.12323e-17 -1 0
      outer loop
         vertex -0.0150782 0.0793612 -0.0159799
         vertex -0.0151452 0.0793612 -0.015835
         vertex -0.017075 0.0793612 -0.020139
      endloop
   endfacet
   facet normal 6.12323e-17 -1 0
      outer loop
         vertex -0.0145354 0.0793612 -0.0165529
         vertex -0.0146676 0.0793612 -0.0164633
         vertex -0.017075 0.0793612 -0.020139
      endloop
   endfacet
   facet normal 6.12323e-17 -1 0
      outer loop
         vertex -0.0088 0.0793612 -0.020139
         vertex -0.0126508 0.0793612 -0.0162439
         vertex -0.0127606 0.0793612 -0.0163599
      endloop
   endfacet
   facet normal 6.12323e-17 -1 0
      outer loop
         vertex -0.0088 0.0793612 -0.020139
         vertex -0.0124718 0.0793612 -0.0159799
         vertex -0.0125542 0.0793612 -0.0161168
      endloop
   endfacet
   facet normal 6.12323e-17 -1 0
      outer loop
         vertex -0.0123194 0.0793612 -0.0155276
         vertex -0.0123538 0.0793612 -0.0156836
         vertex -0.0088 0.0793612 -0.020139
      endloop
   endfacet
   facet normal 6.12323e-17 -1 0
      outer loop
         vertex -0.0088 0.0793612 -0.013664
         vertex -0.0123022 0.0793612 -0.0152092
         vertex -0.0123022 0.0793612 -0.0153689
      endloop
   endfacet
   facet normal 6.12323e-17 -1 0
      outer loop
         vertex -0.0123538 0.0793612 -0.0148944
         vertex -0.0123194 0.0793612 -0.0150504
         vertex -0.0088 0.0793612 -0.013664
      endloop
   endfacet
   facet normal 6.12323e-17 -1 0
      outer loop
         vertex -0.0125542 0.0793612 -0.0144613
         vertex -0.0124718 0.0793612 -0.0145981
         vertex -0.0088 0.0793612 -0.013664
      endloop
   endfacet
   facet normal 6.12323e-17 -1 0
      outer loop
         vertex -0.0130146 0.0793612 -0.0140252
         vertex -0.0128824 0.0793612 -0.0141148
         vertex -0.0088 0.0793612 -0.013664
      endloop
   endfacet
   facet normal 6.12323e-17 -1 0
      outer loop
         vertex -0.013775 0.0793612 -0.013814
         vertex -0.0136155 0.0793612 -0.0138227
         vertex -0.0088 0.0793612 -0.013664
      endloop
   endfacet
   facet normal 6.12323e-17 -1 0
      outer loop
         vertex -0.014246 0.0793612 -0.0138912
         vertex -0.0140921 0.0793612 -0.0138485
         vertex -0.017075 0.0793612 -0.013664
      endloop
   endfacet
   facet normal 6.12323e-17 -1 0
      outer loop
         vertex -0.0127606 0.0793612 -0.0163599
         vertex -0.0128824 0.0793612 -0.0164633
         vertex -0.0088 0.0793612 -0.020139
      endloop
   endfacet
   facet normal 6.12323e-17 -1 0
      outer loop
         vertex -0.0088 0.0793612 -0.020139
         vertex -0.0124048 0.0793612 -0.015835
         vertex -0.0124718 0.0793612 -0.0159799
      endloop
   endfacet
   facet normal 6.12323e-17 -1 0
      outer loop
         vertex -0.0123022 0.0793612 -0.0153689
         vertex -0.0123194 0.0793612 -0.0155276
         vertex -0.0088 0.0793612 -0.013664
      endloop
   endfacet
   facet normal 6.12323e-17 -1 0
      outer loop
         vertex -0.0124718 0.0793612 -0.0145981
         vertex -0.0124048 0.0793612 -0.0147431
         vertex -0.0088 0.0793612 -0.013664
      endloop
   endfacet
   facet normal 6.12323e-17 -1 0
      outer loop
         vertex -0.0136155 0.0793612 -0.0138227
         vertex -0.0134579 0.0793612 -0.0138485
         vertex -0.0088 0.0793612 -0.013664
      endloop
   endfacet
   facet normal 6.12323e-17 -1 0
      outer loop
         vertex -0.0147894 0.0793612 -0.0163599
         vertex -0.0148992 0.0793612 -0.0162439
         vertex -0.017075 0.0793612 -0.020139
      endloop
   endfacet
   facet normal 6.12323e-17 -1 0
      outer loop
         vertex -0.0123538 0.0793612 -0.0156836
         vertex -0.0124048 0.0793612 -0.015835
         vertex -0.0088 0.0793612 -0.020139
      endloop
   endfacet
   facet normal 6.12323e-17 -1 0
      outer loop
         vertex -0.0127606 0.0793612 -0.0142182
         vertex -0.0126508 0.0793612 -0.0143341
         vertex -0.0088 0.0793612 -0.013664
      endloop
   endfacet
   facet normal 6.12323e-17 -1 0
      outer loop
         vertex -0.0125542 0.0793612 -0.0161168
         vertex -0.0126508 0.0793612 -0.0162439
         vertex -0.0088 0.0793612 -0.020139
      endloop
   endfacet
   facet normal 6.12323e-17 -1 0
      outer loop
         vertex -0.0139345 0.0793612 -0.0138227
         vertex -0.013775 0.0793612 -0.013814
         vertex -0.017075 0.0793612 -0.013664
      endloop
   endfacet
   facet normal 6.12323e-17 -1 0
      outer loop
         vertex 0.0099 0.0793612 -0.013664
         vertex 0.0099 0.0793612 -0.020139
         vertex 0.01175 0.0793612 -0.020139
      endloop
   endfacet
   facet normal 6.12323e-17 -1 0
      outer loop
         vertex 0.0192 0.0793612 -0.020139
         vertex 0.0143921 0.0793612 -0.0167295
         vertex 0.0142345 0.0793612 -0.0167554
      endloop
   endfacet
   facet normal 6.12323e-17 -1 0
      outer loop
         vertex 0.01175 0.0793612 -0.013664
         vertex 0.0126538 0.0793612 -0.0148944
         vertex 0.0127048 0.0793612 -0.0147431
      endloop
   endfacet
   facet normal 6.12323e-17 -1 0
      outer loop
         vertex 0.01175 0.0793612 -0.013664
         vertex 0.0126022 0.0793612 -0.0153689
         vertex 0.0126022 0.0793612 -0.0152092
      endloop
   endfacet
   facet normal 6.12323e-17 -1 0
      outer loop
         vertex 0.01175 0.0793612 -0.013664
         vertex 0.01175 0.0793612 -0.020139
         vertex 0.0126194 0.0793612 -0.0155276
      endloop
   endfacet
   facet normal 6.12323e-17 -1 0
      outer loop
         vertex 0.01175 0.0793612 -0.020139
         vertex 0.0127718 0.0793612 -0.0159799
         vertex 0.0127048 0.0793612 -0.015835
      endloop
   endfacet
   facet normal 6.12323e-17 -1 0
      outer loop
         vertex 0.01175 0.0793612 -0.020139
         vertex 0.013604 0.0793612 -0.0166868
         vertex 0.0134557 0.0793612 -0.0166277
      endloop
   endfacet
   facet normal 6.12323e-17 -1 0
      outer loop
         vertex 0.0192 0.0793612 -0.020139
         vertex 0.014546 0.0793612 -0.0166868
         vertex 0.0143921 0.0793612 -0.0167295
      endloop
   endfacet
   facet normal 6.12323e-17 -1 0
      outer loop
         vertex 0.0192 0.0793612 -0.020139
         vertex 0.0148354 0.0793612 -0.0165529
         vertex 0.0146943 0.0793612 -0.0166277
      endloop
   endfacet
   facet normal 6.12323e-17 -1 0
      outer loop
         vertex 0.01175 0.0793612 -0.013664
         vertex 0.0127718 0.0793612 -0.0145981
         vertex 0.0128542 0.0793612 -0.0144613
      endloop
   endfacet
   facet normal 6.12323e-17 -1 0
      outer loop
         vertex 0.01175 0.0793612 -0.013664
         vertex 0.0126194 0.0793612 -0.0150504
         vertex 0.0126538 0.0793612 -0.0148944
      endloop
   endfacet
   facet normal 6.12323e-17 -1 0
      outer loop
         vertex 0.0126194 0.0793612 -0.0155276
         vertex 0.0126022 0.0793612 -0.0153689
         vertex 0.01175 0.0793612 -0.013664
      endloop
   endfacet
   facet normal 6.12323e-17 -1 0
      outer loop
         vertex 0.0127048 0.0793612 -0.015835
         vertex 0.0126538 0.0793612 -0.0156836
         vertex 0.01175 0.0793612 -0.020139
      endloop
   endfacet
   facet normal 6.12323e-17 -1 0
      outer loop
         vertex 0.01175 0.0793612 -0.020139
         vertex 0.0137579 0.0793612 -0.0167295
         vertex 0.013604 0.0793612 -0.0166868
      endloop
   endfacet
   facet normal 6.12323e-17 -1 0
      outer loop
         vertex 0.01175 0.0793612 -0.020139
         vertex 0.0142345 0.0793612 -0.0167554
         vertex 0.014075 0.0793612 -0.016764
      endloop
   endfacet
   facet normal 6.12323e-17 -1 0
      outer loop
         vertex 0.0146943 0.0793612 -0.0166277
         vertex 0.014546 0.0793612 -0.0166868
         vertex 0.0192 0.0793612 -0.020139
      endloop
   endfacet
   facet normal 6.12323e-17 -1 0
      outer loop
         vertex 0.01175 0.0793612 -0.013664
         vertex 0.0133146 0.0793612 -0.0140252
         vertex 0.0134557 0.0793612 -0.0139503
      endloop
   endfacet
   facet normal 6.12323e-17 -1 0
      outer loop
         vertex 0.01175 0.0793612 -0.013664
         vertex 0.0129508 0.0793612 -0.0143341
         vertex 0.0130606 0.0793612 -0.0142182
      endloop
   endfacet
   facet normal 6.12323e-17 -1 0
      outer loop
         vertex 0.0127048 0.0793612 -0.0147431
         vertex 0.0127718 0.0793612 -0.0145981
         vertex 0.01175 0.0793612 -0.013664
      endloop
   endfacet
   facet normal 6.12323e-17 -1 0
      outer loop
         vertex 0.0126538 0.0793612 -0.0156836
         vertex 0.0126194 0.0793612 -0.0155276
         vertex 0.01175 0.0793612 -0.020139
      endloop
   endfacet
   facet normal 6.12323e-17 -1 0
      outer loop
         vertex 0.01175 0.0793612 -0.020139
         vertex 0.0129508 0.0793612 -0.0162439
         vertex 0.0128542 0.0793612 -0.0161168
      endloop
   endfacet
   facet normal 6.12323e-17 -1 0
      outer loop
         vertex 0.01175 0.0793612 -0.020139
         vertex 0.0139155 0.0793612 -0.0167554
         vertex 0.0137579 0.0793612 -0.0167295
      endloop
   endfacet
   facet normal 6.12323e-17 -1 0
      outer loop
         vertex 0.0142345 0.0793612 -0.0167554
         vertex 0.01175 0.0793612 -0.020139
         vertex 0.0192 0.0793612 -0.020139
      endloop
   endfacet
   facet normal 6.12323e-17 -1 0
      outer loop
         vertex 0.0192 0.0793612 -0.013664
         vertex 0.014546 0.0793612 -0.0138912
         vertex 0.0146943 0.0793612 -0.0139503
      endloop
   endfacet
   facet normal 6.12323e-17 -1 0
      outer loop
         vertex 0.0134557 0.0793612 -0.0139503
         vertex 0.013604 0.0793612 -0.0138912
         vertex 0.01175 0.0793612 -0.013664
      endloop
   endfacet
   facet normal 6.12323e-17 -1 0
      outer loop
         vertex 0.0128542 0.0793612 -0.0144613
         vertex 0.0129508 0.0793612 -0.0143341
         vertex 0.01175 0.0793612 -0.013664
      endloop
   endfacet
   facet normal 6.12323e-17 -1 0
      outer loop
         vertex 0.0128542 0.0793612 -0.0161168
         vertex 0.0127718 0.0793612 -0.0159799
         vertex 0.01175 0.0793612 -0.020139
      endloop
   endfacet
   facet normal 6.12323e-17 -1 0
      outer loop
         vertex 0.0134557 0.0793612 -0.0166277
         vertex 0.0133146 0.0793612 -0.0165529
         vertex 0.01175 0.0793612 -0.020139
      endloop
   endfacet
   facet normal 6.12323e-17 -1 0
      outer loop
         vertex 0.0192 0.0793612 -0.020139
         vertex 0.0149676 0.0793612 -0.0164633
         vertex 0.0148354 0.0793612 -0.0165529
      endloop
   endfacet
   facet normal 6.12323e-17 -1 0
      outer loop
         vertex 0.0146943 0.0793612 -0.0139503
         vertex 0.0148354 0.0793612 -0.0140252
         vertex 0.0192 0.0793612 -0.013664
      endloop
   endfacet
   facet normal 6.12323e-17 -1 0
      outer loop
         vertex 0.01175 0.0793612 -0.013664
         vertex 0.0131824 0.0793612 -0.0141148
         vertex 0.0133146 0.0793612 -0.0140252
      endloop
   endfacet
   facet normal 6.12323e-17 -1 0
      outer loop
         vertex 0.0126022 0.0793612 -0.0152092
         vertex 0.0126194 0.0793612 -0.0150504
         vertex 0.01175 0.0793612 -0.013664
      endloop
   endfacet
   facet normal 6.12323e-17 -1 0
      outer loop
         vertex 0.01175 0.0793612 -0.020139
         vertex 0.0131824 0.0793612 -0.0164633
         vertex 0.0130606 0.0793612 -0.0163599
      endloop
   endfacet
   facet normal 6.12323e-17 -1 0
      outer loop
         vertex 0.014075 0.0793612 -0.016764
         vertex 0.0139155 0.0793612 -0.0167554
         vertex 0.01175 0.0793612 -0.020139
      endloop
   endfacet
   facet normal 6.12323e-17 -1 0
      outer loop
         vertex 0.0192 0.0793612 -0.020139
         vertex 0.0192 0.0793612 -0.013664
         vertex 0.0155306 0.0793612 -0.0155276
      endloop
   endfacet
   facet normal 6.12323e-17 -1 0
      outer loop
         vertex 0.0192 0.0793612 -0.013664
         vertex 0.0154452 0.0793612 -0.0147431
         vertex 0.0154962 0.0793612 -0.0148944
      endloop
   endfacet
   facet normal 6.12323e-17 -1 0
      outer loop
         vertex 0.0192 0.0793612 -0.013664
         vertex 0.0151992 0.0793612 -0.0143341
         vertex 0.0152958 0.0793612 -0.0144613
      endloop
   endfacet
   facet normal 6.12323e-17 -1 0
      outer loop
         vertex 0.0192 0.0793612 -0.013664
         vertex 0.0149676 0.0793612 -0.0141148
         vertex 0.0150894 0.0793612 -0.0142182
      endloop
   endfacet
   facet normal 6.12323e-17 -1 0
      outer loop
         vertex 0.0192 0.0793612 -0.013664
         vertex 0.0143921 0.0793612 -0.0138485
         vertex 0.014546 0.0793612 -0.0138912
      endloop
   endfacet
   facet normal 6.12323e-17 -1 0
      outer loop
         vertex 0.0192 0.0793612 -0.013664
         vertex 0.01175 0.0793612 -0.013664
         vertex 0.014075 0.0793612 -0.013814
      endloop
   endfacet
   facet normal 6.12323e-17 -1 0
      outer loop
         vertex 0.01175 0.0793612 -0.013664
         vertex 0.0137579 0.0793612 -0.0138485
         vertex 0.0139155 0.0793612 -0.0138227
      endloop
   endfacet
   facet normal 6.12323e-17 -1 0
      outer loop
         vertex 0.0130606 0.0793612 -0.0142182
         vertex 0.0131824 0.0793612 -0.0141148
         vertex 0.01175 0.0793612 -0.013664
      endloop
   endfacet
   facet normal 6.12323e-17 -1 0
      outer loop
         vertex 0.0133146 0.0793612 -0.0165529
         vertex 0.0131824 0.0793612 -0.0164633
         vertex 0.01175 0.0793612 -0.020139
      endloop
   endfacet
   facet normal 6.12323e-17 -1 0
      outer loop
         vertex 0.0192 0.0793612 -0.020139
         vertex 0.0151992 0.0793612 -0.0162439
         vertex 0.0150894 0.0793612 -0.0163599
      endloop
   endfacet
   facet normal 6.12323e-17 -1 0
      outer loop
         vertex 0.0192 0.0793612 -0.020139
         vertex 0.0153782 0.0793612 -0.0159799
         vertex 0.0152958 0.0793612 -0.0161168
      endloop
   endfacet
   facet normal 6.12323e-17 -1 0
      outer loop
         vertex 0.0155306 0.0793612 -0.0155276
         vertex 0.0154962 0.0793612 -0.0156836
         vertex 0.0192 0.0793612 -0.020139
      endloop
   endfacet
   facet normal 6.12323e-17 -1 0
      outer loop
         vertex 0.0192 0.0793612 -0.013664
         vertex 0.0155478 0.0793612 -0.0152092
         vertex 0.0155478 0.0793612 -0.0153689
      endloop
   endfacet
   facet normal 6.12323e-17 -1 0
      outer loop
         vertex 0.0154962 0.0793612 -0.0148944
         vertex 0.0155306 0.0793612 -0.0150504
         vertex 0.0192 0.0793612 -0.013664
      endloop
   endfacet
   facet normal 6.12323e-17 -1 0
      outer loop
         vertex 0.0152958 0.0793612 -0.0144613
         vertex 0.0153782 0.0793612 -0.0145981
         vertex 0.0192 0.0793612 -0.013664
      endloop
   endfacet
   facet normal 6.12323e-17 -1 0
      outer loop
         vertex 0.0148354 0.0793612 -0.0140252
         vertex 0.0149676 0.0793612 -0.0141148
         vertex 0.0192 0.0793612 -0.013664
      endloop
   endfacet
   facet normal 6.12323e-17 -1 0
      outer loop
         vertex 0.014075 0.0793612 -0.013814
         vertex 0.0142345 0.0793612 -0.0138227
         vertex 0.0192 0.0793612 -0.013664
      endloop
   endfacet
   facet normal 6.12323e-17 -1 0
      outer loop
         vertex 0.013604 0.0793612 -0.0138912
         vertex 0.0137579 0.0793612 -0.0138485
         vertex 0.01175 0.0793612 -0.013664
      endloop
   endfacet
   facet normal 6.12323e-17 -1 0
      outer loop
         vertex 0.0150894 0.0793612 -0.0163599
         vertex 0.0149676 0.0793612 -0.0164633
         vertex 0.0192 0.0793612 -0.020139
      endloop
   endfacet
   facet normal 6.12323e-17 -1 0
      outer loop
         vertex 0.0192 0.0793612 -0.020139
         vertex 0.0154452 0.0793612 -0.015835
         vertex 0.0153782 0.0793612 -0.0159799
      endloop
   endfacet
   facet normal 6.12323e-17 -1 0
      outer loop
         vertex 0.0155478 0.0793612 -0.0153689
         vertex 0.0155306 0.0793612 -0.0155276
         vertex 0.0192 0.0793612 -0.013664
      endloop
   endfacet
   facet normal 6.12323e-17 -1 0
      outer loop
         vertex 0.0153782 0.0793612 -0.0145981
         vertex 0.0154452 0.0793612 -0.0147431
         vertex 0.0192 0.0793612 -0.013664
      endloop
   endfacet
   facet normal 6.12323e-17 -1 0
      outer loop
         vertex 0.0142345 0.0793612 -0.0138227
         vertex 0.0143921 0.0793612 -0.0138485
         vertex 0.0192 0.0793612 -0.013664
      endloop
   endfacet
   facet normal 6.12323e-17 -1 0
      outer loop
         vertex 0.0130606 0.0793612 -0.0163599
         vertex 0.0129508 0.0793612 -0.0162439
         vertex 0.01175 0.0793612 -0.020139
      endloop
   endfacet
   facet normal 6.12323e-17 -1 0
      outer loop
         vertex 0.0154962 0.0793612 -0.0156836
         vertex 0.0154452 0.0793612 -0.015835
         vertex 0.0192 0.0793612 -0.020139
      endloop
   endfacet
   facet normal 6.12323e-17 -1 0
      outer loop
         vertex 0.0150894 0.0793612 -0.0142182
         vertex 0.0151992 0.0793612 -0.0143341
         vertex 0.0192 0.0793612 -0.013664
      endloop
   endfacet
   facet normal 6.12323e-17 -1 0
      outer loop
         vertex 0.0152958 0.0793612 -0.0161168
         vertex 0.0151992 0.0793612 -0.0162439
         vertex 0.0192 0.0793612 -0.020139
      endloop
   endfacet
   facet normal 6.12323e-17 -1 0
      outer loop
         vertex 0.0139155 0.0793612 -0.0138227
         vertex 0.014075 0.0793612 -0.013814
         vertex 0.01175 0.0793612 -0.013664
      endloop
   endfacet
   facet normal 6.12323e-17 -1 0
      outer loop
         vertex -0.0189 0.0793612 -0.010164
         vertex -0.0189 0.0793612 -0.013664
         vertex -0.017075 0.0793612 -0.013664
      endloop
   endfacet
   facet normal 6.12323e-17 -1 0
      outer loop
         vertex -0.017075 0.0793612 -0.010164
         vertex -0.017075 0.0793612 -0.013664
         vertex -0.0088 0.0793612 -0.013664
      endloop
   endfacet
   facet normal 6.12323e-17 -1 0
      outer loop
         vertex 0.0099 0.0793612 -0.010164
         vertex 0.0099 0.0793612 -0.013664
         vertex 0.01175 0.0793612 -0.013664
      endloop
   endfacet
   facet normal 6.12323e-17 -1 0
      outer loop
         vertex 0.01175 0.0793612 -0.010164
         vertex 0.01175 0.0793612 -0.013664
         vertex 0.0192 0.0793612 -0.013664
      endloop
   endfacet
   facet normal 6.12323e-17 -1 0
      outer loop
         vertex 0.0099 0.0793612 -0.032304
         vertex -0.00095 0.0793612 -0.032304
         vertex 0.0034 0.0793612 -0.041094
      endloop
   endfacet
   facet normal 6.12323e-17 -1 0
      outer loop
         vertex -0.00095 0.0793612 -0.044754
         vertex 0.0034 0.0793612 -0.044754
         vertex 0.0034 0.0793612 -0.041094
      endloop
   endfacet
   facet normal 6.12323e-17 -1 0
      outer loop
         vertex 0.0034 0.0793612 -0.041094
         vertex -0.00095 0.0793612 -0.032304
         vertex -0.00095 0.0793612 -0.044754
      endloop
   endfacet
   facet normal 6.12323e-17 -1 0
      outer loop
         vertex 0.01175 0.0793612 -0.044754
         vertex 0.01175 0.0793612 -0.032304
         vertex 0.0109 0.0793612 -0.041094
      endloop
   endfacet
   facet normal 6.12323e-17 -1 0
      outer loop
         vertex 0.0099 0.0793612 -0.032304
         vertex 0.0099 0.0793612 -0.041094
         vertex 0.0109 0.0793612 -0.041094
      endloop
   endfacet
   facet normal 6.12323e-17 -1 0
      outer loop
         vertex 0.0109 0.0793612 -0.041094
         vertex 0.01175 0.0793612 -0.032304
         vertex 0.0099 0.0793612 -0.032304
      endloop
   endfacet
   facet normal 6.12323e-17 -1 0
      outer loop
         vertex 0.0099 0.0793612 -0.048264
         vertex 0.01175 0.0793612 -0.048264
         vertex 0.0109 0.0793612 -0.044894
      endloop
   endfacet
   facet normal 6.12323e-17 -1 0
      outer loop
         vertex 0.01175 0.0793612 -0.044754
         vertex 0.0109 0.0793612 -0.044754
         vertex 0.0109 0.0793612 -0.044894
      endloop
   endfacet
   facet normal 6.12323e-17 -1 0
      outer loop
         vertex 0.0109 0.0793612 -0.044894
         vertex 0.01175 0.0793612 -0.048264
         vertex 0.01175 0.0793612 -0.044754
      endloop
   endfacet
   facet normal 6.12323e-17 -1 0
      outer loop
         vertex -0.00095 0.0793612 -0.044754
         vertex -0.00095 0.0793612 -0.048264
         vertex 0.0034 0.0793612 -0.044894
      endloop
   endfacet
   facet normal 6.12323e-17 -1 0
      outer loop
         vertex 0.0099 0.0793612 -0.048264
         vertex 0.0099 0.0793612 -0.044894
         vertex 0.0034 0.0793612 -0.044894
      endloop
   endfacet
   facet normal 6.12323e-17 -1 0
      outer loop
         vertex 0.0034 0.0793612 -0.044894
         vertex -0.00095 0.0793612 -0.048264
         vertex 0.0099 0.0793612 -0.048264
      endloop
   endfacet
   facet normal 6.12323e-17 -1 0
      outer loop
         vertex 0.0089 0.0793612 -0.013664
         vertex 0.0089 0.0793612 -0.020139
         vertex 0.0099 0.0793612 -0.020139
      endloop
   endfacet
   facet normal 6.12323e-17 -1 0
      outer loop
         vertex -0.00095 0.0793612 -0.032304
         vertex 0.0099 0.0793612 -0.032304
         vertex 0.0089 0.0793612 -0.023514
      endloop
   endfacet
   facet normal 6.12323e-17 -1 0
      outer loop
         vertex 0.0099 0.0793612 -0.020139
         vertex 0.0089 0.0793612 -0.020139
         vertex 0.0089 0.0793612 -0.023514
      endloop
   endfacet
   facet normal 6.12323e-17 -1 0
      outer loop
         vertex 0.0089 0.0793612 -0.023514
         vertex 0.0099 0.0793612 -0.032304
         vertex 0.0099 0.0793612 -0.020139
      endloop
   endfacet
   facet normal 6.12323e-17 -1 0
      outer loop
         vertex -0.0088 0.0793612 -0.020139
         vertex -0.0088 0.0793612 -0.032304
         vertex -0.0053 0.0793612 -0.023514
      endloop
   endfacet
   facet normal 6.12323e-17 -1 0
      outer loop
         vertex -0.00095 0.0793612 -0.032304
         vertex -0.00095 0.0793612 -0.023514
         vertex -0.0053 0.0793612 -0.023514
      endloop
   endfacet
   facet normal 6.12323e-17 -1 0
      outer loop
         vertex -0.0053 0.0793612 -0.023514
         vertex -0.0088 0.0793612 -0.032304
         vertex -0.00095 0.0793612 -0.032304
      endloop
   endfacet
   facet normal 6.12323e-17 -1 0
      outer loop
         vertex -0.0088 0.0793612 -0.013664
         vertex -0.0088 0.0793612 -0.020139
         vertex -0.0053 0.0793612 -0.020139
      endloop
   endfacet
   facet normal 6.12323e-17 -1 0
      outer loop
         vertex -0.00095 0.0793612 -0.010164
         vertex -0.0088 0.0793612 -0.010164
         vertex -0.0053 0.0793612 -0.013514
      endloop
   endfacet
   facet normal 6.12323e-17 -1 0
      outer loop
         vertex -0.0088 0.0793612 -0.013664
         vertex -0.0053 0.0793612 -0.013664
         vertex -0.0053 0.0793612 -0.013514
      endloop
   endfacet
   facet normal 6.12323e-17 -1 0
      outer loop
         vertex -0.0053 0.0793612 -0.013514
         vertex -0.0088 0.0793612 -0.010164
         vertex -0.0088 0.0793612 -0.013664
      endloop
   endfacet
   facet normal 6.12323e-17 -1 0
      outer loop
         vertex 0.0099 0.0793612 -0.013664
         vertex 0.0099 0.0793612 -0.010164
         vertex 0.0089 0.0793612 -0.013514
      endloop
   endfacet
   facet normal 6.12323e-17 -1 0
      outer loop
         vertex -0.00095 0.0793612 -0.010164
         vertex -0.00095 0.0793612 -0.013514
         vertex 0.0089 0.0793612 -0.013514
      endloop
   endfacet
   facet normal 6.12323e-17 -1 0
      outer loop
         vertex 0.0089 0.0793612 -0.013514
         vertex 0.0099 0.0793612 -0.010164
         vertex -0.00095 0.0793612 -0.010164
      endloop
   endfacet
   facet normal 6.12323e-17 -1 0
      outer loop
         vertex 0.0089 0.0793612 -0.013514
         vertex 0.0089 0.0793612 -0.013664
         vertex 0.0099 0.0793612 -0.013664
      endloop
   endfacet
   facet normal 6.12323e-17 -1 0
      outer loop
         vertex -0.0053 0.0793612 -0.013514
         vertex -0.00095 0.0793612 -0.013514
         vertex -0.00095 0.0793612 -0.010164
      endloop
   endfacet
   facet normal 6.12323e-17 -1 0
      outer loop
         vertex -0.0053 0.0793612 -0.020139
         vertex -0.0053 0.0793612 -0.013664
         vertex -0.0088 0.0793612 -0.013664
      endloop
   endfacet
   facet normal 6.12323e-17 -1 0
      outer loop
         vertex -0.0053 0.0793612 -0.023514
         vertex -0.0053 0.0793612 -0.020139
         vertex -0.0088 0.0793612 -0.020139
      endloop
   endfacet
   facet normal 6.12323e-17 -1 0
      outer loop
         vertex 0.0089 0.0793612 -0.023514
         vertex -0.00095 0.0793612 -0.023514
         vertex -0.00095 0.0793612 -0.032304
      endloop
   endfacet
   facet normal 6.12323e-17 -1 0
      outer loop
         vertex 0.0099 0.0793612 -0.020139
         vertex 0.0099 0.0793612 -0.013664
         vertex 0.0089 0.0793612 -0.013664
      endloop
   endfacet
   facet normal 6.12323e-17 -1 0
      outer loop
         vertex 0.0034 0.0793612 -0.044894
         vertex 0.0034 0.0793612 -0.044754
         vertex -0.00095 0.0793612 -0.044754
      endloop
   endfacet
   facet normal 6.12323e-17 -1 0
      outer loop
         vertex 0.0109 0.0793612 -0.044894
         vertex 0.0099 0.0793612 -0.044894
         vertex 0.0099 0.0793612 -0.048264
      endloop
   endfacet
   facet normal 6.12323e-17 -1 0
      outer loop
         vertex 0.0109 0.0793612 -0.041094
         vertex 0.0109 0.0793612 -0.044754
         vertex 0.01175 0.0793612 -0.044754
      endloop
   endfacet
   facet normal 6.12323e-17 -1 0
      outer loop
         vertex 0.0034 0.0793612 -0.041094
         vertex 0.0099 0.0793612 -0.041094
         vertex 0.0099 0.0793612 -0.032304
      endloop
   endfacet
   facet normal 6.12323e-17 -1 0
      outer loop
         vertex 0.0192 0.0793612 -0.013664
         vertex 0.0192 0.0793612 -0.010164
         vertex 0.01175 0.0793612 -0.010164
      endloop
   endfacet
   facet normal 6.12323e-17 -1 0
      outer loop
         vertex 0.01175 0.0793612 -0.013664
         vertex 0.01175 0.0793612 -0.010164
         vertex 0.0099 0.0793612 -0.010164
      endloop
   endfacet
   facet normal 6.12323e-17 -1 0
      outer loop
         vertex -0.0088 0.0793612 -0.013664
         vertex -0.0088 0.0793612 -0.010164
         vertex -0.017075 0.0793612 -0.010164
      endloop
   endfacet
   facet normal 6.12323e-17 -1 0
      outer loop
         vertex -0.017075 0.0793612 -0.013664
         vertex -0.017075 0.0793612 -0.010164
         vertex -0.0189 0.0793612 -0.010164
      endloop
   endfacet
   facet normal 6.12323e-17 -1 0
      outer loop
         vertex 0.0155306 0.0793612 -0.0150504
         vertex 0.0155478 0.0793612 -0.0152092
         vertex 0.0192 0.0793612 -0.013664
      endloop
   endfacet
   facet normal 6.12323e-17 -1 0
      outer loop
         vertex 0.01175 0.0793612 -0.020139
         vertex 0.01175 0.0793612 -0.013664
         vertex 0.0099 0.0793612 -0.013664
      endloop
   endfacet
   facet normal 6.12323e-17 -1 0
      outer loop
         vertex -0.0123194 0.0793612 -0.0150504
         vertex -0.0123022 0.0793612 -0.0152092
         vertex -0.0088 0.0793612 -0.013664
      endloop
   endfacet
   facet normal 6.12323e-17 -1 0
      outer loop
         vertex -0.017075 0.0793612 -0.020139
         vertex -0.017075 0.0793612 -0.013664
         vertex -0.0189 0.0793612 -0.013664
      endloop
   endfacet
   facet normal 6.12323e-17 -1 0
      outer loop
         vertex 0.0192 0.0793612 -0.032304
         vertex 0.0192 0.0793612 -0.020139
         vertex 0.01175 0.0793612 -0.020139
      endloop
   endfacet
   facet normal 6.12323e-17 -1 0
      outer loop
         vertex 0.01175 0.0793612 -0.032304
         vertex 0.01175 0.0793612 -0.020139
         vertex 0.0099 0.0793612 -0.020139
      endloop
   endfacet
   facet normal 6.12323e-17 -1 0
      outer loop
         vertex -0.0088 0.0793612 -0.032304
         vertex -0.0088 0.0793612 -0.020139
         vertex -0.017075 0.0793612 -0.020139
      endloop
   endfacet
   facet normal 6.12323e-17 -1 0
      outer loop
         vertex -0.017075 0.0793612 -0.032304
         vertex -0.017075 0.0793612 -0.020139
         vertex -0.0189 0.0793612 -0.020139
      endloop
   endfacet
   facet normal 6.12323e-17 -1 0
      outer loop
         vertex 0.0155306 0.0793612 -0.0429004
         vertex 0.0155478 0.0793612 -0.0430592
         vertex 0.0192 0.0793612 -0.044754
      endloop
   endfacet
   facet normal 6.12323e-17 -1 0
      outer loop
         vertex -0.00095 0.0793612 -0.044754
         vertex -0.00095 0.0793612 -0.032304
         vertex -0.0088 0.0793612 -0.032304
      endloop
   endfacet
   facet normal 6.12323e-17 -1 0
      outer loop
         vertex -0.0123194 0.0793612 -0.0429004
         vertex -0.0123022 0.0793612 -0.0430592
         vertex -0.0088 0.0793612 -0.044754
      endloop
   endfacet
   facet normal 6.12323e-17 -1 0
      outer loop
         vertex -0.017075 0.0793612 -0.044754
         vertex -0.017075 0.0793612 -0.032304
         vertex -0.0189 0.0793612 -0.032304
      endloop
   endfacet
   facet normal 6.12323e-17 -1 0
      outer loop
         vertex 0.0192 0.0793612 -0.048264
         vertex 0.0192 0.0793612 -0.044754
         vertex 0.01175 0.0793612 -0.044754
      endloop
   endfacet
   facet normal 6.12323e-17 -1 0
      outer loop
         vertex -0.00095 0.0793612 -0.048264
         vertex -0.00095 0.0793612 -0.044754
         vertex -0.0088 0.0793612 -0.044754
      endloop
   endfacet
   facet normal 6.12323e-17 -1 0
      outer loop
         vertex -0.0088 0.0793612 -0.048264
         vertex -0.0088 0.0793612 -0.044754
         vertex -0.017075 0.0793612 -0.044754
      endloop
   endfacet
   facet normal 6.12323e-17 -1 0
      outer loop
         vertex -0.017075 0.0793612 -0.048264
         vertex -0.017075 0.0793612 -0.044754
         vertex -0.0189 0.0793612 -0.044754
      endloop
   endfacet
   facet normal 0 0 1
      outer loop
         vertex 0.0034 0.0728612 -0.041094
         vertex 0.0109 0.0728612 -0.041094
         vertex 0.0099 0.0793612 -0.041094
      endloop
   endfacet
   facet normal 0 0 1
      outer loop
         vertex 0.0109 0.0728612 -0.041094
         vertex 0.0109 0.0793612 -0.041094
         vertex 0.0099 0.0793612 -0.041094
      endloop
   endfacet
   facet normal 0 0 1
      outer loop
         vertex 0.0099 0.0793612 -0.041094
         vertex 0.0034 0.0793612 -0.041094
         vertex 0.0034 0.0728612 -0.041094
      endloop
   endfacet
   facet normal -1 -6.12323e-17 0
      outer loop
         vertex 0.0034 0.0728612 -0.041094
         vertex 0.0034 0.0793612 -0.041094
         vertex 0.0034 0.0793612 -0.044754
      endloop
   endfacet
   facet normal -1 -6.12323e-17 0
      outer loop
         vertex 0.0034 0.0793612 -0.044754
         vertex 0.0034 0.0728612 -0.044894
         vertex 0.0034 0.0728612 -0.041094
      endloop
   endfacet
   facet normal -1 -6.12323e-17 0
      outer loop
         vertex 0.0034 0.0793612 -0.044754
         vertex 0.0034 0.0793612 -0.044894
         vertex 0.0034 0.0728612 -0.044894
      endloop
   endfacet
   facet normal 0 0 -1
      outer loop
         vertex 0.0034 0.0728612 -0.044894
         vertex 0.0034 0.0793612 -0.044894
         vertex 0.0099 0.0793612 -0.044894
      endloop
   endfacet
   facet normal 0 0 -1
      outer loop
         vertex 0.0099 0.0793612 -0.044894
         vertex 0.0109 0.0728612 -0.044894
         vertex 0.0034 0.0728612 -0.044894
      endloop
   endfacet
   facet normal 0 0 -1
      outer loop
         vertex 0.0099 0.0793612 -0.044894
         vertex 0.0109 0.0793612 -0.044894
         vertex 0.0109 0.0728612 -0.044894
      endloop
   endfacet
   facet normal 1 6.12323e-17 0
      outer loop
         vertex 0.0109 0.0728612 -0.041094
         vertex 0.0109 0.0728612 -0.044894
         vertex 0.0109 0.0793612 -0.044754
      endloop
   endfacet
   facet normal 1 6.12323e-17 0
      outer loop
         vertex 0.0109 0.0728612 -0.044894
         vertex 0.0109 0.0793612 -0.044894
         vertex 0.0109 0.0793612 -0.044754
      endloop
   endfacet
   facet normal 1 6.12323e-17 0
      outer loop
         vertex 0.0109 0.0793612 -0.044754
         vertex 0.0109 0.0793612 -0.041094
         vertex 0.0109 0.0728612 -0.041094
      endloop
   endfacet
   facet normal 6.12323e-17 -1 0
      outer loop
         vertex 0.0109 0.0728612 -0.044894
         vertex 0.0109 0.0728612 -0.041094
         vertex 0.0034 0.0728612 -0.041094
      endloop
   endfacet
   facet normal 6.12323e-17 -1 0
      outer loop
         vertex 0.0034 0.0728612 -0.041094
         vertex 0.0034 0.0728612 -0.044894
         vertex 0.0109 0.0728612 -0.044894
      endloop
   endfacet
   facet normal 0 0 -1
      outer loop
         vertex 0.0089 0.0728612 -0.023514
         vertex -0.0053 0.0728612 -0.023514
         vertex -0.00095 0.0793612 -0.023514
      endloop
   endfacet
   facet normal 0 0 -1
      outer loop
         vertex -0.0053 0.0728612 -0.023514
         vertex -0.0053 0.0793612 -0.023514
         vertex -0.00095 0.0793612 -0.023514
      endloop
   endfacet
   facet normal 0 0 -1
      outer loop
         vertex -0.00095 0.0793612 -0.023514
         vertex 0.0089 0.0793612 -0.023514
         vertex 0.0089 0.0728612 -0.023514
      endloop
   endfacet
   facet normal 1 6.12323e-17 0
      outer loop
         vertex 0.0089 0.0728612 -0.013514
         vertex 0.0089 0.0728612 -0.023514
         vertex 0.0089 0.0793612 -0.020139
      endloop
   endfacet
   facet normal 1 6.12323e-17 0
      outer loop
         vertex 0.0089 0.0793612 -0.020139
         vertex 0.0089 0.0793612 -0.013664
         vertex 0.0089 0.0728612 -0.013514
      endloop
   endfacet
   facet normal 1 6.12323e-17 0
      outer loop
         vertex 0.0089 0.0728612 -0.023514
         vertex 0.0089 0.0793612 -0.023514
         vertex 0.0089 0.0793612 -0.020139
      endloop
   endfacet
   facet normal 1 6.12323e-17 0
      outer loop
         vertex 0.0089 0.0793612 -0.013664
         vertex 0.0089 0.0793612 -0.013514
         vertex 0.0089 0.0728612 -0.013514
      endloop
   endfacet
   facet normal 0 0 1
      outer loop
         vertex 0.0089 0.0728612 -0.013514
         vertex 0.0089 0.0793612 -0.013514
         vertex -0.00095 0.0793612 -0.013514
      endloop
   endfacet
   facet normal 0 0 1
      outer loop
         vertex -0.00095 0.0793612 -0.013514
         vertex -0.0053 0.0728612 -0.013514
         vertex 0.0089 0.0728612 -0.013514
      endloop
   endfacet
   facet normal 0 0 1
      outer loop
         vertex -0.00095 0.0793612 -0.013514
         vertex -0.0053 0.0793612 -0.013514
         vertex -0.0053 0.0728612 -0.013514
      endloop
   endfacet
   facet normal -1 -6.12323e-17 0
      outer loop
         vertex -0.0053 0.0728612 -0.013514
         vertex -0.0053 0.0793612 -0.013664
         vertex -0.0053 0.0793612 -0.020139
      endloop
   endfacet
   facet normal -1 -6.12323e-17 0
      outer loop
         vertex -0.0053 0.0793612 -0.020139
         vertex -0.0053 0.0728612 -0.023514
         vertex -0.0053 0.0728612 -0.013514
      endloop
   endfacet
   facet normal -1 -6.12323e-17 0
      outer loop
         vertex -0.0053 0.0728612 -0.013514
         vertex -0.0053 0.0793612 -0.013514
         vertex -0.0053 0.0793612 -0.013664
      endloop
   endfacet
   facet normal -1 -6.12323e-17 0
      outer loop
         vertex -0.0053 0.0793612 -0.020139
         vertex -0.0053 0.0793612 -0.023514
         vertex -0.0053 0.0728612 -0.023514
      endloop
   endfacet
   facet normal 6.12323e-17 -1 0
      outer loop
         vertex -0.0053 0.0728612 -0.013514
         vertex -0.0053 0.0728612 -0.023514
         vertex 0.0089 0.0728612 -0.023514
      endloop
   endfacet
   facet normal 6.12323e-17 -1 0
      outer loop
         vertex 0.0089 0.0728612 -0.023514
         vertex 0.0089 0.0728612 -0.013514
         vertex -0.0053 0.0728612 -0.013514
      endloop
   endfacet
endsolid body_camera. Units = meters