solid servo_mount. STL generated by ONSHAPE BY PTC INC, 1.218. Units = meters
   facet normal 0 0.108119 0.994138
      outer loop
         vertex 0.0055 0.0184027 0.0331053
         vertex 0.0055 0.0185 0.0331
         vertex 0.0025 0.0185 0.0331
      endloop
   endfacet
   facet normal 0 0.21497 0.976621
      outer loop
         vertex 0.0055 0.0183066 0.0331211
         vertex 0.0055 0.0184027 0.0331053
         vertex 0.0025 0.0184027 0.0331053
      endloop
   endfacet
   facet normal 0 0.319302 0.947653
      outer loop
         vertex 0.0055 0.0182127 0.0331471
         vertex 0.0055 0.0183066 0.0331211
         vertex 0.0025 0.0183066 0.0331211
      endloop
   endfacet
   facet normal 0 0.419889 0.907575
      outer loop
         vertex 0.0055 0.0181221 0.0331832
         vertex 0.0055 0.0182127 0.0331471
         vertex 0.0025 0.0182127 0.0331471
      endloop
   endfacet
   facet normal 0 0.515554 0.856857
      outer loop
         vertex 0.0055 0.018036 0.0332288
         vertex 0.0055 0.0181221 0.0331832
         vertex 0.0025 0.0181221 0.0331832
      endloop
   endfacet
   facet normal 0 0.605174 0.796093
      outer loop
         vertex 0.0055 0.0179554 0.0332835
         vertex 0.0055 0.018036 0.0332288
         vertex 0.0025 0.018036 0.0332288
      endloop
   endfacet
   facet normal 0 0.687699 0.725995
      outer loop
         vertex 0.0055 0.0178811 0.0333466
         vertex 0.0055 0.0179554 0.0332835
         vertex 0.0025 0.0179554 0.0332835
      endloop
   endfacet
   facet normal 0 0.762162 0.647386
      outer loop
         vertex 0.0055 0.0178141 0.0334174
         vertex 0.0055 0.0178811 0.0333466
         vertex 0.0025 0.0178811 0.0333466
      endloop
   endfacet
   facet normal 0 0.827689 0.561187
      outer loop
         vertex 0.0055 0.0177551 0.0334949
         vertex 0.0055 0.0178141 0.0334174
         vertex 0.0025 0.0178141 0.0334174
      endloop
   endfacet
   facet normal 0 0.883512 0.468408
      outer loop
         vertex 0.0055 0.0177049 0.0335784
         vertex 0.0055 0.0177551 0.0334949
         vertex 0.0025 0.0177551 0.0334949
      endloop
   endfacet
   facet normal 0 0.928977 0.370138
      outer loop
         vertex 0.0055 0.017664 0.0336669
         vertex 0.0055 0.0177049 0.0335784
         vertex 0.0025 0.0177049 0.0335784
      endloop
   endfacet
   facet normal 0 0.96355 0.267528
      outer loop
         vertex 0.0055 0.0176329 0.0337592
         vertex 0.0055 0.017664 0.0336669
         vertex 0.0025 0.017664 0.0336669
      endloop
   endfacet
   facet normal 0 0.986827 0.161782
      outer loop
         vertex 0.0055 0.0176119 0.0338544
         vertex 0.0055 0.0176329 0.0337592
         vertex 0.0025 0.0176329 0.0337592
      endloop
   endfacet
   facet normal 0 0.998533 0.0541389
      outer loop
         vertex 0.0055 0.0176014 0.0339512
         vertex 0.0055 0.0176119 0.0338544
         vertex 0.0025 0.0176119 0.0338544
      endloop
   endfacet
   facet normal 0 0.998533 -0.0541389
      outer loop
         vertex 0.0055 0.0176014 0.0340487
         vertex 0.0055 0.0176014 0.0339512
         vertex 0.0025 0.0176014 0.0339512
      endloop
   endfacet
   facet normal 0 0.986827 -0.161782
      outer loop
         vertex 0.0055 0.0176119 0.0341456
         vertex 0.0055 0.0176014 0.0340487
         vertex 0.0025 0.0176014 0.0340487
      endloop
   endfacet
   facet normal 0 0.96355 -0.267528
      outer loop
         vertex 0.0055 0.0176329 0.0342407
         vertex 0.0055 0.0176119 0.0341456
         vertex 0.0025 0.0176119 0.0341456
      endloop
   endfacet
   facet normal 0 0.928977 -0.370138
      outer loop
         vertex 0.0055 0.017664 0.0343331
         vertex 0.0055 0.0176329 0.0342407
         vertex 0.0025 0.0176329 0.0342407
      endloop
   endfacet
   facet normal 0 0.883512 -0.468408
      outer loop
         vertex 0.0055 0.0177049 0.0344215
         vertex 0.0055 0.017664 0.0343331
         vertex 0.0025 0.017664 0.0343331
      endloop
   endfacet
   facet normal 0 0.827689 -0.561187
      outer loop
         vertex 0.0055 0.0177551 0.034505
         vertex 0.0055 0.0177049 0.0344215
         vertex 0.0025 0.0177049 0.0344215
      endloop
   endfacet
   facet normal 0 0.762162 -0.647386
      outer loop
         vertex 0.0055 0.0178141 0.0345826
         vertex 0.0055 0.0177551 0.034505
         vertex 0.0025 0.0177551 0.034505
      endloop
   endfacet
   facet normal 0 0.687699 -0.725995
      outer loop
         vertex 0.0055 0.0178811 0.0346533
         vertex 0.0055 0.0178141 0.0345826
         vertex 0.0025 0.0178141 0.0345826
      endloop
   endfacet
   facet normal 0 0.605174 -0.796093
      outer loop
         vertex 0.0055 0.0179554 0.0347164
         vertex 0.0055 0.0178811 0.0346533
         vertex 0.0025 0.0178811 0.0346533
      endloop
   endfacet
   facet normal 0 0.515554 -0.856857
      outer loop
         vertex 0.0055 0.018036 0.0347711
         vertex 0.0055 0.0179554 0.0347164
         vertex 0.0025 0.0179554 0.0347164
      endloop
   endfacet
   facet normal 0 0.419889 -0.907575
      outer loop
         vertex 0.0055 0.0181221 0.0348167
         vertex 0.0055 0.018036 0.0347711
         vertex 0.0025 0.018036 0.0347711
      endloop
   endfacet
   facet normal 0 0.319302 -0.947653
      outer loop
         vertex 0.0055 0.0182127 0.0348528
         vertex 0.0055 0.0181221 0.0348167
         vertex 0.0025 0.0181221 0.0348167
      endloop
   endfacet
   facet normal 0 0.21497 -0.976621
      outer loop
         vertex 0.0055 0.0183066 0.0348789
         vertex 0.0055 0.0182127 0.0348528
         vertex 0.0025 0.0182127 0.0348528
      endloop
   endfacet
   facet normal 0 0.108119 -0.994138
      outer loop
         vertex 0.0055 0.0184027 0.0348946
         vertex 0.0055 0.0183066 0.0348789
         vertex 0.0025 0.0183066 0.0348789
      endloop
   endfacet
   facet normal 0 -1.22465e-16 -1
      outer loop
         vertex 0.0055 0.0185 0.0348999
         vertex 0.0055 0.0184027 0.0348946
         vertex 0.0025 0.0184027 0.0348946
      endloop
   endfacet
   facet normal 0 -0.108119 -0.994138
      outer loop
         vertex 0.0055 0.0185973 0.0348946
         vertex 0.0055 0.0185 0.0348999
         vertex 0.0025 0.0185 0.0348999
      endloop
   endfacet
   facet normal 0 -0.21497 -0.976621
      outer loop
         vertex 0.0055 0.0186935 0.0348789
         vertex 0.0055 0.0185973 0.0348946
         vertex 0.0025 0.0185973 0.0348946
      endloop
   endfacet
   facet normal 0 -0.319302 -0.947653
      outer loop
         vertex 0.0055 0.0187874 0.0348528
         vertex 0.0055 0.0186935 0.0348789
         vertex 0.0025 0.0186935 0.0348789
      endloop
   endfacet
   facet normal 0 -0.419889 -0.907575
      outer loop
         vertex 0.0055 0.0188779 0.0348167
         vertex 0.0055 0.0187874 0.0348528
         vertex 0.0025 0.0187874 0.0348528
      endloop
   endfacet
   facet normal 0 -0.515554 -0.856857
      outer loop
         vertex 0.0055 0.018964 0.0347711
         vertex 0.0055 0.0188779 0.0348167
         vertex 0.0025 0.0188779 0.0348167
      endloop
   endfacet
   facet normal 0 -0.605174 -0.796093
      outer loop
         vertex 0.0055 0.0190446 0.0347164
         vertex 0.0055 0.018964 0.0347711
         vertex 0.0025 0.018964 0.0347711
      endloop
   endfacet
   facet normal 0 -0.687699 -0.725995
      outer loop
         vertex 0.0055 0.0191189 0.0346533
         vertex 0.0055 0.0190446 0.0347164
         vertex 0.0025 0.0190446 0.0347164
      endloop
   endfacet
   facet normal 0 -0.762162 -0.647386
      outer loop
         vertex 0.0055 0.0191859 0.0345826
         vertex 0.0055 0.0191189 0.0346533
         vertex 0.0025 0.0191189 0.0346533
      endloop
   endfacet
   facet normal 0 -0.827689 -0.561187
      outer loop
         vertex 0.0055 0.0192449 0.034505
         vertex 0.0055 0.0191859 0.0345826
         vertex 0.0025 0.0191859 0.0345826
      endloop
   endfacet
   facet normal 0 -0.883512 -0.468408
      outer loop
         vertex 0.0055 0.0192951 0.0344215
         vertex 0.0055 0.0192449 0.034505
         vertex 0.0025 0.0192449 0.034505
      endloop
   endfacet
   facet normal 0 -0.928977 -0.370138
      outer loop
         vertex 0.0055 0.019336 0.0343331
         vertex 0.0055 0.0192951 0.0344215
         vertex 0.0025 0.0192951 0.0344215
      endloop
   endfacet
   facet normal 0 -0.96355 -0.267528
      outer loop
         vertex 0.0055 0.0193672 0.0342407
         vertex 0.0055 0.019336 0.0343331
         vertex 0.0025 0.019336 0.0343331
      endloop
   endfacet
   facet normal 0 -0.986827 -0.161782
      outer loop
         vertex 0.0055 0.0193881 0.0341456
         vertex 0.0055 0.0193672 0.0342407
         vertex 0.0025 0.0193672 0.0342407
      endloop
   endfacet
   facet normal 0 -0.998533 -0.0541389
      outer loop
         vertex 0.0055 0.0193986 0.0340487
         vertex 0.0055 0.0193881 0.0341456
         vertex 0.0025 0.0193881 0.0341456
      endloop
   endfacet
   facet normal 0 -0.998533 0.0541389
      outer loop
         vertex 0.0055 0.0193986 0.0339512
         vertex 0.0055 0.0193986 0.0340487
         vertex 0.0025 0.0193986 0.0340487
      endloop
   endfacet
   facet normal 0 -0.986827 0.161782
      outer loop
         vertex 0.0055 0.0193881 0.0338544
         vertex 0.0055 0.0193986 0.0339512
         vertex 0.0025 0.0193986 0.0339512
      endloop
   endfacet
   facet normal 0 -0.96355 0.267528
      outer loop
         vertex 0.0055 0.0193672 0.0337592
         vertex 0.0055 0.0193881 0.0338544
         vertex 0.0025 0.0193881 0.0338544
      endloop
   endfacet
   facet normal 0 -0.928977 0.370138
      outer loop
         vertex 0.0055 0.019336 0.0336669
         vertex 0.0055 0.0193672 0.0337592
         vertex 0.0025 0.0193672 0.0337592
      endloop
   endfacet
   facet normal 0 -0.883512 0.468408
      outer loop
         vertex 0.0055 0.0192951 0.0335784
         vertex 0.0055 0.019336 0.0336669
         vertex 0.0025 0.019336 0.0336669
      endloop
   endfacet
   facet normal 0 -0.827689 0.561187
      outer loop
         vertex 0.0055 0.0192449 0.0334949
         vertex 0.0055 0.0192951 0.0335784
         vertex 0.0025 0.0192951 0.0335784
      endloop
   endfacet
   facet normal 0 -0.762162 0.647386
      outer loop
         vertex 0.0055 0.0191859 0.0334174
         vertex 0.0055 0.0192449 0.0334949
         vertex 0.0025 0.0192449 0.0334949
      endloop
   endfacet
   facet normal 0 -0.687699 0.725995
      outer loop
         vertex 0.0055 0.0191189 0.0333466
         vertex 0.0055 0.0191859 0.0334174
         vertex 0.0025 0.0191859 0.0334174
      endloop
   endfacet
   facet normal 0 -0.605174 0.796093
      outer loop
         vertex 0.0055 0.0190446 0.0332835
         vertex 0.0055 0.0191189 0.0333466
         vertex 0.0025 0.0191189 0.0333466
      endloop
   endfacet
   facet normal 0 -0.515554 0.856857
      outer loop
         vertex 0.0055 0.018964 0.0332288
         vertex 0.0055 0.0190446 0.0332835
         vertex 0.0025 0.0190446 0.0332835
      endloop
   endfacet
   facet normal 0 -0.419889 0.907575
      outer loop
         vertex 0.0055 0.0188779 0.0331832
         vertex 0.0055 0.018964 0.0332288
         vertex 0.0025 0.018964 0.0332288
      endloop
   endfacet
   facet normal 0 -0.319302 0.947653
      outer loop
         vertex 0.0055 0.0187874 0.0331471
         vertex 0.0055 0.0188779 0.0331832
         vertex 0.0025 0.0188779 0.0331832
      endloop
   endfacet
   facet normal 0 -0.21497 0.976621
      outer loop
         vertex 0.0055 0.0186935 0.0331211
         vertex 0.0055 0.0187874 0.0331471
         vertex 0.0025 0.0187874 0.0331471
      endloop
   endfacet
   facet normal 0 -0.108119 0.994138
      outer loop
         vertex 0.0055 0.0185973 0.0331053
         vertex 0.0055 0.0186935 0.0331211
         vertex 0.0025 0.0186935 0.0331211
      endloop
   endfacet
   facet normal 0 0 1
      outer loop
         vertex 0.0055 0.0185 0.0331
         vertex 0.0055 0.0185973 0.0331053
         vertex 0.0025 0.0185973 0.0331053
      endloop
   endfacet
   facet normal 0 -0.108119 0.994138
      outer loop
         vertex 0.0025 0.0185973 0.0331053
         vertex 0.0025 0.0185 0.0331
         vertex 0.0055 0.0185 0.0331
      endloop
   endfacet
   facet normal 0 -0.21497 0.976621
      outer loop
         vertex 0.0025 0.0186935 0.0331211
         vertex 0.0025 0.0185973 0.0331053
         vertex 0.0055 0.0185973 0.0331053
      endloop
   endfacet
   facet normal 0 -0.319302 0.947653
      outer loop
         vertex 0.0025 0.0187874 0.0331471
         vertex 0.0025 0.0186935 0.0331211
         vertex 0.0055 0.0186935 0.0331211
      endloop
   endfacet
   facet normal 0 -0.419889 0.907575
      outer loop
         vertex 0.0025 0.0188779 0.0331832
         vertex 0.0025 0.0187874 0.0331471
         vertex 0.0055 0.0187874 0.0331471
      endloop
   endfacet
   facet normal 0 -0.515554 0.856857
      outer loop
         vertex 0.0025 0.018964 0.0332288
         vertex 0.0025 0.0188779 0.0331832
         vertex 0.0055 0.0188779 0.0331832
      endloop
   endfacet
   facet normal 0 -0.605174 0.796093
      outer loop
         vertex 0.0025 0.0190446 0.0332835
         vertex 0.0025 0.018964 0.0332288
         vertex 0.0055 0.018964 0.0332288
      endloop
   endfacet
   facet normal 0 -0.687699 0.725995
      outer loop
         vertex 0.0025 0.0191189 0.0333466
         vertex 0.0025 0.0190446 0.0332835
         vertex 0.0055 0.0190446 0.0332835
      endloop
   endfacet
   facet normal 0 -0.762162 0.647386
      outer loop
         vertex 0.0025 0.0191859 0.0334174
         vertex 0.0025 0.0191189 0.0333466
         vertex 0.0055 0.0191189 0.0333466
      endloop
   endfacet
   facet normal 0 -0.827689 0.561187
      outer loop
         vertex 0.0025 0.0192449 0.0334949
         vertex 0.0025 0.0191859 0.0334174
         vertex 0.0055 0.0191859 0.0334174
      endloop
   endfacet
   facet normal 0 -0.883512 0.468408
      outer loop
         vertex 0.0025 0.0192951 0.0335784
         vertex 0.0025 0.0192449 0.0334949
         vertex 0.0055 0.0192449 0.0334949
      endloop
   endfacet
   facet normal 0 -0.928977 0.370138
      outer loop
         vertex 0.0025 0.019336 0.0336669
         vertex 0.0025 0.0192951 0.0335784
         vertex 0.0055 0.0192951 0.0335784
      endloop
   endfacet
   facet normal 0 -0.96355 0.267528
      outer loop
         vertex 0.0025 0.0193672 0.0337592
         vertex 0.0025 0.019336 0.0336669
         vertex 0.0055 0.019336 0.0336669
      endloop
   endfacet
   facet normal 0 -0.986827 0.161782
      outer loop
         vertex 0.0025 0.0193881 0.0338544
         vertex 0.0025 0.0193672 0.0337592
         vertex 0.0055 0.0193672 0.0337592
      endloop
   endfacet
   facet normal 0 -0.998533 0.0541389
      outer loop
         vertex 0.0025 0.0193986 0.0339512
         vertex 0.0025 0.0193881 0.0338544
         vertex 0.0055 0.0193881 0.0338544
      endloop
   endfacet
   facet normal 0 -0.998533 -0.0541389
      outer loop
         vertex 0.0025 0.0193986 0.0340487
         vertex 0.0025 0.0193986 0.0339512
         vertex 0.0055 0.0193986 0.0339512
      endloop
   endfacet
   facet normal 0 -0.986827 -0.161782
      outer loop
         vertex 0.0025 0.0193881 0.0341456
         vertex 0.0025 0.0193986 0.0340487
         vertex 0.0055 0.0193986 0.0340487
      endloop
   endfacet
   facet normal 0 -0.96355 -0.267528
      outer loop
         vertex 0.0025 0.0193672 0.0342407
         vertex 0.0025 0.0193881 0.0341456
         vertex 0.0055 0.0193881 0.0341456
      endloop
   endfacet
   facet normal 0 -0.928977 -0.370138
      outer loop
         vertex 0.0025 0.019336 0.0343331
         vertex 0.0025 0.0193672 0.0342407
         vertex 0.0055 0.0193672 0.0342407
      endloop
   endfacet
   facet normal 0 -0.883512 -0.468408
      outer loop
         vertex 0.0025 0.0192951 0.0344215
         vertex 0.0025 0.019336 0.0343331
         vertex 0.0055 0.019336 0.0343331
      endloop
   endfacet
   facet normal 0 -0.827689 -0.561187
      outer loop
         vertex 0.0025 0.0192449 0.034505
         vertex 0.0025 0.0192951 0.0344215
         vertex 0.0055 0.0192951 0.0344215
      endloop
   endfacet
   facet normal 0 -0.762162 -0.647386
      outer loop
         vertex 0.0025 0.0191859 0.0345826
         vertex 0.0025 0.0192449 0.034505
         vertex 0.0055 0.0192449 0.034505
      endloop
   endfacet
   facet normal 0 -0.687699 -0.725995
      outer loop
         vertex 0.0025 0.0191189 0.0346533
         vertex 0.0025 0.0191859 0.0345826
         vertex 0.0055 0.0191859 0.0345826
      endloop
   endfacet
   facet normal 0 -0.605174 -0.796093
      outer loop
         vertex 0.0025 0.0190446 0.0347164
         vertex 0.0025 0.0191189 0.0346533
         vertex 0.0055 0.0191189 0.0346533
      endloop
   endfacet
   facet normal 0 -0.515554 -0.856857
      outer loop
         vertex 0.0025 0.018964 0.0347711
         vertex 0.0025 0.0190446 0.0347164
         vertex 0.0055 0.0190446 0.0347164
      endloop
   endfacet
   facet normal 0 -0.419889 -0.907575
      outer loop
         vertex 0.0025 0.0188779 0.0348167
         vertex 0.0025 0.018964 0.0347711
         vertex 0.0055 0.018964 0.0347711
      endloop
   endfacet
   facet normal 0 -0.319302 -0.947653
      outer loop
         vertex 0.0025 0.0187874 0.0348528
         vertex 0.0025 0.0188779 0.0348167
         vertex 0.0055 0.0188779 0.0348167
      endloop
   endfacet
   facet normal 0 -0.21497 -0.976621
      outer loop
         vertex 0.0025 0.0186935 0.0348789
         vertex 0.0025 0.0187874 0.0348528
         vertex 0.0055 0.0187874 0.0348528
      endloop
   endfacet
   facet normal 0 -0.108119 -0.994138
      outer loop
         vertex 0.0025 0.0185973 0.0348946
         vertex 0.0025 0.0186935 0.0348789
         vertex 0.0055 0.0186935 0.0348789
      endloop
   endfacet
   facet normal 0 0 -1
      outer loop
         vertex 0.0025 0.0185 0.0348999
         vertex 0.0025 0.0185973 0.0348946
         vertex 0.0055 0.0185973 0.0348946
      endloop
   endfacet
   facet normal 0 0.108119 -0.994138
      outer loop
         vertex 0.0025 0.0184027 0.0348946
         vertex 0.0025 0.0185 0.0348999
         vertex 0.0055 0.0185 0.0348999
      endloop
   endfacet
   facet normal 0 0.21497 -0.976621
      outer loop
         vertex 0.0025 0.0183066 0.0348789
         vertex 0.0025 0.0184027 0.0348946
         vertex 0.0055 0.0184027 0.0348946
      endloop
   endfacet
   facet normal 0 0.319302 -0.947653
      outer loop
         vertex 0.0025 0.0182127 0.0348528
         vertex 0.0025 0.0183066 0.0348789
         vertex 0.0055 0.0183066 0.0348789
      endloop
   endfacet
   facet normal 0 0.419889 -0.907575
      outer loop
         vertex 0.0025 0.0181221 0.0348167
         vertex 0.0025 0.0182127 0.0348528
         vertex 0.0055 0.0182127 0.0348528
      endloop
   endfacet
   facet normal 0 0.515554 -0.856857
      outer loop
         vertex 0.0025 0.018036 0.0347711
         vertex 0.0025 0.0181221 0.0348167
         vertex 0.0055 0.0181221 0.0348167
      endloop
   endfacet
   facet normal 0 0.605174 -0.796093
      outer loop
         vertex 0.0025 0.0179554 0.0347164
         vertex 0.0025 0.018036 0.0347711
         vertex 0.0055 0.018036 0.0347711
      endloop
   endfacet
   facet normal 0 0.687699 -0.725995
      outer loop
         vertex 0.0025 0.0178811 0.0346533
         vertex 0.0025 0.0179554 0.0347164
         vertex 0.0055 0.0179554 0.0347164
      endloop
   endfacet
   facet normal 0 0.762162 -0.647386
      outer loop
         vertex 0.0025 0.0178141 0.0345826
         vertex 0.0025 0.0178811 0.0346533
         vertex 0.0055 0.0178811 0.0346533
      endloop
   endfacet
   facet normal 0 0.827689 -0.561187
      outer loop
         vertex 0.0025 0.0177551 0.034505
         vertex 0.0025 0.0178141 0.0345826
         vertex 0.0055 0.0178141 0.0345826
      endloop
   endfacet
   facet normal 0 0.883512 -0.468408
      outer loop
         vertex 0.0025 0.0177049 0.0344215
         vertex 0.0025 0.0177551 0.034505
         vertex 0.0055 0.0177551 0.034505
      endloop
   endfacet
   facet normal 0 0.928977 -0.370138
      outer loop
         vertex 0.0025 0.017664 0.0343331
         vertex 0.0025 0.0177049 0.0344215
         vertex 0.0055 0.0177049 0.0344215
      endloop
   endfacet
   facet normal 0 0.96355 -0.267528
      outer loop
         vertex 0.0025 0.0176329 0.0342407
         vertex 0.0025 0.017664 0.0343331
         vertex 0.0055 0.017664 0.0343331
      endloop
   endfacet
   facet normal 0 0.986827 -0.161782
      outer loop
         vertex 0.0025 0.0176119 0.0341456
         vertex 0.0025 0.0176329 0.0342407
         vertex 0.0055 0.0176329 0.0342407
      endloop
   endfacet
   facet normal 0 0.998533 -0.0541389
      outer loop
         vertex 0.0025 0.0176014 0.0340487
         vertex 0.0025 0.0176119 0.0341456
         vertex 0.0055 0.0176119 0.0341456
      endloop
   endfacet
   facet normal 0 0.998533 0.0541389
      outer loop
         vertex 0.0025 0.0176014 0.0339512
         vertex 0.0025 0.0176014 0.0340487
         vertex 0.0055 0.0176014 0.0340487
      endloop
   endfacet
   facet normal 0 0.986827 0.161782
      outer loop
         vertex 0.0025 0.0176119 0.0338544
         vertex 0.0025 0.0176014 0.0339512
         vertex 0.0055 0.0176014 0.0339512
      endloop
   endfacet
   facet normal 0 0.96355 0.267528
      outer loop
         vertex 0.0025 0.0176329 0.0337592
         vertex 0.0025 0.0176119 0.0338544
         vertex 0.0055 0.0176119 0.0338544
      endloop
   endfacet
   facet normal 0 0.928977 0.370138
      outer loop
         vertex 0.0025 0.017664 0.0336669
         vertex 0.0025 0.0176329 0.0337592
         vertex 0.0055 0.0176329 0.0337592
      endloop
   endfacet
   facet normal 0 0.883512 0.468408
      outer loop
         vertex 0.0025 0.0177049 0.0335784
         vertex 0.0025 0.017664 0.0336669
         vertex 0.0055 0.017664 0.0336669
      endloop
   endfacet
   facet normal 0 0.827689 0.561187
      outer loop
         vertex 0.0025 0.0177551 0.0334949
         vertex 0.0025 0.0177049 0.0335784
         vertex 0.0055 0.0177049 0.0335784
      endloop
   endfacet
   facet normal 0 0.762162 0.647386
      outer loop
         vertex 0.0025 0.0178141 0.0334174
         vertex 0.0025 0.0177551 0.0334949
         vertex 0.0055 0.0177551 0.0334949
      endloop
   endfacet
   facet normal 0 0.687699 0.725995
      outer loop
         vertex 0.0025 0.0178811 0.0333466
         vertex 0.0025 0.0178141 0.0334174
         vertex 0.0055 0.0178141 0.0334174
      endloop
   endfacet
   facet normal 0 0.605174 0.796093
      outer loop
         vertex 0.0025 0.0179554 0.0332835
         vertex 0.0025 0.0178811 0.0333466
         vertex 0.0055 0.0178811 0.0333466
      endloop
   endfacet
   facet normal 0 0.515554 0.856857
      outer loop
         vertex 0.0025 0.018036 0.0332288
         vertex 0.0025 0.0179554 0.0332835
         vertex 0.0055 0.0179554 0.0332835
      endloop
   endfacet
   facet normal 0 0.419889 0.907575
      outer loop
         vertex 0.0025 0.0181221 0.0331832
         vertex 0.0025 0.018036 0.0332288
         vertex 0.0055 0.018036 0.0332288
      endloop
   endfacet
   facet normal 0 0.319302 0.947653
      outer loop
         vertex 0.0025 0.0182127 0.0331471
         vertex 0.0025 0.0181221 0.0331832
         vertex 0.0055 0.0181221 0.0331832
      endloop
   endfacet
   facet normal 0 0.21497 0.976621
      outer loop
         vertex 0.0025 0.0183066 0.0331211
         vertex 0.0025 0.0182127 0.0331471
         vertex 0.0055 0.0182127 0.0331471
      endloop
   endfacet
   facet normal 0 0.108119 0.994138
      outer loop
         vertex 0.0025 0.0184027 0.0331053
         vertex 0.0025 0.0183066 0.0331211
         vertex 0.0055 0.0183066 0.0331211
      endloop
   endfacet
   facet normal 0 0 1
      outer loop
         vertex 0.0025 0.0185 0.0331
         vertex 0.0025 0.0184027 0.0331053
         vertex 0.0055 0.0184027 0.0331053
      endloop
   endfacet
   facet normal -1 0 0
      outer loop
         vertex 0.0025 0.0165729 0.034535
         vertex 0.0025 0.0176329 0.0342407
         vertex 0.0025 0.0176119 0.0341456
      endloop
   endfacet
   facet normal -1 0 0
      outer loop
         vertex 0.0025 0.0165729 0.034535
         vertex 0.0025 0.0166421 0.0347402
         vertex 0.0025 0.017664 0.0343331
      endloop
   endfacet
   facet normal -1 0 0
      outer loop
         vertex 0.0025 0.017664 0.0343331
         vertex 0.0025 0.0176329 0.0342407
         vertex 0.0025 0.0165729 0.034535
      endloop
   endfacet
   facet normal -1 0 0
      outer loop
         vertex 0.0025 0.0166421 0.0347402
         vertex 0.0025 0.016733 0.0349368
         vertex 0.0025 0.0177049 0.0344215
      endloop
   endfacet
   facet normal -1 0 0
      outer loop
         vertex 0.0025 0.0177049 0.0344215
         vertex 0.0025 0.017664 0.0343331
         vertex 0.0025 0.0166421 0.0347402
      endloop
   endfacet
   facet normal -1 0 0
      outer loop
         vertex 0.0025 0.016733 0.0349368
         vertex 0.0025 0.0168446 0.0351223
         vertex 0.0025 0.0177551 0.034505
      endloop
   endfacet
   facet normal -1 0 0
      outer loop
         vertex 0.0025 0.0165264 0.0343235
         vertex 0.0025 0.0176119 0.0341456
         vertex 0.0025 0.0176014 0.0340487
      endloop
   endfacet
   facet normal -1 0 0
      outer loop
         vertex 0.0025 0.0177551 0.034505
         vertex 0.0025 0.0177049 0.0344215
         vertex 0.0025 0.016733 0.0349368
      endloop
   endfacet
   facet normal -1 0 0
      outer loop
         vertex 0.0025 0.0171246 0.032548
         vertex 0.0025 0.0178811 0.0333466
         vertex 0.0025 0.0179554 0.0332835
      endloop
   endfacet
   facet normal -1 0 0
      outer loop
         vertex 0.0025 0.0171246 0.032548
         vertex 0.0025 0.0169757 0.0327052
         vertex 0.0025 0.0178141 0.0334174
      endloop
   endfacet
   facet normal -1 0 0
      outer loop
         vertex 0.0025 0.0168446 0.0328776
         vertex 0.0025 0.0177551 0.0334949
         vertex 0.0025 0.0178141 0.0334174
      endloop
   endfacet
   facet normal -1 0 0
      outer loop
         vertex 0.0025 0.0168446 0.0328776
         vertex 0.0025 0.016733 0.0330632
         vertex 0.0025 0.0177049 0.0335784
      endloop
   endfacet
   facet normal -1 0 0
      outer loop
         vertex 0.0025 0.0165729 0.0334649
         vertex 0.0025 0.0176329 0.0337592
         vertex 0.0025 0.017664 0.0336669
      endloop
   endfacet
   facet normal -1 0 0
      outer loop
         vertex 0.0025 0.0165729 0.0334649
         vertex 0.0025 0.0165264 0.0336764
         vertex 0.0025 0.0176119 0.0338544
      endloop
   endfacet
   facet normal -1 0 0
      outer loop
         vertex 0.0025 0.0176119 0.0341456
         vertex 0.0025 0.0165264 0.0343235
         vertex 0.0025 0.0165729 0.034535
      endloop
   endfacet
   facet normal -1 0 0
      outer loop
         vertex 0.0025 0.0168446 0.0351223
         vertex 0.0025 0.0169757 0.0352947
         vertex 0.0025 0.0178141 0.0345826
      endloop
   endfacet
   facet normal -1 0 0
      outer loop
         vertex 0.0025 0.0180701 0.0320467
         vertex 0.0025 0.0183066 0.0331211
         vertex 0.0025 0.0184027 0.0331053
      endloop
   endfacet
   facet normal -1 0 0
      outer loop
         vertex 0.0025 0.0180701 0.0320467
         vertex 0.0025 0.0178614 0.0321047
         vertex 0.0025 0.0182127 0.0331471
      endloop
   endfacet
   facet normal -1 0 0
      outer loop
         vertex 0.0025 0.0174689 0.0322863
         vertex 0.0025 0.018036 0.0332288
         vertex 0.0025 0.0181221 0.0331832
      endloop
   endfacet
   facet normal -1 0 0
      outer loop
         vertex 0.0025 0.0174689 0.0322863
         vertex 0.0025 0.0172897 0.0324078
         vertex 0.0025 0.0179554 0.0332835
      endloop
   endfacet
   facet normal -1 0 0
      outer loop
         vertex 0.0025 0.0178141 0.0334174
         vertex 0.0025 0.0178811 0.0333466
         vertex 0.0025 0.0171246 0.032548
      endloop
   endfacet
   facet normal -1 0 0
      outer loop
         vertex 0.0025 0.0177049 0.0335784
         vertex 0.0025 0.0177551 0.0334949
         vertex 0.0025 0.0168446 0.0328776
      endloop
   endfacet
   facet normal -1 0 0
      outer loop
         vertex 0.0025 0.0176119 0.0338544
         vertex 0.0025 0.0176329 0.0337592
         vertex 0.0025 0.0165729 0.0334649
      endloop
   endfacet
   facet normal -1 0 0
      outer loop
         vertex 0.0025 0.0165264 0.0336764
         vertex 0.0025 0.016503 0.0338917
         vertex 0.0025 0.0176014 0.0339512
      endloop
   endfacet
   facet normal -1 0 0
      outer loop
         vertex 0.0025 0.016503 0.0338917
         vertex 0.0025 0.016503 0.0341082
         vertex 0.0025 0.0176014 0.0340487
      endloop
   endfacet
   facet normal -1 0 0
      outer loop
         vertex 0.0025 0.0178141 0.0345826
         vertex 0.0025 0.0177551 0.034505
         vertex 0.0025 0.0168446 0.0351223
      endloop
   endfacet
   facet normal -1 0 0
      outer loop
         vertex 0.0025 0.01893 0.0320467
         vertex 0.0025 0.0186935 0.0331211
         vertex 0.0025 0.0187874 0.0331471
      endloop
   endfacet
   facet normal -1 0 0
      outer loop
         vertex 0.0025 0.01893 0.0320467
         vertex 0.0025 0.0187163 0.0320117
         vertex 0.0025 0.0185973 0.0331053
      endloop
   endfacet
   facet normal -1 0 0
      outer loop
         vertex 0.0025 0.0182127 0.0331471
         vertex 0.0025 0.0183066 0.0331211
         vertex 0.0025 0.0180701 0.0320467
      endloop
   endfacet
   facet normal -1 0 0
      outer loop
         vertex 0.0025 0.0178614 0.0321047
         vertex 0.0025 0.0176602 0.0321848
         vertex 0.0025 0.0181221 0.0331832
      endloop
   endfacet
   facet normal -1 0 0
      outer loop
         vertex 0.0025 0.0179554 0.0332835
         vertex 0.0025 0.018036 0.0332288
         vertex 0.0025 0.0174689 0.0322863
      endloop
   endfacet
   facet normal -1 0 0
      outer loop
         vertex 0.0025 0.0178141 0.0334174
         vertex 0.0025 0.0169757 0.0327052
         vertex 0.0025 0.0168446 0.0328776
      endloop
   endfacet
   facet normal -1 0 0
      outer loop
         vertex 0.0025 0.0176014 0.0339512
         vertex 0.0025 0.0176119 0.0338544
         vertex 0.0025 0.0165264 0.0336764
      endloop
   endfacet
   facet normal -1 0 0
      outer loop
         vertex 0.0025 0.0176014 0.0340487
         vertex 0.0025 0.016503 0.0341082
         vertex 0.0025 0.0165264 0.0343235
      endloop
   endfacet
   facet normal -1 0 0
      outer loop
         vertex 0.0025 0.01893 0.0359532
         vertex 0.0025 0.0186935 0.0348789
         vertex 0.0025 0.0185973 0.0348946
      endloop
   endfacet
   facet normal -1 0 0
      outer loop
         vertex 0.0025 0.01893 0.0359532
         vertex 0.0025 0.0191386 0.0358953
         vertex 0.0025 0.0187874 0.0348528
      endloop
   endfacet
   facet normal -1 0 0
      outer loop
         vertex 0.0025 0.0195311 0.0322863
         vertex 0.0025 0.018964 0.0332288
         vertex 0.0025 0.0190446 0.0332835
      endloop
   endfacet
   facet normal -1 0 0
      outer loop
         vertex 0.0025 0.0195311 0.0322863
         vertex 0.0025 0.0193398 0.0321848
         vertex 0.0025 0.0188779 0.0331832
      endloop
   endfacet
   facet normal -1 0 0
      outer loop
         vertex 0.0025 0.0191386 0.0321047
         vertex 0.0025 0.0187874 0.0331471
         vertex 0.0025 0.0188779 0.0331832
      endloop
   endfacet
   facet normal -1 0 0
      outer loop
         vertex 0.0025 0.0185973 0.0331053
         vertex 0.0025 0.0186935 0.0331211
         vertex 0.0025 0.01893 0.0320467
      endloop
   endfacet
   facet normal -1 0 0
      outer loop
         vertex 0.0025 0.0181221 0.0331832
         vertex 0.0025 0.0182127 0.0331471
         vertex 0.0025 0.0178614 0.0321047
      endloop
   endfacet
   facet normal -1 0 0
      outer loop
         vertex 0.0025 0.0179554 0.0332835
         vertex 0.0025 0.0172897 0.0324078
         vertex 0.0025 0.0171246 0.032548
      endloop
   endfacet
   facet normal -1 0 0
      outer loop
         vertex 0.0025 0.0166421 0.0332597
         vertex 0.0025 0.017664 0.0336669
         vertex 0.0025 0.0177049 0.0335784
      endloop
   endfacet
   facet normal -1 0 0
      outer loop
         vertex 0.0025 0.0176014 0.0340487
         vertex 0.0025 0.0176014 0.0339512
         vertex 0.0025 0.016503 0.0338917
      endloop
   endfacet
   facet normal -1 0 0
      outer loop
         vertex 0.0025 0.0187874 0.0348528
         vertex 0.0025 0.0186935 0.0348789
         vertex 0.0025 0.01893 0.0359532
      endloop
   endfacet
   facet normal -1 0 0
      outer loop
         vertex 0.0025 0.0191386 0.0358953
         vertex 0.0025 0.0193398 0.0358151
         vertex 0.0025 0.0188779 0.0348167
      endloop
   endfacet
   facet normal -1 0 0
      outer loop
         vertex 0.0025 0.0195311 0.0357137
         vertex 0.0025 0.018964 0.0347711
         vertex 0.0025 0.0188779 0.0348167
      endloop
   endfacet
   facet normal -1 0 0
      outer loop
         vertex 0.0025 0.0195311 0.0357137
         vertex 0.0025 0.0197104 0.0355922
         vertex 0.0025 0.0190446 0.0347164
      endloop
   endfacet
   facet normal -1 0 0
      outer loop
         vertex 0.0025 0.020267 0.0349368
         vertex 0.0025 0.0192951 0.0344215
         vertex 0.0025 0.0192449 0.034505
      endloop
   endfacet
   facet normal -1 0 0
      outer loop
         vertex 0.0025 0.020267 0.0349368
         vertex 0.0025 0.020358 0.0347402
         vertex 0.0025 0.019336 0.0343331
      endloop
   endfacet
   facet normal -1 0 0
      outer loop
         vertex 0.0025 0.0204271 0.034535
         vertex 0.0025 0.0193672 0.0342407
         vertex 0.0025 0.019336 0.0343331
      endloop
   endfacet
   facet normal -1 0 0
      outer loop
         vertex 0.0025 0.0204271 0.034535
         vertex 0.0025 0.0204737 0.0343235
         vertex 0.0025 0.0193881 0.0341456
      endloop
   endfacet
   facet normal -1 0 0
      outer loop
         vertex 0.0025 0.020267 0.0330632
         vertex 0.0025 0.0192951 0.0335784
         vertex 0.0025 0.019336 0.0336669
      endloop
   endfacet
   facet normal -1 0 0
      outer loop
         vertex 0.0025 0.020267 0.0330632
         vertex 0.0025 0.0201554 0.0328776
         vertex 0.0025 0.0192449 0.0334949
      endloop
   endfacet
   facet normal -1 0 0
      outer loop
         vertex 0.0025 0.0188779 0.0331832
         vertex 0.0025 0.018964 0.0332288
         vertex 0.0025 0.0195311 0.0322863
      endloop
   endfacet
   facet normal -1 0 0
      outer loop
         vertex 0.0025 0.0187874 0.0331471
         vertex 0.0025 0.0191386 0.0321047
         vertex 0.0025 0.01893 0.0320467
      endloop
   endfacet
   facet normal -1 0 0
      outer loop
         vertex 0.0025 0.0185 0.032
         vertex 0.0025 0.0185 0.0331
         vertex 0.0025 0.0185973 0.0331053
      endloop
   endfacet
   facet normal -1 0 0
      outer loop
         vertex 0.0025 0.0185 0.032
         vertex 0.0025 0.0182838 0.0320117
         vertex 0.0025 0.0184027 0.0331053
      endloop
   endfacet
   facet normal -1 0 0
      outer loop
         vertex 0.0025 0.0181221 0.0331832
         vertex 0.0025 0.0176602 0.0321848
         vertex 0.0025 0.0174689 0.0322863
      endloop
   endfacet
   facet normal -1 0 0
      outer loop
         vertex 0.0025 0.017664 0.0336669
         vertex 0.0025 0.0166421 0.0332597
         vertex 0.0025 0.0165729 0.0334649
      endloop
   endfacet
   facet normal -1 0 0
      outer loop
         vertex 0.0025 0.0171246 0.035452
         vertex 0.0025 0.0178811 0.0346533
         vertex 0.0025 0.0178141 0.0345826
      endloop
   endfacet
   facet normal -1 0 0
      outer loop
         vertex 0.0025 0.0171246 0.035452
         vertex 0.0025 0.0172897 0.0355922
         vertex 0.0025 0.0179554 0.0347164
      endloop
   endfacet
   facet normal -1 0 0
      outer loop
         vertex 0.0025 0.0180701 0.0359532
         vertex 0.0025 0.0183066 0.0348789
         vertex 0.0025 0.0182127 0.0348528
      endloop
   endfacet
   facet normal -1 0 0
      outer loop
         vertex 0.0025 0.0180701 0.0359532
         vertex 0.0025 0.0182838 0.0359882
         vertex 0.0025 0.0184027 0.0348946
      endloop
   endfacet
   facet normal -1 0 0
      outer loop
         vertex 0.0025 0.0188779 0.0348167
         vertex 0.0025 0.0187874 0.0348528
         vertex 0.0025 0.0191386 0.0358953
      endloop
   endfacet
   facet normal -1 0 0
      outer loop
         vertex 0.0025 0.0190446 0.0347164
         vertex 0.0025 0.018964 0.0347711
         vertex 0.0025 0.0195311 0.0357137
      endloop
   endfacet
   facet normal -1 0 0
      outer loop
         vertex 0.0025 0.0198754 0.035452
         vertex 0.0025 0.0191189 0.0346533
         vertex 0.0025 0.0190446 0.0347164
      endloop
   endfacet
   facet normal -1 0 0
      outer loop
         vertex 0.0025 0.0198754 0.035452
         vertex 0.0025 0.0200243 0.0352947
         vertex 0.0025 0.0191859 0.0345826
      endloop
   endfacet
   facet normal -1 0 0
      outer loop
         vertex 0.0025 0.0201554 0.0351223
         vertex 0.0025 0.0192449 0.034505
         vertex 0.0025 0.0191859 0.0345826
      endloop
   endfacet
   facet normal -1 0 0
      outer loop
         vertex 0.0025 0.019336 0.0343331
         vertex 0.0025 0.0192951 0.0344215
         vertex 0.0025 0.020267 0.0349368
      endloop
   endfacet
   facet normal -1 0 0
      outer loop
         vertex 0.0025 0.0193881 0.0341456
         vertex 0.0025 0.0193672 0.0342407
         vertex 0.0025 0.0204271 0.034535
      endloop
   endfacet
   facet normal -1 0 0
      outer loop
         vertex 0.0025 0.0204737 0.0343235
         vertex 0.0025 0.0204971 0.0341082
         vertex 0.0025 0.0193986 0.0340487
      endloop
   endfacet
   facet normal -1 0 0
      outer loop
         vertex 0.0025 0.0204271 0.0334649
         vertex 0.0025 0.0193672 0.0337592
         vertex 0.0025 0.0193881 0.0338544
      endloop
   endfacet
   facet normal -1 0 0
      outer loop
         vertex 0.0025 0.0204271 0.0334649
         vertex 0.0025 0.020358 0.0332597
         vertex 0.0025 0.019336 0.0336669
      endloop
   endfacet
   facet normal -1 0 0
      outer loop
         vertex 0.0025 0.0192449 0.0334949
         vertex 0.0025 0.0192951 0.0335784
         vertex 0.0025 0.020267 0.0330632
      endloop
   endfacet
   facet normal -1 0 0
      outer loop
         vertex 0.0025 0.0201554 0.0328776
         vertex 0.0025 0.0200243 0.0327052
         vertex 0.0025 0.0191859 0.0334174
      endloop
   endfacet
   facet normal -1 0 0
      outer loop
         vertex 0.0025 0.0198754 0.032548
         vertex 0.0025 0.0191189 0.0333466
         vertex 0.0025 0.0191859 0.0334174
      endloop
   endfacet
   facet normal -1 0 0
      outer loop
         vertex 0.0025 0.0198754 0.032548
         vertex 0.0025 0.0197104 0.0324078
         vertex 0.0025 0.0190446 0.0332835
      endloop
   endfacet
   facet normal -1 0 0
      outer loop
         vertex 0.0025 0.0188779 0.0331832
         vertex 0.0025 0.0193398 0.0321848
         vertex 0.0025 0.0191386 0.0321047
      endloop
   endfacet
   facet normal -1 0 0
      outer loop
         vertex 0.0025 0.0184027 0.0331053
         vertex 0.0025 0.0185 0.0331
         vertex 0.0025 0.0185 0.032
      endloop
   endfacet
   facet normal -1 0 0
      outer loop
         vertex 0.0025 0.0177049 0.0335784
         vertex 0.0025 0.016733 0.0330632
         vertex 0.0025 0.0166421 0.0332597
      endloop
   endfacet
   facet normal -1 0 0
      outer loop
         vertex 0.0025 0.0179554 0.0347164
         vertex 0.0025 0.0178811 0.0346533
         vertex 0.0025 0.0171246 0.035452
      endloop
   endfacet
   facet normal -1 0 0
      outer loop
         vertex 0.0025 0.0174689 0.0357137
         vertex 0.0025 0.018036 0.0347711
         vertex 0.0025 0.0179554 0.0347164
      endloop
   endfacet
   facet normal -1 0 0
      outer loop
         vertex 0.0025 0.0174689 0.0357137
         vertex 0.0025 0.0176602 0.0358151
         vertex 0.0025 0.0181221 0.0348167
      endloop
   endfacet
   facet normal -1 0 0
      outer loop
         vertex 0.0025 0.0178614 0.0358953
         vertex 0.0025 0.0182127 0.0348528
         vertex 0.0025 0.0181221 0.0348167
      endloop
   endfacet
   facet normal -1 0 0
      outer loop
         vertex 0.0025 0.0184027 0.0348946
         vertex 0.0025 0.0183066 0.0348789
         vertex 0.0025 0.0180701 0.0359532
      endloop
   endfacet
   facet normal -1 0 0
      outer loop
         vertex 0.0025 0.0185 0.036
         vertex 0.0025 0.0187163 0.0359882
         vertex 0.0025 0.0185973 0.0348946
      endloop
   endfacet
   facet normal -1 0 0
      outer loop
         vertex 0.0025 0.0188779 0.0348167
         vertex 0.0025 0.0193398 0.0358151
         vertex 0.0025 0.0195311 0.0357137
      endloop
   endfacet
   facet normal -1 0 0
      outer loop
         vertex 0.0025 0.0191859 0.0345826
         vertex 0.0025 0.0191189 0.0346533
         vertex 0.0025 0.0198754 0.035452
      endloop
   endfacet
   facet normal -1 0 0
      outer loop
         vertex 0.0025 0.0192449 0.034505
         vertex 0.0025 0.0201554 0.0351223
         vertex 0.0025 0.020267 0.0349368
      endloop
   endfacet
   facet normal -1 0 0
      outer loop
         vertex 0.0025 0.0193986 0.0340487
         vertex 0.0025 0.0193881 0.0341456
         vertex 0.0025 0.0204737 0.0343235
      endloop
   endfacet
   facet normal -1 0 0
      outer loop
         vertex 0.0025 0.0204971 0.0341082
         vertex 0.0025 0.0204971 0.0338917
         vertex 0.0025 0.0193986 0.0339512
      endloop
   endfacet
   facet normal -1 0 0
      outer loop
         vertex 0.0025 0.0204737 0.0336764
         vertex 0.0025 0.0193881 0.0338544
         vertex 0.0025 0.0193986 0.0339512
      endloop
   endfacet
   facet normal -1 0 0
      outer loop
         vertex 0.0025 0.019336 0.0336669
         vertex 0.0025 0.0193672 0.0337592
         vertex 0.0025 0.0204271 0.0334649
      endloop
   endfacet
   facet normal -1 0 0
      outer loop
         vertex 0.0025 0.0191859 0.0334174
         vertex 0.0025 0.0192449 0.0334949
         vertex 0.0025 0.0201554 0.0328776
      endloop
   endfacet
   facet normal -1 0 0
      outer loop
         vertex 0.0025 0.0190446 0.0332835
         vertex 0.0025 0.0191189 0.0333466
         vertex 0.0025 0.0198754 0.032548
      endloop
   endfacet
   facet normal -1 0 0
      outer loop
         vertex 0.0025 0.0185973 0.0331053
         vertex 0.0025 0.0187163 0.0320117
         vertex 0.0025 0.0185 0.032
      endloop
   endfacet
   facet normal -1 0 0
      outer loop
         vertex 0.0025 0.0178141 0.0345826
         vertex 0.0025 0.0169757 0.0352947
         vertex 0.0025 0.0171246 0.035452
      endloop
   endfacet
   facet normal -1 0 0
      outer loop
         vertex 0.0025 0.0181221 0.0348167
         vertex 0.0025 0.018036 0.0347711
         vertex 0.0025 0.0174689 0.0357137
      endloop
   endfacet
   facet normal -1 0 0
      outer loop
         vertex 0.0025 0.0182127 0.0348528
         vertex 0.0025 0.0178614 0.0358953
         vertex 0.0025 0.0180701 0.0359532
      endloop
   endfacet
   facet normal -1 0 0
      outer loop
         vertex 0.0025 0.0185973 0.0348946
         vertex 0.0025 0.0187163 0.0359882
         vertex 0.0025 0.01893 0.0359532
      endloop
   endfacet
   facet normal -1 0 0
      outer loop
         vertex 0.0025 0.0191859 0.0345826
         vertex 0.0025 0.0200243 0.0352947
         vertex 0.0025 0.0201554 0.0351223
      endloop
   endfacet
   facet normal -1 0 0
      outer loop
         vertex 0.0025 0.0193986 0.0339512
         vertex 0.0025 0.0193986 0.0340487
         vertex 0.0025 0.0204971 0.0341082
      endloop
   endfacet
   facet normal -1 0 0
      outer loop
         vertex 0.0025 0.0193881 0.0338544
         vertex 0.0025 0.0204737 0.0336764
         vertex 0.0025 0.0204271 0.0334649
      endloop
   endfacet
   facet normal -1 0 0
      outer loop
         vertex 0.0025 0.0191859 0.0334174
         vertex 0.0025 0.0200243 0.0327052
         vertex 0.0025 0.0198754 0.032548
      endloop
   endfacet
   facet normal -1 0 0
      outer loop
         vertex 0.0025 0.0184027 0.0331053
         vertex 0.0025 0.0182838 0.0320117
         vertex 0.0025 0.0180701 0.0320467
      endloop
   endfacet
   facet normal -1 0 0
      outer loop
         vertex 0.0025 0.0181221 0.0348167
         vertex 0.0025 0.0176602 0.0358151
         vertex 0.0025 0.0178614 0.0358953
      endloop
   endfacet
   facet normal -1 0 0
      outer loop
         vertex 0.0025 0.0185 0.036
         vertex 0.0025 0.0185 0.0348999
         vertex 0.0025 0.0184027 0.0348946
      endloop
   endfacet
   facet normal -1 0 0
      outer loop
         vertex 0.0025 0.0190446 0.0347164
         vertex 0.0025 0.0197104 0.0355922
         vertex 0.0025 0.0198754 0.035452
      endloop
   endfacet
   facet normal -1 0 0
      outer loop
         vertex 0.0025 0.0193986 0.0339512
         vertex 0.0025 0.0204971 0.0338917
         vertex 0.0025 0.0204737 0.0336764
      endloop
   endfacet
   facet normal -1 0 0
      outer loop
         vertex 0.0025 0.0190446 0.0332835
         vertex 0.0025 0.0197104 0.0324078
         vertex 0.0025 0.0195311 0.0322863
      endloop
   endfacet
   facet normal -1 0 0
      outer loop
         vertex 0.0025 0.0184027 0.0348946
         vertex 0.0025 0.0182838 0.0359882
         vertex 0.0025 0.0185 0.036
      endloop
   endfacet
   facet normal -1 0 0
      outer loop
         vertex 0.0025 0.019336 0.0343331
         vertex 0.0025 0.020358 0.0347402
         vertex 0.0025 0.0204271 0.034535
      endloop
   endfacet
   facet normal -1 0 0
      outer loop
         vertex 0.0025 0.0179554 0.0347164
         vertex 0.0025 0.0172897 0.0355922
         vertex 0.0025 0.0174689 0.0357137
      endloop
   endfacet
   facet normal -1 0 0
      outer loop
         vertex 0.0025 0.019336 0.0336669
         vertex 0.0025 0.020358 0.0332597
         vertex 0.0025 0.020267 0.0330632
      endloop
   endfacet
   facet normal -1 0 0
      outer loop
         vertex 0.0025 0.0185973 0.0348946
         vertex 0.0025 0.0185 0.0348999
         vertex 0.0025 0.0185 0.036
      endloop
   endfacet
   facet normal 0 0.108119 -0.994138
      outer loop
         vertex 0 0.0182838 0.0359882
         vertex 0 0.0185 0.036
         vertex 0.0025 0.0185 0.036
      endloop
   endfacet
   facet normal 0 0.21497 -0.976621
      outer loop
         vertex 0 0.0180701 0.0359532
         vertex 0 0.0182838 0.0359882
         vertex 0.0025 0.0182838 0.0359882
      endloop
   endfacet
   facet normal 0 0.319302 -0.947653
      outer loop
         vertex 0 0.0178614 0.0358953
         vertex 0 0.0180701 0.0359532
         vertex 0.0025 0.0180701 0.0359532
      endloop
   endfacet
   facet normal 0 0.419889 -0.907575
      outer loop
         vertex 0 0.0176602 0.0358151
         vertex 0 0.0178614 0.0358953
         vertex 0.0025 0.0178614 0.0358953
      endloop
   endfacet
   facet normal 0 0.515554 -0.856857
      outer loop
         vertex 0 0.0174689 0.0357137
         vertex 0 0.0176602 0.0358151
         vertex 0.0025 0.0176602 0.0358151
      endloop
   endfacet
   facet normal 0 0.605174 -0.796093
      outer loop
         vertex 0 0.0172897 0.0355922
         vertex 0 0.0174689 0.0357137
         vertex 0.0025 0.0174689 0.0357137
      endloop
   endfacet
   facet normal 0 0.687699 -0.725995
      outer loop
         vertex 0 0.0171246 0.035452
         vertex 0 0.0172897 0.0355922
         vertex 0.0025 0.0172897 0.0355922
      endloop
   endfacet
   facet normal 0 0.762162 -0.647386
      outer loop
         vertex 0 0.0169757 0.0352947
         vertex 0 0.0171246 0.035452
         vertex 0.0025 0.0171246 0.035452
      endloop
   endfacet
   facet normal 0 0.827689 -0.561187
      outer loop
         vertex 0 0.0168446 0.0351223
         vertex 0 0.0169757 0.0352947
         vertex 0.0025 0.0169757 0.0352947
      endloop
   endfacet
   facet normal 0 0.883512 -0.468408
      outer loop
         vertex 0 0.016733 0.0349368
         vertex 0 0.0168446 0.0351223
         vertex 0.0025 0.0168446 0.0351223
      endloop
   endfacet
   facet normal 0 0.928977 -0.370138
      outer loop
         vertex 0 0.0166421 0.0347402
         vertex 0 0.016733 0.0349368
         vertex 0.0025 0.016733 0.0349368
      endloop
   endfacet
   facet normal 0 0.96355 -0.267528
      outer loop
         vertex 0 0.0165729 0.034535
         vertex 0 0.0166421 0.0347402
         vertex 0.0025 0.0166421 0.0347402
      endloop
   endfacet
   facet normal 0 0.986827 -0.161782
      outer loop
         vertex 0 0.0165264 0.0343235
         vertex 0 0.0165729 0.034535
         vertex 0.0025 0.0165729 0.034535
      endloop
   endfacet
   facet normal 0 0.998533 -0.0541389
      outer loop
         vertex 0 0.016503 0.0341082
         vertex 0 0.0165264 0.0343235
         vertex 0.0025 0.0165264 0.0343235
      endloop
   endfacet
   facet normal 0 0.998533 0.0541389
      outer loop
         vertex 0 0.016503 0.0338917
         vertex 0 0.016503 0.0341082
         vertex 0.0025 0.016503 0.0341082
      endloop
   endfacet
   facet normal 0 0.986827 0.161782
      outer loop
         vertex 0 0.0165264 0.0336764
         vertex 0 0.016503 0.0338917
         vertex 0.0025 0.016503 0.0338917
      endloop
   endfacet
   facet normal 0 0.96355 0.267528
      outer loop
         vertex 0 0.0165729 0.0334649
         vertex 0 0.0165264 0.0336764
         vertex 0.0025 0.0165264 0.0336764
      endloop
   endfacet
   facet normal 0 0.928977 0.370138
      outer loop
         vertex 0 0.0166421 0.0332597
         vertex 0 0.0165729 0.0334649
         vertex 0.0025 0.0165729 0.0334649
      endloop
   endfacet
   facet normal 0 0.883512 0.468408
      outer loop
         vertex 0 0.016733 0.0330632
         vertex 0 0.0166421 0.0332597
         vertex 0.0025 0.0166421 0.0332597
      endloop
   endfacet
   facet normal 0 0.827689 0.561187
      outer loop
         vertex 0 0.0168446 0.0328776
         vertex 0 0.016733 0.0330632
         vertex 0.0025 0.016733 0.0330632
      endloop
   endfacet
   facet normal 0 0.762162 0.647386
      outer loop
         vertex 0 0.0169757 0.0327052
         vertex 0 0.0168446 0.0328776
         vertex 0.0025 0.0168446 0.0328776
      endloop
   endfacet
   facet normal 0 0.687699 0.725995
      outer loop
         vertex 0 0.0171246 0.032548
         vertex 0 0.0169757 0.0327052
         vertex 0.0025 0.0169757 0.0327052
      endloop
   endfacet
   facet normal 0 0.605174 0.796093
      outer loop
         vertex 0 0.0172897 0.0324078
         vertex 0 0.0171246 0.032548
         vertex 0.0025 0.0171246 0.032548
      endloop
   endfacet
   facet normal 0 0.515554 0.856857
      outer loop
         vertex 0 0.0174689 0.0322863
         vertex 0 0.0172897 0.0324078
         vertex 0.0025 0.0172897 0.0324078
      endloop
   endfacet
   facet normal 0 0.419889 0.907575
      outer loop
         vertex 0 0.0176602 0.0321848
         vertex 0 0.0174689 0.0322863
         vertex 0.0025 0.0174689 0.0322863
      endloop
   endfacet
   facet normal 0 0.319302 0.947653
      outer loop
         vertex 0 0.0178614 0.0321047
         vertex 0 0.0176602 0.0321848
         vertex 0.0025 0.0176602 0.0321848
      endloop
   endfacet
   facet normal 0 0.21497 0.976621
      outer loop
         vertex 0 0.0180701 0.0320467
         vertex 0 0.0178614 0.0321047
         vertex 0.0025 0.0178614 0.0321047
      endloop
   endfacet
   facet normal 0 0.108119 0.994138
      outer loop
         vertex 0 0.0182838 0.0320117
         vertex 0 0.0180701 0.0320467
         vertex 0.0025 0.0180701 0.0320467
      endloop
   endfacet
   facet normal 0 -1.22465e-16 1
      outer loop
         vertex 0 0.0185 0.032
         vertex 0 0.0182838 0.0320117
         vertex 0.0025 0.0182838 0.0320117
      endloop
   endfacet
   facet normal 0 -0.108119 0.994138
      outer loop
         vertex 0 0.0187163 0.0320117
         vertex 0 0.0185 0.032
         vertex 0.0025 0.0185 0.032
      endloop
   endfacet
   facet normal 0 -0.21497 0.976621
      outer loop
         vertex 0 0.01893 0.0320467
         vertex 0 0.0187163 0.0320117
         vertex 0.0025 0.0187163 0.0320117
      endloop
   endfacet
   facet normal 0 -0.319302 0.947653
      outer loop
         vertex 0 0.0191386 0.0321047
         vertex 0 0.01893 0.0320467
         vertex 0.0025 0.01893 0.0320467
      endloop
   endfacet
   facet normal 0 -0.419889 0.907575
      outer loop
         vertex 0 0.0193398 0.0321848
         vertex 0 0.0191386 0.0321047
         vertex 0.0025 0.0191386 0.0321047
      endloop
   endfacet
   facet normal 0 -0.515554 0.856857
      outer loop
         vertex 0 0.0195311 0.0322863
         vertex 0 0.0193398 0.0321848
         vertex 0.0025 0.0193398 0.0321848
      endloop
   endfacet
   facet normal 0 -0.605174 0.796093
      outer loop
         vertex 0 0.0197104 0.0324078
         vertex 0 0.0195311 0.0322863
         vertex 0.0025 0.0195311 0.0322863
      endloop
   endfacet
   facet normal 0 -0.687699 0.725995
      outer loop
         vertex 0 0.0198754 0.032548
         vertex 0 0.0197104 0.0324078
         vertex 0.0025 0.0197104 0.0324078
      endloop
   endfacet
   facet normal 0 -0.762162 0.647386
      outer loop
         vertex 0 0.0200243 0.0327052
         vertex 0 0.0198754 0.032548
         vertex 0.0025 0.0198754 0.032548
      endloop
   endfacet
   facet normal 0 -0.827689 0.561187
      outer loop
         vertex 0 0.0201554 0.0328776
         vertex 0 0.0200243 0.0327052
         vertex 0.0025 0.0200243 0.0327052
      endloop
   endfacet
   facet normal 0 -0.883512 0.468408
      outer loop
         vertex 0 0.020267 0.0330632
         vertex 0 0.0201554 0.0328776
         vertex 0.0025 0.0201554 0.0328776
      endloop
   endfacet
   facet normal 0 -0.928977 0.370138
      outer loop
         vertex 0 0.020358 0.0332597
         vertex 0 0.020267 0.0330632
         vertex 0.0025 0.020267 0.0330632
      endloop
   endfacet
   facet normal 0 -0.96355 0.267528
      outer loop
         vertex 0 0.0204271 0.0334649
         vertex 0 0.020358 0.0332597
         vertex 0.0025 0.020358 0.0332597
      endloop
   endfacet
   facet normal 0 -0.986827 0.161782
      outer loop
         vertex 0 0.0204737 0.0336764
         vertex 0 0.0204271 0.0334649
         vertex 0.0025 0.0204271 0.0334649
      endloop
   endfacet
   facet normal 0 -0.998533 0.0541389
      outer loop
         vertex 0 0.0204971 0.0338917
         vertex 0 0.0204737 0.0336764
         vertex 0.0025 0.0204737 0.0336764
      endloop
   endfacet
   facet normal 0 -0.998533 -0.0541389
      outer loop
         vertex 0 0.0204971 0.0341082
         vertex 0 0.0204971 0.0338917
         vertex 0.0025 0.0204971 0.0338917
      endloop
   endfacet
   facet normal 0 -0.986827 -0.161782
      outer loop
         vertex 0 0.0204737 0.0343235
         vertex 0 0.0204971 0.0341082
         vertex 0.0025 0.0204971 0.0341082
      endloop
   endfacet
   facet normal 0 -0.96355 -0.267528
      outer loop
         vertex 0 0.0204271 0.034535
         vertex 0 0.0204737 0.0343235
         vertex 0.0025 0.0204737 0.0343235
      endloop
   endfacet
   facet normal 0 -0.928977 -0.370138
      outer loop
         vertex 0 0.020358 0.0347402
         vertex 0 0.0204271 0.034535
         vertex 0.0025 0.0204271 0.034535
      endloop
   endfacet
   facet normal 0 -0.883512 -0.468408
      outer loop
         vertex 0 0.020267 0.0349368
         vertex 0 0.020358 0.0347402
         vertex 0.0025 0.020358 0.0347402
      endloop
   endfacet
   facet normal 0 -0.827689 -0.561187
      outer loop
         vertex 0 0.0201554 0.0351223
         vertex 0 0.020267 0.0349368
         vertex 0.0025 0.020267 0.0349368
      endloop
   endfacet
   facet normal 0 -0.762162 -0.647386
      outer loop
         vertex 0 0.0200243 0.0352947
         vertex 0 0.0201554 0.0351223
         vertex 0.0025 0.0201554 0.0351223
      endloop
   endfacet
   facet normal 0 -0.687699 -0.725995
      outer loop
         vertex 0 0.0198754 0.035452
         vertex 0 0.0200243 0.0352947
         vertex 0.0025 0.0200243 0.0352947
      endloop
   endfacet
   facet normal 0 -0.605174 -0.796093
      outer loop
         vertex 0 0.0197104 0.0355922
         vertex 0 0.0198754 0.035452
         vertex 0.0025 0.0198754 0.035452
      endloop
   endfacet
   facet normal 0 -0.515554 -0.856857
      outer loop
         vertex 0 0.0195311 0.0357137
         vertex 0 0.0197104 0.0355922
         vertex 0.0025 0.0197104 0.0355922
      endloop
   endfacet
   facet normal 0 -0.419889 -0.907575
      outer loop
         vertex 0 0.0193398 0.0358151
         vertex 0 0.0195311 0.0357137
         vertex 0.0025 0.0195311 0.0357137
      endloop
   endfacet
   facet normal 0 -0.319302 -0.947653
      outer loop
         vertex 0 0.0191386 0.0358953
         vertex 0 0.0193398 0.0358151
         vertex 0.0025 0.0193398 0.0358151
      endloop
   endfacet
   facet normal 0 -0.21497 -0.976621
      outer loop
         vertex 0 0.01893 0.0359532
         vertex 0 0.0191386 0.0358953
         vertex 0.0025 0.0191386 0.0358953
      endloop
   endfacet
   facet normal 0 -0.108119 -0.994138
      outer loop
         vertex 0 0.0187163 0.0359882
         vertex 0 0.01893 0.0359532
         vertex 0.0025 0.01893 0.0359532
      endloop
   endfacet
   facet normal 0 0 -1
      outer loop
         vertex 0 0.0185 0.036
         vertex 0 0.0187163 0.0359882
         vertex 0.0025 0.0187163 0.0359882
      endloop
   endfacet
   facet normal 0 -0.108119 -0.994138
      outer loop
         vertex 0.0025 0.0187163 0.0359882
         vertex 0.0025 0.0185 0.036
         vertex 0 0.0185 0.036
      endloop
   endfacet
   facet normal 0 -0.21497 -0.976621
      outer loop
         vertex 0.0025 0.01893 0.0359532
         vertex 0.0025 0.0187163 0.0359882
         vertex 0 0.0187163 0.0359882
      endloop
   endfacet
   facet normal 0 -0.319302 -0.947653
      outer loop
         vertex 0.0025 0.0191386 0.0358953
         vertex 0.0025 0.01893 0.0359532
         vertex 0 0.01893 0.0359532
      endloop
   endfacet
   facet normal 0 -0.419889 -0.907575
      outer loop
         vertex 0.0025 0.0193398 0.0358151
         vertex 0.0025 0.0191386 0.0358953
         vertex 0 0.0191386 0.0358953
      endloop
   endfacet
   facet normal 0 -0.515554 -0.856857
      outer loop
         vertex 0.0025 0.0195311 0.0357137
         vertex 0.0025 0.0193398 0.0358151
         vertex 0 0.0193398 0.0358151
      endloop
   endfacet
   facet normal 0 -0.605174 -0.796093
      outer loop
         vertex 0.0025 0.0197104 0.0355922
         vertex 0.0025 0.0195311 0.0357137
         vertex 0 0.0195311 0.0357137
      endloop
   endfacet
   facet normal 0 -0.687699 -0.725995
      outer loop
         vertex 0.0025 0.0198754 0.035452
         vertex 0.0025 0.0197104 0.0355922
         vertex 0 0.0197104 0.0355922
      endloop
   endfacet
   facet normal 0 -0.762162 -0.647386
      outer loop
         vertex 0.0025 0.0200243 0.0352947
         vertex 0.0025 0.0198754 0.035452
         vertex 0 0.0198754 0.035452
      endloop
   endfacet
   facet normal 0 -0.827689 -0.561187
      outer loop
         vertex 0.0025 0.0201554 0.0351223
         vertex 0.0025 0.0200243 0.0352947
         vertex 0 0.0200243 0.0352947
      endloop
   endfacet
   facet normal 0 -0.883512 -0.468408
      outer loop
         vertex 0.0025 0.020267 0.0349368
         vertex 0.0025 0.0201554 0.0351223
         vertex 0 0.0201554 0.0351223
      endloop
   endfacet
   facet normal 0 -0.928977 -0.370138
      outer loop
         vertex 0.0025 0.020358 0.0347402
         vertex 0.0025 0.020267 0.0349368
         vertex 0 0.020267 0.0349368
      endloop
   endfacet
   facet normal 0 -0.96355 -0.267528
      outer loop
         vertex 0.0025 0.0204271 0.034535
         vertex 0.0025 0.020358 0.0347402
         vertex 0 0.020358 0.0347402
      endloop
   endfacet
   facet normal 0 -0.986827 -0.161782
      outer loop
         vertex 0.0025 0.0204737 0.0343235
         vertex 0.0025 0.0204271 0.034535
         vertex 0 0.0204271 0.034535
      endloop
   endfacet
   facet normal 0 -0.998533 -0.0541389
      outer loop
         vertex 0.0025 0.0204971 0.0341082
         vertex 0.0025 0.0204737 0.0343235
         vertex 0 0.0204737 0.0343235
      endloop
   endfacet
   facet normal 0 -0.998533 0.0541389
      outer loop
         vertex 0.0025 0.0204971 0.0338917
         vertex 0.0025 0.0204971 0.0341082
         vertex 0 0.0204971 0.0341082
      endloop
   endfacet
   facet normal 0 -0.986827 0.161782
      outer loop
         vertex 0.0025 0.0204737 0.0336764
         vertex 0.0025 0.0204971 0.0338917
         vertex 0 0.0204971 0.0338917
      endloop
   endfacet
   facet normal 0 -0.96355 0.267528
      outer loop
         vertex 0.0025 0.0204271 0.0334649
         vertex 0.0025 0.0204737 0.0336764
         vertex 0 0.0204737 0.0336764
      endloop
   endfacet
   facet normal 0 -0.928977 0.370138
      outer loop
         vertex 0.0025 0.020358 0.0332597
         vertex 0.0025 0.0204271 0.0334649
         vertex 0 0.0204271 0.0334649
      endloop
   endfacet
   facet normal 0 -0.883512 0.468408
      outer loop
         vertex 0.0025 0.020267 0.0330632
         vertex 0.0025 0.020358 0.0332597
         vertex 0 0.020358 0.0332597
      endloop
   endfacet
   facet normal 0 -0.827689 0.561187
      outer loop
         vertex 0.0025 0.0201554 0.0328776
         vertex 0.0025 0.020267 0.0330632
         vertex 0 0.020267 0.0330632
      endloop
   endfacet
   facet normal 0 -0.762162 0.647386
      outer loop
         vertex 0.0025 0.0200243 0.0327052
         vertex 0.0025 0.0201554 0.0328776
         vertex 0 0.0201554 0.0328776
      endloop
   endfacet
   facet normal 0 -0.687699 0.725995
      outer loop
         vertex 0.0025 0.0198754 0.032548
         vertex 0.0025 0.0200243 0.0327052
         vertex 0 0.0200243 0.0327052
      endloop
   endfacet
   facet normal 0 -0.605174 0.796093
      outer loop
         vertex 0.0025 0.0197104 0.0324078
         vertex 0.0025 0.0198754 0.032548
         vertex 0 0.0198754 0.032548
      endloop
   endfacet
   facet normal 0 -0.515554 0.856857
      outer loop
         vertex 0.0025 0.0195311 0.0322863
         vertex 0.0025 0.0197104 0.0324078
         vertex 0 0.0197104 0.0324078
      endloop
   endfacet
   facet normal 0 -0.419889 0.907575
      outer loop
         vertex 0.0025 0.0193398 0.0321848
         vertex 0.0025 0.0195311 0.0322863
         vertex 0 0.0195311 0.0322863
      endloop
   endfacet
   facet normal 0 -0.319302 0.947653
      outer loop
         vertex 0.0025 0.0191386 0.0321047
         vertex 0.0025 0.0193398 0.0321848
         vertex 0 0.0193398 0.0321848
      endloop
   endfacet
   facet normal 0 -0.21497 0.976621
      outer loop
         vertex 0.0025 0.01893 0.0320467
         vertex 0.0025 0.0191386 0.0321047
         vertex 0 0.0191386 0.0321047
      endloop
   endfacet
   facet normal 0 -0.108119 0.994138
      outer loop
         vertex 0.0025 0.0187163 0.0320117
         vertex 0.0025 0.01893 0.0320467
         vertex 0 0.01893 0.0320467
      endloop
   endfacet
   facet normal 0 -1.22465e-16 1
      outer loop
         vertex 0.0025 0.0185 0.032
         vertex 0.0025 0.0187163 0.0320117
         vertex 0 0.0187163 0.0320117
      endloop
   endfacet
   facet normal 0 0.108119 0.994138
      outer loop
         vertex 0.0025 0.0182838 0.0320117
         vertex 0.0025 0.0185 0.032
         vertex 0 0.0185 0.032
      endloop
   endfacet
   facet normal 0 0.21497 0.976621
      outer loop
         vertex 0.0025 0.0180701 0.0320467
         vertex 0.0025 0.0182838 0.0320117
         vertex 0 0.0182838 0.0320117
      endloop
   endfacet
   facet normal 0 0.319302 0.947653
      outer loop
         vertex 0.0025 0.0178614 0.0321047
         vertex 0.0025 0.0180701 0.0320467
         vertex 0 0.0180701 0.0320467
      endloop
   endfacet
   facet normal 0 0.419889 0.907575
      outer loop
         vertex 0.0025 0.0176602 0.0321848
         vertex 0.0025 0.0178614 0.0321047
         vertex 0 0.0178614 0.0321047
      endloop
   endfacet
   facet normal 0 0.515554 0.856857
      outer loop
         vertex 0.0025 0.0174689 0.0322863
         vertex 0.0025 0.0176602 0.0321848
         vertex 0 0.0176602 0.0321848
      endloop
   endfacet
   facet normal 0 0.605174 0.796093
      outer loop
         vertex 0.0025 0.0172897 0.0324078
         vertex 0.0025 0.0174689 0.0322863
         vertex 0 0.0174689 0.0322863
      endloop
   endfacet
   facet normal 0 0.687699 0.725995
      outer loop
         vertex 0.0025 0.0171246 0.032548
         vertex 0.0025 0.0172897 0.0324078
         vertex 0 0.0172897 0.0324078
      endloop
   endfacet
   facet normal 0 0.762162 0.647386
      outer loop
         vertex 0.0025 0.0169757 0.0327052
         vertex 0.0025 0.0171246 0.032548
         vertex 0 0.0171246 0.032548
      endloop
   endfacet
   facet normal 0 0.827689 0.561187
      outer loop
         vertex 0.0025 0.0168446 0.0328776
         vertex 0.0025 0.0169757 0.0327052
         vertex 0 0.0169757 0.0327052
      endloop
   endfacet
   facet normal 0 0.883512 0.468408
      outer loop
         vertex 0.0025 0.016733 0.0330632
         vertex 0.0025 0.0168446 0.0328776
         vertex 0 0.0168446 0.0328776
      endloop
   endfacet
   facet normal 0 0.928977 0.370138
      outer loop
         vertex 0.0025 0.0166421 0.0332597
         vertex 0.0025 0.016733 0.0330632
         vertex 0 0.016733 0.0330632
      endloop
   endfacet
   facet normal 0 0.96355 0.267528
      outer loop
         vertex 0.0025 0.0165729 0.0334649
         vertex 0.0025 0.0166421 0.0332597
         vertex 0 0.0166421 0.0332597
      endloop
   endfacet
   facet normal 0 0.986827 0.161782
      outer loop
         vertex 0.0025 0.0165264 0.0336764
         vertex 0.0025 0.0165729 0.0334649
         vertex 0 0.0165729 0.0334649
      endloop
   endfacet
   facet normal 0 0.998533 0.0541389
      outer loop
         vertex 0.0025 0.016503 0.0338917
         vertex 0.0025 0.0165264 0.0336764
         vertex 0 0.0165264 0.0336764
      endloop
   endfacet
   facet normal 0 0.998533 -0.0541389
      outer loop
         vertex 0.0025 0.016503 0.0341082
         vertex 0.0025 0.016503 0.0338917
         vertex 0 0.016503 0.0338917
      endloop
   endfacet
   facet normal 0 0.986827 -0.161782
      outer loop
         vertex 0.0025 0.0165264 0.0343235
         vertex 0.0025 0.016503 0.0341082
         vertex 0 0.016503 0.0341082
      endloop
   endfacet
   facet normal 0 0.96355 -0.267528
      outer loop
         vertex 0.0025 0.0165729 0.034535
         vertex 0.0025 0.0165264 0.0343235
         vertex 0 0.0165264 0.0343235
      endloop
   endfacet
   facet normal 0 0.928977 -0.370138
      outer loop
         vertex 0.0025 0.0166421 0.0347402
         vertex 0.0025 0.0165729 0.034535
         vertex 0 0.0165729 0.034535
      endloop
   endfacet
   facet normal 0 0.883512 -0.468408
      outer loop
         vertex 0.0025 0.016733 0.0349368
         vertex 0.0025 0.0166421 0.0347402
         vertex 0 0.0166421 0.0347402
      endloop
   endfacet
   facet normal 0 0.827689 -0.561187
      outer loop
         vertex 0.0025 0.0168446 0.0351223
         vertex 0.0025 0.016733 0.0349368
         vertex 0 0.016733 0.0349368
      endloop
   endfacet
   facet normal 0 0.762162 -0.647386
      outer loop
         vertex 0.0025 0.0169757 0.0352947
         vertex 0.0025 0.0168446 0.0351223
         vertex 0 0.0168446 0.0351223
      endloop
   endfacet
   facet normal 0 0.687699 -0.725995
      outer loop
         vertex 0.0025 0.0171246 0.035452
         vertex 0.0025 0.0169757 0.0352947
         vertex 0 0.0169757 0.0352947
      endloop
   endfacet
   facet normal 0 0.605174 -0.796093
      outer loop
         vertex 0.0025 0.0172897 0.0355922
         vertex 0.0025 0.0171246 0.035452
         vertex 0 0.0171246 0.035452
      endloop
   endfacet
   facet normal 0 0.515554 -0.856857
      outer loop
         vertex 0.0025 0.0174689 0.0357137
         vertex 0.0025 0.0172897 0.0355922
         vertex 0 0.0172897 0.0355922
      endloop
   endfacet
   facet normal 0 0.419889 -0.907575
      outer loop
         vertex 0.0025 0.0176602 0.0358151
         vertex 0.0025 0.0174689 0.0357137
         vertex 0 0.0174689 0.0357137
      endloop
   endfacet
   facet normal 0 0.319302 -0.947653
      outer loop
         vertex 0.0025 0.0178614 0.0358953
         vertex 0.0025 0.0176602 0.0358151
         vertex 0 0.0176602 0.0358151
      endloop
   endfacet
   facet normal 0 0.21497 -0.976621
      outer loop
         vertex 0.0025 0.0180701 0.0359532
         vertex 0.0025 0.0178614 0.0358953
         vertex 0 0.0178614 0.0358953
      endloop
   endfacet
   facet normal 0 0.108119 -0.994138
      outer loop
         vertex 0.0025 0.0182838 0.0359882
         vertex 0.0025 0.0180701 0.0359532
         vertex 0 0.0180701 0.0359532
      endloop
   endfacet
   facet normal 0 0 -1
      outer loop
         vertex 0.0025 0.0185 0.036
         vertex 0.0025 0.0182838 0.0359882
         vertex 0 0.0182838 0.0359882
      endloop
   endfacet
   facet normal 1 0 0
      outer loop
         vertex 0.0055 0.02105 0.013
         vertex 0.0055 0.0193672 0.0132594
         vertex 0.0055 0.019336 0.013167
      endloop
   endfacet
   facet normal 1 0 0
      outer loop
         vertex 0.0055 0.0430973 0.0331053
         vertex 0.0055 0.043 0.0331
         vertex 0.0055 0.043 0.0144
      endloop
   endfacet
   facet normal 1 0 0
      outer loop
         vertex 0.0055 0.02105 0.013
         vertex 0.0055 0.0188779 0.0126834
         vertex 0.0055 0.0187874 0.0126473
      endloop
   endfacet
   facet normal 1 0 0
      outer loop
         vertex 0.0055 0.02105 0.013
         vertex 0.0055 0.0192449 0.0129951
         vertex 0.0055 0.0191859 0.0129175
      endloop
   endfacet
   facet normal 1 0 0
      outer loop
         vertex 0.0055 0.02105 0.013
         vertex 0.0055 0.0193881 0.0133545
         vertex 0.0055 0.0193672 0.0132594
      endloop
   endfacet
   facet normal 1 0 0
      outer loop
         vertex 0.0055 0.02105 0.013
         vertex 0.0055 0.0192951 0.0139217
         vertex 0.0055 0.019336 0.0138332
      endloop
   endfacet
   facet normal 1 0 0
      outer loop
         vertex 0.0055 0.043 0.0331
         vertex 0.0055 0.0427126 0.0143529
         vertex 0.0055 0.0428065 0.014379
      endloop
   endfacet
   facet normal 1 0 0
      outer loop
         vertex 0.0055 0.043 0.0144
         vertex 0.0055 0.0430973 0.0143948
         vertex 0.0055 0.0430973 0.0331053
      endloop
   endfacet
   facet normal 1 0 0
      outer loop
         vertex 0.0055 0.0438672 0.0137408
         vertex 0.0055 0.0438672 0.0337593
         vertex 0.0055 0.0438361 0.0336669
      endloop
   endfacet
   facet normal 1 0 0
      outer loop
         vertex 0.0055 0.0455 0.0364999
         vertex 0.0055 0.0437951 0.0344216
         vertex 0.0055 0.0438361 0.0343332
      endloop
   endfacet
   facet normal 1 0 0
      outer loop
         vertex 0.0055 0.0112237 0.0365001
         vertex 0.0055 0.0176119 0.0341456
         vertex 0.0055 0.0176329 0.0342407
      endloop
   endfacet
   facet normal 1 0 0
      outer loop
         vertex 0.0055 0.0112237 0.011
         vertex 0.0055 0.0177049 0.0130786
         vertex 0.0055 0.017664 0.013167
      endloop
   endfacet
   facet normal 1 0 0
      outer loop
         vertex 0.0055 0.02105 0.013
         vertex 0.0055 0.018964 0.012729
         vertex 0.0055 0.0188779 0.0126834
      endloop
   endfacet
   facet normal 1 0 0
      outer loop
         vertex 0.0055 0.02105 0.013
         vertex 0.0055 0.0192951 0.0130786
         vertex 0.0055 0.0192449 0.0129951
      endloop
   endfacet
   facet normal 1 0 0
      outer loop
         vertex 0.0055 0.02105 0.013
         vertex 0.0055 0.0193986 0.0134514
         vertex 0.0055 0.0193881 0.0133545
      endloop
   endfacet
   facet normal 1 0 0
      outer loop
         vertex 0.0055 0.019336 0.0138332
         vertex 0.0055 0.0193672 0.0137409
         vertex 0.0055 0.02105 0.013
      endloop
   endfacet
   facet normal 1 0 0
      outer loop
         vertex 0.0055 0.0405 0.0335001
         vertex 0.0055 0.0421328 0.0342408
         vertex 0.0055 0.0421639 0.0343332
      endloop
   endfacet
   facet normal 1 0 0
      outer loop
         vertex 0.0055 0.0405 0.0335001
         vertex 0.0055 0.0422048 0.0335785
         vertex 0.0055 0.0421639 0.0336669
      endloop
   endfacet
   facet normal 1 0 0
      outer loop
         vertex 0.0055 0.0428065 0.014379
         vertex 0.0055 0.0429027 0.0143948
         vertex 0.0055 0.043 0.0331
      endloop
   endfacet
   facet normal 1 0 0
      outer loop
         vertex 0.0055 0.043 0.0331
         vertex 0.0055 0.042536 0.0142712
         vertex 0.0055 0.0426221 0.0143169
      endloop
   endfacet
   facet normal 1 0 0
      outer loop
         vertex 0.0055 0.0430973 0.0143948
         vertex 0.0055 0.0431934 0.014379
         vertex 0.0055 0.0430973 0.0331053
      endloop
   endfacet
   facet normal 1 0 0
      outer loop
         vertex 0.0055 0.0438361 0.0336669
         vertex 0.0055 0.0437951 0.0335785
         vertex 0.0055 0.0438672 0.0137408
      endloop
   endfacet
   facet normal 1 0 0
      outer loop
         vertex 0.0055 0.0455 0.0364999
         vertex 0.0055 0.0437449 0.0345051
         vertex 0.0055 0.0437951 0.0344216
      endloop
   endfacet
   facet normal 1 0 0
      outer loop
         vertex 0.0055 0.0176329 0.0342407
         vertex 0.0055 0.017664 0.0343331
         vertex 0.0055 0.0112237 0.0365001
      endloop
   endfacet
   facet normal 1 0 0
      outer loop
         vertex 0.0055 0.0112237 0.011
         vertex 0.0055 0.0176119 0.0136457
         vertex 0.0055 0.0176329 0.0137409
      endloop
   endfacet
   facet normal 1 0 0
      outer loop
         vertex 0.0055 0.017664 0.013167
         vertex 0.0055 0.0176329 0.0132594
         vertex 0.0055 0.0112237 0.011
      endloop
   endfacet
   facet normal 1 0 0
      outer loop
         vertex 0.0055 0.02105 0.013
         vertex 0.0055 0.0190446 0.0127837
         vertex 0.0055 0.018964 0.012729
      endloop
   endfacet
   facet normal 1 0 0
      outer loop
         vertex 0.0055 0.0191859 0.0129175
         vertex 0.0055 0.0191189 0.0128468
         vertex 0.0055 0.02105 0.013
      endloop
   endfacet
   facet normal 1 0 0
      outer loop
         vertex 0.0055 0.02105 0.013
         vertex 0.0055 0.0193986 0.0135488
         vertex 0.0055 0.0193986 0.0134514
      endloop
   endfacet
   facet normal 1 0 0
      outer loop
         vertex 0.0055 0.0193672 0.0137409
         vertex 0.0055 0.0193881 0.0136457
         vertex 0.0055 0.02105 0.013
      endloop
   endfacet
   facet normal 1 0 0
      outer loop
         vertex 0.0055 0.0421639 0.0343332
         vertex 0.0055 0.0422048 0.0344216
         vertex 0.0055 0.0405 0.0335001
      endloop
   endfacet
   facet normal 1 0 0
      outer loop
         vertex 0.0055 0.0405 0.0335001
         vertex 0.0055 0.042255 0.033495
         vertex 0.0055 0.0422048 0.0335785
      endloop
   endfacet
   facet normal 1 0 0
      outer loop
         vertex 0.0055 0.0426221 0.0143169
         vertex 0.0055 0.0427126 0.0143529
         vertex 0.0055 0.043 0.0331
      endloop
   endfacet
   facet normal 1 0 0
      outer loop
         vertex 0.0055 0.0429027 0.0331053
         vertex 0.0055 0.0424553 0.0142165
         vertex 0.0055 0.042536 0.0142712
      endloop
   endfacet
   facet normal 1 0 0
      outer loop
         vertex 0.0055 0.0405 0.014
         vertex 0.0055 0.042314 0.0140827
         vertex 0.0055 0.042381 0.0141534
      endloop
   endfacet
   facet normal 1 0 0
      outer loop
         vertex 0.0055 0.0430973 0.0331053
         vertex 0.0055 0.0433779 0.0143169
         vertex 0.0055 0.043464 0.0142712
      endloop
   endfacet
   facet normal 1 0 0
      outer loop
         vertex 0.0055 0.0431934 0.014379
         vertex 0.0055 0.0432873 0.0143529
         vertex 0.0055 0.0430973 0.0331053
      endloop
   endfacet
   facet normal 1 0 0
      outer loop
         vertex 0.0055 0.0437951 0.0335785
         vertex 0.0055 0.0437449 0.033495
         vertex 0.0055 0.0438672 0.0137408
      endloop
   endfacet
   facet normal 1 0 0
      outer loop
         vertex 0.0055 0.0455 0.0364999
         vertex 0.0055 0.0438881 0.0338545
         vertex 0.0055 0.0438672 0.0337593
      endloop
   endfacet
   facet normal 1 0 0
      outer loop
         vertex 0.0055 0.0455 0.0364999
         vertex 0.0055 0.0436859 0.0345827
         vertex 0.0055 0.0437449 0.0345051
      endloop
   endfacet
   facet normal 1 0 0
      outer loop
         vertex 0.0055 0.017664 0.0343331
         vertex 0.0055 0.0177049 0.0344215
         vertex 0.0055 0.0112237 0.0365001
      endloop
   endfacet
   facet normal 1 0 0
      outer loop
         vertex 0.0055 0.018964 0.0142712
         vertex 0.0055 0.02105 0.013
         vertex 0.0055 0.02105 0.0163
      endloop
   endfacet
   facet normal 1 0 0
      outer loop
         vertex 0.0055 0.0205506 0.0168
         vertex 0.0055 0.0165252 0.0168
         vertex 0.0055 0.0185 0.0144001
      endloop
   endfacet
   facet normal 1 0 0
      outer loop
         vertex 0.0055 0.0165252 0.0168
         vertex 0.0055 0.0178141 0.0140827
         vertex 0.0055 0.0178811 0.0141535
      endloop
   endfacet
   facet normal 1 0 0
      outer loop
         vertex 0.0055 0.0165252 0.0168
         vertex 0.0055 0.0177049 0.0139217
         vertex 0.0055 0.0177551 0.0140052
      endloop
   endfacet
   facet normal 1 0 0
      outer loop
         vertex 0.0055 0.0165252 0.0168
         vertex 0.0055 0.0112237 0.011
         vertex 0.0055 0.017664 0.0138332
      endloop
   endfacet
   facet normal 1 0 0
      outer loop
         vertex 0.0055 0.0112237 0.011
         vertex 0.0055 0.0176014 0.0135488
         vertex 0.0055 0.0176119 0.0136457
      endloop
   endfacet
   facet normal 1 0 0
      outer loop
         vertex 0.0055 0.0176329 0.0132594
         vertex 0.0055 0.0176119 0.0133545
         vertex 0.0055 0.0112237 0.011
      endloop
   endfacet
   facet normal 1 0 0
      outer loop
         vertex 0.0055 0.0112237 0.011
         vertex 0.0055 0.0178811 0.0128468
         vertex 0.0055 0.0178141 0.0129175
      endloop
   endfacet
   facet normal 1 0 0
      outer loop
         vertex 0.0055 0.0112237 0.011
         vertex 0.0055 0.0183066 0.0126212
         vertex 0.0055 0.0182127 0.0126473
      endloop
   endfacet
   facet normal 1 0 0
      outer loop
         vertex 0.0055 0.0191189 0.0128468
         vertex 0.0055 0.0190446 0.0127837
         vertex 0.0055 0.02105 0.013
      endloop
   endfacet
   facet normal 1 0 0
      outer loop
         vertex 0.0055 0.0193881 0.0136457
         vertex 0.0055 0.0193986 0.0135488
         vertex 0.0055 0.02105 0.013
      endloop
   endfacet
   facet normal 1 0 0
      outer loop
         vertex 0.0055 0.02105 0.013
         vertex 0.0055 0.0191189 0.0141535
         vertex 0.0055 0.0191859 0.0140827
      endloop
   endfacet
   facet normal 1 0 0
      outer loop
         vertex 0.0055 0.0422048 0.0344216
         vertex 0.0055 0.042255 0.0345051
         vertex 0.0055 0.0405 0.0335001
      endloop
   endfacet
   facet normal 1 0 0
      outer loop
         vertex 0.0055 0.0405 0.0335001
         vertex 0.0055 0.042314 0.0334174
         vertex 0.0055 0.042255 0.033495
      endloop
   endfacet
   facet normal 1 0 0
      outer loop
         vertex 0.0055 0.0405 0.014
         vertex 0.0055 0.0424553 0.0332836
         vertex 0.0055 0.042381 0.0333467
      endloop
   endfacet
   facet normal 1 0 0
      outer loop
         vertex 0.0055 0.0405 0.014
         vertex 0.0055 0.0428065 0.0331211
         vertex 0.0055 0.0427126 0.0331472
      endloop
   endfacet
   facet normal 1 0 0
      outer loop
         vertex 0.0055 0.042536 0.0142712
         vertex 0.0055 0.043 0.0331
         vertex 0.0055 0.0429027 0.0331053
      endloop
   endfacet
   facet normal 1 0 0
      outer loop
         vertex 0.0055 0.042381 0.0141534
         vertex 0.0055 0.0429027 0.0331053
         vertex 0.0055 0.0405 0.014
      endloop
   endfacet
   facet normal 1 0 0
      outer loop
         vertex 0.0055 0.0455 0.0110002
         vertex 0.0055 0.0431934 0.0126211
         vertex 0.0055 0.0430973 0.0126053
      endloop
   endfacet
   facet normal 1 0 0
      outer loop
         vertex 0.0055 0.0432873 0.0143529
         vertex 0.0055 0.0433779 0.0143169
         vertex 0.0055 0.0430973 0.0331053
      endloop
   endfacet
   facet normal 1 0 0
      outer loop
         vertex 0.0055 0.0438672 0.0137408
         vertex 0.0055 0.0436859 0.0334174
         vertex 0.0055 0.0436189 0.0333467
      endloop
   endfacet
   facet normal 1 0 0
      outer loop
         vertex 0.0055 0.0438672 0.0337593
         vertex 0.0055 0.0438672 0.0137408
         vertex 0.0055 0.0455 0.0364999
      endloop
   endfacet
   facet normal 1 0 0
      outer loop
         vertex 0.0055 0.0438361 0.0343332
         vertex 0.0055 0.0438672 0.0342408
         vertex 0.0055 0.0455 0.0364999
      endloop
   endfacet
   facet normal 1 0 0
      outer loop
         vertex 0.0055 0.0455 0.0364999
         vertex 0.0055 0.0435446 0.0347166
         vertex 0.0055 0.0436189 0.0346535
      endloop
   endfacet
   facet normal 1 0 0
      outer loop
         vertex 0.0055 0.0112237 0.0365001
         vertex 0.0055 0.0176014 0.0340487
         vertex 0.0055 0.0176119 0.0341456
      endloop
   endfacet
   facet normal 1 0 0
      outer loop
         vertex 0.0055 0.0205506 0.0168
         vertex 0.0055 0.0188779 0.0143169
         vertex 0.0055 0.018964 0.0142712
      endloop
   endfacet
   facet normal 1 0 0
      outer loop
         vertex 0.0055 0.0205506 0.0168
         vertex 0.0055 0.0186935 0.014379
         vertex 0.0055 0.0187874 0.014353
      endloop
   endfacet
   facet normal 1 0 0
      outer loop
         vertex 0.0055 0.0185 0.0144001
         vertex 0.0055 0.0185973 0.0143948
         vertex 0.0055 0.0205506 0.0168
      endloop
   endfacet
   facet normal 1 0 0
      outer loop
         vertex 0.0055 0.0165252 0.0168
         vertex 0.0055 0.0183066 0.014379
         vertex 0.0055 0.0184027 0.0143948
      endloop
   endfacet
   facet normal 1 0 0
      outer loop
         vertex 0.0055 0.0165252 0.0168
         vertex 0.0055 0.0181221 0.0143169
         vertex 0.0055 0.0182127 0.014353
      endloop
   endfacet
   facet normal 1 0 0
      outer loop
         vertex 0.0055 0.0177551 0.0140052
         vertex 0.0055 0.0178141 0.0140827
         vertex 0.0055 0.0165252 0.0168
      endloop
   endfacet
   facet normal 1 0 0
      outer loop
         vertex 0.0055 0.0176329 0.0137409
         vertex 0.0055 0.017664 0.0138332
         vertex 0.0055 0.0112237 0.011
      endloop
   endfacet
   facet normal 1 0 0
      outer loop
         vertex 0.0055 0.0176119 0.0133545
         vertex 0.0055 0.0176014 0.0134514
         vertex 0.0055 0.0112237 0.011
      endloop
   endfacet
   facet normal 1 0 0
      outer loop
         vertex 0.0055 0.0178141 0.0129175
         vertex 0.0055 0.0177551 0.0129951
         vertex 0.0055 0.0112237 0.011
      endloop
   endfacet
   facet normal 1 0 0
      outer loop
         vertex 0.0055 0.0182127 0.0126473
         vertex 0.0055 0.0181221 0.0126834
         vertex 0.0055 0.0112237 0.011
      endloop
   endfacet
   facet normal 1 0 0
      outer loop
         vertex 0.0055 0.019336 0.013167
         vertex 0.0055 0.0192951 0.0130786
         vertex 0.0055 0.02105 0.013
      endloop
   endfacet
   facet normal 1 0 0
      outer loop
         vertex 0.0055 0.0191859 0.0140827
         vertex 0.0055 0.0192449 0.0140052
         vertex 0.0055 0.02105 0.013
      endloop
   endfacet
   facet normal 1 0 0
      outer loop
         vertex 0.0055 0.0405 0.0335001
         vertex 0.0055 0.042314 0.0345827
         vertex 0.0055 0.042381 0.0346535
      endloop
   endfacet
   facet normal 1 0 0
      outer loop
         vertex 0.0055 0.0405 0.0335001
         vertex 0.0055 0.0421118 0.0341457
         vertex 0.0055 0.0421328 0.0342408
      endloop
   endfacet
   facet normal 1 0 0
      outer loop
         vertex 0.0055 0.0421639 0.0336669
         vertex 0.0055 0.0421328 0.0337593
         vertex 0.0055 0.0405 0.0335001
      endloop
   endfacet
   facet normal 1 0 0
      outer loop
         vertex 0.0055 0.042381 0.0333467
         vertex 0.0055 0.0405 0.0335001
         vertex 0.0055 0.0405 0.014
      endloop
   endfacet
   facet normal 1 0 0
      outer loop
         vertex 0.0055 0.0405 0.014
         vertex 0.0055 0.0429027 0.0331053
         vertex 0.0055 0.0428065 0.0331211
      endloop
   endfacet
   facet normal 1 0 0
      outer loop
         vertex 0.0055 0.042381 0.0141534
         vertex 0.0055 0.0424553 0.0142165
         vertex 0.0055 0.0429027 0.0331053
      endloop
   endfacet
   facet normal 1 0 0
      outer loop
         vertex 0.0055 0.0405 0.014
         vertex 0.0055 0.0422048 0.0139216
         vertex 0.0055 0.042255 0.0140051
      endloop
   endfacet
   facet normal 1 0 0
      outer loop
         vertex 0.0055 0.0405 0.014
         vertex 0.0055 0.0421328 0.0137408
         vertex 0.0055 0.0421639 0.0138332
      endloop
   endfacet
   facet normal 1 0 0
      outer loop
         vertex 0.0055 0.0455 0.0110002
         vertex 0.0055 0.0432873 0.0126471
         vertex 0.0055 0.0431934 0.0126211
      endloop
   endfacet
   facet normal 1 0 0
      outer loop
         vertex 0.0055 0.0431934 0.0331211
         vertex 0.0055 0.0437951 0.0139216
         vertex 0.0055 0.0438361 0.0138332
      endloop
   endfacet
   facet normal 1 0 0
      outer loop
         vertex 0.0055 0.0431934 0.0331211
         vertex 0.0055 0.0436859 0.0140827
         vertex 0.0055 0.0437449 0.0140051
      endloop
   endfacet
   facet normal 1 0 0
      outer loop
         vertex 0.0055 0.0431934 0.0331211
         vertex 0.0055 0.0435446 0.0142165
         vertex 0.0055 0.0436189 0.0141534
      endloop
   endfacet
   facet normal 1 0 0
      outer loop
         vertex 0.0055 0.0435446 0.0142165
         vertex 0.0055 0.0431934 0.0331211
         vertex 0.0055 0.0430973 0.0331053
      endloop
   endfacet
   facet normal 1 0 0
      outer loop
         vertex 0.0055 0.0438672 0.0137408
         vertex 0.0055 0.0435446 0.0332836
         vertex 0.0055 0.043464 0.0332289
      endloop
   endfacet
   facet normal 1 0 0
      outer loop
         vertex 0.0055 0.0437449 0.033495
         vertex 0.0055 0.0436859 0.0334174
         vertex 0.0055 0.0438672 0.0137408
      endloop
   endfacet
   facet normal 1 0 0
      outer loop
         vertex 0.0055 0.0436189 0.0346535
         vertex 0.0055 0.0436859 0.0345827
         vertex 0.0055 0.0455 0.0364999
      endloop
   endfacet
   facet normal 1 0 0
      outer loop
         vertex 0.0055 0.0455 0.0364999
         vertex 0.0055 0.0433779 0.0348169
         vertex 0.0055 0.043464 0.0347712
      endloop
   endfacet
   facet normal 1 0 0
      outer loop
         vertex 0.0055 0.0455 0.0364999
         vertex 0.0055 0.0429027 0.0348948
         vertex 0.0055 0.043 0.0349001
      endloop
   endfacet
   facet normal 1 0 0
      outer loop
         vertex 0.0055 0.0112237 0.0365001
         vertex 0.0055 0.0185973 0.0348946
         vertex 0.0055 0.0186935 0.0348789
      endloop
   endfacet
   facet normal 1 0 0
      outer loop
         vertex 0.0055 0.0177049 0.0344215
         vertex 0.0055 0.0177551 0.034505
         vertex 0.0055 0.0112237 0.0365001
      endloop
   endfacet
   facet normal 1 0 0
      outer loop
         vertex 0.0055 0.0112237 0.0365001
         vertex 0.0055 0.017664 0.0336669
         vertex 0.0055 0.0176329 0.0337592
      endloop
   endfacet
   facet normal 1 0 0
      outer loop
         vertex 0.0055 0.0165252 0.0307001
         vertex 0.0055 0.0178141 0.0334174
         vertex 0.0055 0.0177551 0.0334949
      endloop
   endfacet
   facet normal 1 0 0
      outer loop
         vertex 0.0055 0.0165252 0.0307001
         vertex 0.0055 0.0179554 0.0332835
         vertex 0.0055 0.0178811 0.0333466
      endloop
   endfacet
   facet normal 1 0 0
      outer loop
         vertex 0.0055 0.0187874 0.014353
         vertex 0.0055 0.0188779 0.0143169
         vertex 0.0055 0.0205506 0.0168
      endloop
   endfacet
   facet normal 1 0 0
      outer loop
         vertex 0.0055 0.0184027 0.0143948
         vertex 0.0055 0.0185 0.0144001
         vertex 0.0055 0.0165252 0.0168
      endloop
   endfacet
   facet normal 1 0 0
      outer loop
         vertex 0.0055 0.0165252 0.0168
         vertex 0.0055 0.018036 0.0142712
         vertex 0.0055 0.0181221 0.0143169
      endloop
   endfacet
   facet normal 1 0 0
      outer loop
         vertex 0.0055 0.017664 0.0138332
         vertex 0.0055 0.0177049 0.0139217
         vertex 0.0055 0.0165252 0.0168
      endloop
   endfacet
   facet normal 1 0 0
      outer loop
         vertex 0.0055 0.0177551 0.0129951
         vertex 0.0055 0.0177049 0.0130786
         vertex 0.0055 0.0112237 0.011
      endloop
   endfacet
   facet normal 1 0 0
      outer loop
         vertex 0.0055 0.0181221 0.0126834
         vertex 0.0055 0.018036 0.012729
         vertex 0.0055 0.0112237 0.011
      endloop
   endfacet
   facet normal 1 0 0
      outer loop
         vertex 0.0055 0.0112237 0.011
         vertex 0.0055 0.02105 0.013
         vertex 0.0055 0.0186935 0.0126212
      endloop
   endfacet
   facet normal 1 0 0
      outer loop
         vertex 0.0055 0.0192449 0.0140052
         vertex 0.0055 0.0192951 0.0139217
         vertex 0.0055 0.02105 0.013
      endloop
   endfacet
   facet normal 1 0 0
      outer loop
         vertex 0.0055 0.02105 0.013
         vertex 0.0055 0.018964 0.0142712
         vertex 0.0055 0.0190446 0.0142166
      endloop
   endfacet
   facet normal 1 0 0
      outer loop
         vertex 0.0055 0.0455 0.0110002
         vertex 0.0055 0.0428065 0.0126211
         vertex 0.0055 0.0427126 0.0126471
      endloop
   endfacet
   facet normal 1 0 0
      outer loop
         vertex 0.0055 0.0455 0.0110002
         vertex 0.0055 0.043 0.0126
         vertex 0.0055 0.0429027 0.0126053
      endloop
   endfacet
   facet normal 1 0 0
      outer loop
         vertex 0.0055 0.042255 0.0345051
         vertex 0.0055 0.042314 0.0345827
         vertex 0.0055 0.0405 0.0335001
      endloop
   endfacet
   facet normal 1 0 0
      outer loop
         vertex 0.0055 0.0405 0.0335001
         vertex 0.0055 0.0421013 0.0339513
         vertex 0.0055 0.0421013 0.0340488
      endloop
   endfacet
   facet normal 1 0 0
      outer loop
         vertex 0.0055 0.042381 0.0333467
         vertex 0.0055 0.042314 0.0334174
         vertex 0.0055 0.0405 0.0335001
      endloop
   endfacet
   facet normal 1 0 0
      outer loop
         vertex 0.0055 0.0405 0.014
         vertex 0.0055 0.0426221 0.0331832
         vertex 0.0055 0.042536 0.0332289
      endloop
   endfacet
   facet normal 1 0 0
      outer loop
         vertex 0.0055 0.0429027 0.0143948
         vertex 0.0055 0.043 0.0144
         vertex 0.0055 0.043 0.0331
      endloop
   endfacet
   facet normal 1 0 0
      outer loop
         vertex 0.0055 0.0421639 0.0138332
         vertex 0.0055 0.0422048 0.0139216
         vertex 0.0055 0.0405 0.014
      endloop
   endfacet
   facet normal 1 0 0
      outer loop
         vertex 0.0055 0.0455 0.0110002
         vertex 0.0055 0.0433779 0.0126832
         vertex 0.0055 0.0432873 0.0126471
      endloop
   endfacet
   facet normal 1 0 0
      outer loop
         vertex 0.0055 0.0455 0.0110002
         vertex 0.0055 0.0435446 0.0127835
         vertex 0.0055 0.043464 0.0127288
      endloop
   endfacet
   facet normal 1 0 0
      outer loop
         vertex 0.0055 0.0437449 0.0140051
         vertex 0.0055 0.0437951 0.0139216
         vertex 0.0055 0.0431934 0.0331211
      endloop
   endfacet
   facet normal 1 0 0
      outer loop
         vertex 0.0055 0.043464 0.0142712
         vertex 0.0055 0.0435446 0.0142165
         vertex 0.0055 0.0430973 0.0331053
      endloop
   endfacet
   facet normal 1 0 0
      outer loop
         vertex 0.0055 0.0438672 0.0137408
         vertex 0.0055 0.0433779 0.0331832
         vertex 0.0055 0.0432873 0.0331472
      endloop
   endfacet
   facet normal 1 0 0
      outer loop
         vertex 0.0055 0.0436189 0.0333467
         vertex 0.0055 0.0435446 0.0332836
         vertex 0.0055 0.0438672 0.0137408
      endloop
   endfacet
   facet normal 1 0 0
      outer loop
         vertex 0.0055 0.043464 0.0347712
         vertex 0.0055 0.0435446 0.0347166
         vertex 0.0055 0.0455 0.0364999
      endloop
   endfacet
   facet normal 1 0 0
      outer loop
         vertex 0.0055 0.0455 0.0364999
         vertex 0.0055 0.0431934 0.034879
         vertex 0.0055 0.0432873 0.034853
      endloop
   endfacet
   facet normal 1 0 0
      outer loop
         vertex 0.0055 0.043 0.0349001
         vertex 0.0055 0.0430973 0.0348948
         vertex 0.0055 0.0455 0.0364999
      endloop
   endfacet
   facet normal 1 0 0
      outer loop
         vertex 0.0055 0.0275499 0.0345001
         vertex 0.0055 0.0426221 0.0348169
         vertex 0.0055 0.0427126 0.034853
      endloop
   endfacet
   facet normal 1 0 0
      outer loop
         vertex 0.0055 0.0275499 0.0345001
         vertex 0.0055 0.02855 0.0335001
         vertex 0.0055 0.0405 0.0335001
      endloop
   endfacet
   facet normal 1 0 0
      outer loop
         vertex 0.0055 0.0186935 0.0348789
         vertex 0.0055 0.02105 0.0345001
         vertex 0.0055 0.0112237 0.0365001
      endloop
   endfacet
   facet normal 1 0 0
      outer loop
         vertex 0.0055 0.0112237 0.0365001
         vertex 0.0055 0.0176014 0.0339512
         vertex 0.0055 0.0176014 0.0340487
      endloop
   endfacet
   facet normal 1 0 0
      outer loop
         vertex 0.0055 0.0176329 0.0337592
         vertex 0.0055 0.0176119 0.0338544
         vertex 0.0055 0.0112237 0.0365001
      endloop
   endfacet
   facet normal 1 0 0
      outer loop
         vertex 0.0055 0.0178811 0.0333466
         vertex 0.0055 0.0178141 0.0334174
         vertex 0.0055 0.0165252 0.0307001
      endloop
   endfacet
   facet normal 1 0 0
      outer loop
         vertex 0.0055 0.0165252 0.0307001
         vertex 0.0055 0.0181221 0.0331832
         vertex 0.0055 0.018036 0.0332288
      endloop
   endfacet
   facet normal 1 0 0
      outer loop
         vertex 0.0055 0.0165252 0.0307001
         vertex 0.0055 0.0184027 0.0331053
         vertex 0.0055 0.0183066 0.0331211
      endloop
   endfacet
   facet normal 1 0 0
      outer loop
         vertex 0.0055 0.0185973 0.0143948
         vertex 0.0055 0.0186935 0.014379
         vertex 0.0055 0.0205506 0.0168
      endloop
   endfacet
   facet normal 1 0 0
      outer loop
         vertex 0.0055 0.0165252 0.0168
         vertex 0.0055 0.0179554 0.0142166
         vertex 0.0055 0.018036 0.0142712
      endloop
   endfacet
   facet normal 1 0 0
      outer loop
         vertex 0.0055 0.0176014 0.0134514
         vertex 0.0055 0.0176014 0.0135488
         vertex 0.0055 0.0112237 0.011
      endloop
   endfacet
   facet normal 1 0 0
      outer loop
         vertex 0.0055 0.018036 0.012729
         vertex 0.0055 0.0179554 0.0127837
         vertex 0.0055 0.0112237 0.011
      endloop
   endfacet
   facet normal 1 0 0
      outer loop
         vertex 0.0055 0.0186935 0.0126212
         vertex 0.0055 0.0185973 0.0126055
         vertex 0.0055 0.0112237 0.011
      endloop
   endfacet
   facet normal 1 0 0
      outer loop
         vertex 0.0055 0.0190446 0.0142166
         vertex 0.0055 0.0191189 0.0141535
         vertex 0.0055 0.02105 0.013
      endloop
   endfacet
   facet normal 1 0 0
      outer loop
         vertex 0.0055 0.0275499 0.013
         vertex 0.0055 0.0426221 0.0126832
         vertex 0.0055 0.042536 0.0127288
      endloop
   endfacet
   facet normal 1 0 0
      outer loop
         vertex 0.0055 0.0429027 0.0126053
         vertex 0.0055 0.0428065 0.0126211
         vertex 0.0055 0.0455 0.0110002
      endloop
   endfacet
   facet normal 1 0 0
      outer loop
         vertex 0.0055 0.042381 0.0346535
         vertex 0.0055 0.0424553 0.0347166
         vertex 0.0055 0.0405 0.0335001
      endloop
   endfacet
   facet normal 1 0 0
      outer loop
         vertex 0.0055 0.0405 0.0335001
         vertex 0.0055 0.0421118 0.0338545
         vertex 0.0055 0.0421013 0.0339513
      endloop
   endfacet
   facet normal 1 0 0
      outer loop
         vertex 0.0055 0.042536 0.0332289
         vertex 0.0055 0.0424553 0.0332836
         vertex 0.0055 0.0405 0.014
      endloop
   endfacet
   facet normal 1 0 0
      outer loop
         vertex 0.0055 0.042255 0.0140051
         vertex 0.0055 0.042314 0.0140827
         vertex 0.0055 0.0405 0.014
      endloop
   endfacet
   facet normal 1 0 0
      outer loop
         vertex 0.0055 0.0405 0.014
         vertex 0.0055 0.0421013 0.0135488
         vertex 0.0055 0.0421118 0.0136456
      endloop
   endfacet
   facet normal 1 0 0
      outer loop
         vertex 0.0055 0.0405 0.014
         vertex 0.0055 0.042536 0.0127288
         vertex 0.0055 0.0424553 0.0127835
      endloop
   endfacet
   facet normal 1 0 0
      outer loop
         vertex 0.0055 0.043464 0.0127288
         vertex 0.0055 0.0433779 0.0126832
         vertex 0.0055 0.0455 0.0110002
      endloop
   endfacet
   facet normal 1 0 0
      outer loop
         vertex 0.0055 0.0455 0.0110002
         vertex 0.0055 0.0436859 0.0129174
         vertex 0.0055 0.0436189 0.0128466
      endloop
   endfacet
   facet normal 1 0 0
      outer loop
         vertex 0.0055 0.0455 0.0110002
         vertex 0.0055 0.0437951 0.0130785
         vertex 0.0055 0.0437449 0.012995
      endloop
   endfacet
   facet normal 1 0 0
      outer loop
         vertex 0.0055 0.0455 0.0110002
         vertex 0.0055 0.0438672 0.0132592
         vertex 0.0055 0.0438361 0.0131669
      endloop
   endfacet
   facet normal 1 0 0
      outer loop
         vertex 0.0055 0.0455 0.0110002
         vertex 0.0055 0.0438987 0.0134513
         vertex 0.0055 0.0438881 0.0133544
      endloop
   endfacet
   facet normal 1 0 0
      outer loop
         vertex 0.0055 0.0455 0.0110002
         vertex 0.0055 0.0455 0.0364999
         vertex 0.0055 0.0438672 0.0137408
      endloop
   endfacet
   facet normal 1 0 0
      outer loop
         vertex 0.0055 0.0436189 0.0141534
         vertex 0.0055 0.0436859 0.0140827
         vertex 0.0055 0.0431934 0.0331211
      endloop
   endfacet
   facet normal 1 0 0
      outer loop
         vertex 0.0055 0.043464 0.0332289
         vertex 0.0055 0.0433779 0.0331832
         vertex 0.0055 0.0438672 0.0137408
      endloop
   endfacet
   facet normal 1 0 0
      outer loop
         vertex 0.0055 0.0455 0.0364999
         vertex 0.0055 0.0438987 0.0340488
         vertex 0.0055 0.0438987 0.0339513
      endloop
   endfacet
   facet normal 1 0 0
      outer loop
         vertex 0.0055 0.0432873 0.034853
         vertex 0.0055 0.0433779 0.0348169
         vertex 0.0055 0.0455 0.0364999
      endloop
   endfacet
   facet normal 1 0 0
      outer loop
         vertex 0.0055 0.0455 0.0364999
         vertex 0.0055 0.0428065 0.034879
         vertex 0.0055 0.0429027 0.0348948
      endloop
   endfacet
   facet normal 1 0 0
      outer loop
         vertex 0.0055 0.0427126 0.034853
         vertex 0.0055 0.0455 0.0364999
         vertex 0.0055 0.0275499 0.0345001
      endloop
   endfacet
   facet normal 1 0 0
      outer loop
         vertex 0.0055 0.0405 0.0335001
         vertex 0.0055 0.042536 0.0347712
         vertex 0.0055 0.0275499 0.0345001
      endloop
   endfacet
   facet normal 1 0 0
      outer loop
         vertex 0.0055 0.0205506 0.0307001
         vertex 0.0055 0.0187874 0.0331471
         vertex 0.0055 0.0186935 0.0331211
      endloop
   endfacet
   facet normal 1 0 0
      outer loop
         vertex 0.0055 0.0205506 0.0307001
         vertex 0.0055 0.02105 0.0312001
         vertex 0.0055 0.0190446 0.0332835
      endloop
   endfacet
   facet normal 1 0 0
      outer loop
         vertex 0.0055 0.02105 0.0312001
         vertex 0.0055 0.02105 0.0345001
         vertex 0.0055 0.0193672 0.0337592
      endloop
   endfacet
   facet normal 1 0 0
      outer loop
         vertex 0.0055 0.02105 0.0345001
         vertex 0.0055 0.0188779 0.0348167
         vertex 0.0055 0.018964 0.0347711
      endloop
   endfacet
   facet normal 1 0 0
      outer loop
         vertex 0.0055 0.0186935 0.0348789
         vertex 0.0055 0.0187874 0.0348528
         vertex 0.0055 0.02105 0.0345001
      endloop
   endfacet
   facet normal 1 0 0
      outer loop
         vertex 0.0055 0.0112237 0.0365001
         vertex 0.0055 0.0182127 0.0348528
         vertex 0.0055 0.0183066 0.0348789
      endloop
   endfacet
   facet normal 1 0 0
      outer loop
         vertex 0.0055 0.0176119 0.0338544
         vertex 0.0055 0.0176014 0.0339512
         vertex 0.0055 0.0112237 0.0365001
      endloop
   endfacet
   facet normal 1 0 0
      outer loop
         vertex 0.0055 0.0165252 0.0307001
         vertex 0.0055 0.0177049 0.0335784
         vertex 0.0055 0.017664 0.0336669
      endloop
   endfacet
   facet normal 1 0 0
      outer loop
         vertex 0.0055 0.018036 0.0332288
         vertex 0.0055 0.0179554 0.0332835
         vertex 0.0055 0.0165252 0.0307001
      endloop
   endfacet
   facet normal 1 0 0
      outer loop
         vertex 0.0055 0.0183066 0.0331211
         vertex 0.0055 0.0182127 0.0331471
         vertex 0.0055 0.0165252 0.0307001
      endloop
   endfacet
   facet normal 1 0 0
      outer loop
         vertex 0.0055 0.0182127 0.014353
         vertex 0.0055 0.0183066 0.014379
         vertex 0.0055 0.0165252 0.0168
      endloop
   endfacet
   facet normal 1 0 0
      outer loop
         vertex 0.0055 0.0179554 0.0127837
         vertex 0.0055 0.0178811 0.0128468
         vertex 0.0055 0.0112237 0.011
      endloop
   endfacet
   facet normal 1 0 0
      outer loop
         vertex 0.0055 0.0187874 0.0126473
         vertex 0.0055 0.0186935 0.0126212
         vertex 0.0055 0.02105 0.013
      endloop
   endfacet
   facet normal 1 0 0
      outer loop
         vertex 0.0055 0.0112237 0.011
         vertex 0.0055 0.0455 0.0110002
         vertex 0.0055 0.0275499 0.013
      endloop
   endfacet
   facet normal 1 0 0
      outer loop
         vertex 0.0055 0.042536 0.0127288
         vertex 0.0055 0.02855 0.014
         vertex 0.0055 0.0275499 0.013
      endloop
   endfacet
   facet normal 1 0 0
      outer loop
         vertex 0.0055 0.0427126 0.0126471
         vertex 0.0055 0.0275499 0.013
         vertex 0.0055 0.0455 0.0110002
      endloop
   endfacet
   facet normal 1 0 0
      outer loop
         vertex 0.0055 0.0421013 0.0340488
         vertex 0.0055 0.0421118 0.0341457
         vertex 0.0055 0.0405 0.0335001
      endloop
   endfacet
   facet normal 1 0 0
      outer loop
         vertex 0.0055 0.0427126 0.0331472
         vertex 0.0055 0.0426221 0.0331832
         vertex 0.0055 0.0405 0.014
      endloop
   endfacet
   facet normal 1 0 0
      outer loop
         vertex 0.0055 0.0405 0.014
         vertex 0.0055 0.0421013 0.0134513
         vertex 0.0055 0.0421013 0.0135488
      endloop
   endfacet
   facet normal 1 0 0
      outer loop
         vertex 0.0055 0.0405 0.014
         vertex 0.0055 0.0421328 0.0132592
         vertex 0.0055 0.0421118 0.0133544
      endloop
   endfacet
   facet normal 1 0 0
      outer loop
         vertex 0.0055 0.0405 0.014
         vertex 0.0055 0.042314 0.0129174
         vertex 0.0055 0.042255 0.012995
      endloop
   endfacet
   facet normal 1 0 0
      outer loop
         vertex 0.0055 0.0424553 0.0127835
         vertex 0.0055 0.042381 0.0128466
         vertex 0.0055 0.0405 0.014
      endloop
   endfacet
   facet normal 1 0 0
      outer loop
         vertex 0.0055 0.0436189 0.0128466
         vertex 0.0055 0.0435446 0.0127835
         vertex 0.0055 0.0455 0.0110002
      endloop
   endfacet
   facet normal 1 0 0
      outer loop
         vertex 0.0055 0.0438361 0.0131669
         vertex 0.0055 0.0437951 0.0130785
         vertex 0.0055 0.0455 0.0110002
      endloop
   endfacet
   facet normal 1 0 0
      outer loop
         vertex 0.0055 0.0455 0.0110002
         vertex 0.0055 0.0438987 0.0135488
         vertex 0.0055 0.0438987 0.0134513
      endloop
   endfacet
   facet normal 1 0 0
      outer loop
         vertex 0.0055 0.0438672 0.0137408
         vertex 0.0055 0.0438881 0.0136456
         vertex 0.0055 0.0455 0.0110002
      endloop
   endfacet
   facet normal 1 0 0
      outer loop
         vertex 0.0055 0.0432873 0.0331472
         vertex 0.0055 0.0431934 0.0331211
         vertex 0.0055 0.0438672 0.0137408
      endloop
   endfacet
   facet normal 1 0 0
      outer loop
         vertex 0.0055 0.0455 0.0364999
         vertex 0.0055 0.0438881 0.0341457
         vertex 0.0055 0.0438987 0.0340488
      endloop
   endfacet
   facet normal 1 0 0
      outer loop
         vertex 0.0055 0.0430973 0.0348948
         vertex 0.0055 0.0431934 0.034879
         vertex 0.0055 0.0455 0.0364999
      endloop
   endfacet
   facet normal 1 0 0
      outer loop
         vertex 0.0055 0.042536 0.0347712
         vertex 0.0055 0.0426221 0.0348169
         vertex 0.0055 0.0275499 0.0345001
      endloop
   endfacet
   facet normal 1 0 0
      outer loop
         vertex 0.0055 0.0205506 0.0307001
         vertex 0.0055 0.0188779 0.0331832
         vertex 0.0055 0.0187874 0.0331471
      endloop
   endfacet
   facet normal 1 0 0
      outer loop
         vertex 0.0055 0.0190446 0.0332835
         vertex 0.0055 0.018964 0.0332288
         vertex 0.0055 0.0205506 0.0307001
      endloop
   endfacet
   facet normal 1 0 0
      outer loop
         vertex 0.0055 0.02105 0.0312001
         vertex 0.0055 0.019336 0.0336669
         vertex 0.0055 0.0192951 0.0335784
      endloop
   endfacet
   facet normal 1 0 0
      outer loop
         vertex 0.0055 0.02105 0.0345001
         vertex 0.0055 0.0193881 0.0338544
         vertex 0.0055 0.0193672 0.0337592
      endloop
   endfacet
   facet normal 1 0 0
      outer loop
         vertex 0.0055 0.02105 0.0345001
         vertex 0.0055 0.0192449 0.034505
         vertex 0.0055 0.0192951 0.0344215
      endloop
   endfacet
   facet normal 1 0 0
      outer loop
         vertex 0.0055 0.0187874 0.0348528
         vertex 0.0055 0.0188779 0.0348167
         vertex 0.0055 0.02105 0.0345001
      endloop
   endfacet
   facet normal 1 0 0
      outer loop
         vertex 0.0055 0.0112237 0.0365001
         vertex 0.0055 0.0184027 0.0348946
         vertex 0.0055 0.0185 0.0348999
      endloop
   endfacet
   facet normal 1 0 0
      outer loop
         vertex 0.0055 0.0112237 0.0365001
         vertex 0.0055 0.0181221 0.0348167
         vertex 0.0055 0.0182127 0.0348528
      endloop
   endfacet
   facet normal 1 0 0
      outer loop
         vertex 0.0055 0.0112237 0.0365001
         vertex 0.0055 0.0179554 0.0347164
         vertex 0.0055 0.018036 0.0347711
      endloop
   endfacet
   facet normal 1 0 0
      outer loop
         vertex 0.0055 0.017664 0.0336669
         vertex 0.0055 0.0112237 0.0365001
         vertex 0.0055 0.0165252 0.0307001
      endloop
   endfacet
   facet normal 1 0 0
      outer loop
         vertex 0.0055 0.0182127 0.0331471
         vertex 0.0055 0.0181221 0.0331832
         vertex 0.0055 0.0165252 0.0307001
      endloop
   endfacet
   facet normal 1 0 0
      outer loop
         vertex 0.0055 0.0178811 0.0141535
         vertex 0.0055 0.0179554 0.0142166
         vertex 0.0055 0.0165252 0.0168
      endloop
   endfacet
   facet normal 1 0 0
      outer loop
         vertex 0.0055 0.0112237 0.011
         vertex 0.0055 0.0185 0.0126002
         vertex 0.0055 0.0184027 0.0126055
      endloop
   endfacet
   facet normal 1 0 0
      outer loop
         vertex 0.0055 0.0275499 0.013
         vertex 0.0055 0.02105 0.013
         vertex 0.0055 0.0112237 0.011
      endloop
   endfacet
   facet normal 1 0 0
      outer loop
         vertex 0.0055 0.0427126 0.0126471
         vertex 0.0055 0.0426221 0.0126832
         vertex 0.0055 0.0275499 0.013
      endloop
   endfacet
   facet normal 1 0 0
      outer loop
         vertex 0.0055 0.0421328 0.0337593
         vertex 0.0055 0.0421118 0.0338545
         vertex 0.0055 0.0405 0.0335001
      endloop
   endfacet
   facet normal 1 0 0
      outer loop
         vertex 0.0055 0.0421118 0.0133544
         vertex 0.0055 0.0421013 0.0134513
         vertex 0.0055 0.0405 0.014
      endloop
   endfacet
   facet normal 1 0 0
      outer loop
         vertex 0.0055 0.0405 0.014
         vertex 0.0055 0.0422048 0.0130785
         vertex 0.0055 0.0421639 0.0131669
      endloop
   endfacet
   facet normal 1 0 0
      outer loop
         vertex 0.0055 0.042381 0.0128466
         vertex 0.0055 0.042314 0.0129174
         vertex 0.0055 0.0405 0.014
      endloop
   endfacet
   facet normal 1 0 0
      outer loop
         vertex 0.0055 0.0437449 0.012995
         vertex 0.0055 0.0436859 0.0129174
         vertex 0.0055 0.0455 0.0110002
      endloop
   endfacet
   facet normal 1 0 0
      outer loop
         vertex 0.0055 0.0438881 0.0136456
         vertex 0.0055 0.0438987 0.0135488
         vertex 0.0055 0.0455 0.0110002
      endloop
   endfacet
   facet normal 1 0 0
      outer loop
         vertex 0.0055 0.0438987 0.0339513
         vertex 0.0055 0.0438881 0.0338545
         vertex 0.0055 0.0455 0.0364999
      endloop
   endfacet
   facet normal 1 0 0
      outer loop
         vertex 0.0055 0.0427126 0.034853
         vertex 0.0055 0.0428065 0.034879
         vertex 0.0055 0.0455 0.0364999
      endloop
   endfacet
   facet normal 1 0 0
      outer loop
         vertex 0.0055 0.018964 0.0332288
         vertex 0.0055 0.0188779 0.0331832
         vertex 0.0055 0.0205506 0.0307001
      endloop
   endfacet
   facet normal 1 0 0
      outer loop
         vertex 0.0055 0.02105 0.0312001
         vertex 0.0055 0.0191859 0.0334174
         vertex 0.0055 0.0191189 0.0333466
      endloop
   endfacet
   facet normal 1 0 0
      outer loop
         vertex 0.0055 0.0192951 0.0335784
         vertex 0.0055 0.0192449 0.0334949
         vertex 0.0055 0.02105 0.0312001
      endloop
   endfacet
   facet normal 1 0 0
      outer loop
         vertex 0.0055 0.02105 0.0345001
         vertex 0.0055 0.0193986 0.0339512
         vertex 0.0055 0.0193881 0.0338544
      endloop
   endfacet
   facet normal 1 0 0
      outer loop
         vertex 0.0055 0.02105 0.0345001
         vertex 0.0055 0.019336 0.0343331
         vertex 0.0055 0.0193672 0.0342407
      endloop
   endfacet
   facet normal 1 0 0
      outer loop
         vertex 0.0055 0.02105 0.0345001
         vertex 0.0055 0.0191859 0.0345826
         vertex 0.0055 0.0192449 0.034505
      endloop
   endfacet
   facet normal 1 0 0
      outer loop
         vertex 0.0055 0.02105 0.0345001
         vertex 0.0055 0.0190446 0.0347164
         vertex 0.0055 0.0191189 0.0346533
      endloop
   endfacet
   facet normal 1 0 0
      outer loop
         vertex 0.0055 0.0185 0.0348999
         vertex 0.0055 0.0185973 0.0348946
         vertex 0.0055 0.0112237 0.0365001
      endloop
   endfacet
   facet normal 1 0 0
      outer loop
         vertex 0.0055 0.018036 0.0347711
         vertex 0.0055 0.0181221 0.0348167
         vertex 0.0055 0.0112237 0.0365001
      endloop
   endfacet
   facet normal 1 0 0
      outer loop
         vertex 0.0055 0.0112237 0.0365001
         vertex 0.0055 0.0178141 0.0345826
         vertex 0.0055 0.0178811 0.0346533
      endloop
   endfacet
   facet normal 1 0 0
      outer loop
         vertex 0.0055 0.0177551 0.0334949
         vertex 0.0055 0.0177049 0.0335784
         vertex 0.0055 0.0165252 0.0307001
      endloop
   endfacet
   facet normal 1 0 0
      outer loop
         vertex 0.0055 0.0184027 0.0126055
         vertex 0.0055 0.0183066 0.0126212
         vertex 0.0055 0.0112237 0.011
      endloop
   endfacet
   facet normal 1 0 0
      outer loop
         vertex 0.0055 0.042536 0.0127288
         vertex 0.0055 0.0405 0.014
         vertex 0.0055 0.02855 0.014
      endloop
   endfacet
   facet normal 1 0 0
      outer loop
         vertex 0.0055 0.0421118 0.0136456
         vertex 0.0055 0.0421328 0.0137408
         vertex 0.0055 0.0405 0.014
      endloop
   endfacet
   facet normal 1 0 0
      outer loop
         vertex 0.0055 0.042255 0.012995
         vertex 0.0055 0.0422048 0.0130785
         vertex 0.0055 0.0405 0.014
      endloop
   endfacet
   facet normal 1 0 0
      outer loop
         vertex 0.0055 0.0438881 0.0133544
         vertex 0.0055 0.0438672 0.0132592
         vertex 0.0055 0.0455 0.0110002
      endloop
   endfacet
   facet normal 1 0 0
      outer loop
         vertex 0.0055 0.0438672 0.0342408
         vertex 0.0055 0.0438881 0.0341457
         vertex 0.0055 0.0455 0.0364999
      endloop
   endfacet
   facet normal 1 0 0
      outer loop
         vertex 0.0055 0.0186935 0.0331211
         vertex 0.0055 0.0185973 0.0331053
         vertex 0.0055 0.0205506 0.0307001
      endloop
   endfacet
   facet normal 1 0 0
      outer loop
         vertex 0.0055 0.0192449 0.0334949
         vertex 0.0055 0.0191859 0.0334174
         vertex 0.0055 0.02105 0.0312001
      endloop
   endfacet
   facet normal 1 0 0
      outer loop
         vertex 0.0055 0.02105 0.0345001
         vertex 0.0055 0.0193986 0.0340487
         vertex 0.0055 0.0193986 0.0339512
      endloop
   endfacet
   facet normal 1 0 0
      outer loop
         vertex 0.0055 0.0193672 0.0342407
         vertex 0.0055 0.0193881 0.0341456
         vertex 0.0055 0.02105 0.0345001
      endloop
   endfacet
   facet normal 1 0 0
      outer loop
         vertex 0.0055 0.0191189 0.0346533
         vertex 0.0055 0.0191859 0.0345826
         vertex 0.0055 0.02105 0.0345001
      endloop
   endfacet
   facet normal 1 0 0
      outer loop
         vertex 0.0055 0.0183066 0.0348789
         vertex 0.0055 0.0184027 0.0348946
         vertex 0.0055 0.0112237 0.0365001
      endloop
   endfacet
   facet normal 1 0 0
      outer loop
         vertex 0.0055 0.0177551 0.034505
         vertex 0.0055 0.0178141 0.0345826
         vertex 0.0055 0.0112237 0.0365001
      endloop
   endfacet
   facet normal 1 0 0
      outer loop
         vertex 0.0055 0.0165252 0.0307001
         vertex 0.0055 0.0205506 0.0307001
         vertex 0.0055 0.0185 0.0331
      endloop
   endfacet
   facet normal 1 0 0
      outer loop
         vertex 0.0055 0.0185973 0.0126055
         vertex 0.0055 0.0185 0.0126002
         vertex 0.0055 0.0112237 0.011
      endloop
   endfacet
   facet normal 1 0 0
      outer loop
         vertex 0.0055 0.0421639 0.0131669
         vertex 0.0055 0.0421328 0.0132592
         vertex 0.0055 0.0405 0.014
      endloop
   endfacet
   facet normal 1 0 0
      outer loop
         vertex 0.0055 0.0438361 0.0138332
         vertex 0.0055 0.0438672 0.0137408
         vertex 0.0055 0.0431934 0.0331211
      endloop
   endfacet
   facet normal 1 0 0
      outer loop
         vertex 0.0055 0.0112237 0.0365001
         vertex 0.0055 0.02105 0.0345001
         vertex 0.0055 0.0275499 0.0345001
      endloop
   endfacet
   facet normal 1 0 0
      outer loop
         vertex 0.0055 0.0191189 0.0333466
         vertex 0.0055 0.0190446 0.0332835
         vertex 0.0055 0.02105 0.0312001
      endloop
   endfacet
   facet normal 1 0 0
      outer loop
         vertex 0.0055 0.0193881 0.0341456
         vertex 0.0055 0.0193986 0.0340487
         vertex 0.0055 0.02105 0.0345001
      endloop
   endfacet
   facet normal 1 0 0
      outer loop
         vertex 0.0055 0.018964 0.0347711
         vertex 0.0055 0.0190446 0.0347164
         vertex 0.0055 0.02105 0.0345001
      endloop
   endfacet
   facet normal 1 0 0
      outer loop
         vertex 0.0055 0.0185 0.0331
         vertex 0.0055 0.0184027 0.0331053
         vertex 0.0055 0.0165252 0.0307001
      endloop
   endfacet
   facet normal 1 0 0
      outer loop
         vertex 0.0055 0.0424553 0.0347166
         vertex 0.0055 0.042536 0.0347712
         vertex 0.0055 0.0405 0.0335001
      endloop
   endfacet
   facet normal 1 0 0
      outer loop
         vertex 0.0055 0.0275499 0.0345001
         vertex 0.0055 0.0455 0.0364999
         vertex 0.0055 0.0112237 0.0365001
      endloop
   endfacet
   facet normal 1 0 0
      outer loop
         vertex 0.0055 0.0193672 0.0337592
         vertex 0.0055 0.019336 0.0336669
         vertex 0.0055 0.02105 0.0312001
      endloop
   endfacet
   facet normal 1 0 0
      outer loop
         vertex 0.0055 0.0178811 0.0346533
         vertex 0.0055 0.0179554 0.0347164
         vertex 0.0055 0.0112237 0.0365001
      endloop
   endfacet
   facet normal 1 0 0
      outer loop
         vertex 0.0055 0.0430973 0.0126053
         vertex 0.0055 0.043 0.0126
         vertex 0.0055 0.0455 0.0110002
      endloop
   endfacet
   facet normal 1 0 0
      outer loop
         vertex 0.0055 0.0192951 0.0344215
         vertex 0.0055 0.019336 0.0343331
         vertex 0.0055 0.02105 0.0345001
      endloop
   endfacet
   facet normal 1 0 0
      outer loop
         vertex 0.0055 0.0185973 0.0331053
         vertex 0.0055 0.0185 0.0331
         vertex 0.0055 0.0205506 0.0307001
      endloop
   endfacet
   facet normal 1 0 0
      outer loop
         vertex 0.0055 0.02105 0.0163
         vertex 0.0055 0.0205506 0.0168
         vertex 0.0055 0.018964 0.0142712
      endloop
   endfacet
   facet normal 0 0 -1
      outer loop
         vertex 0.0055 0.0165252 0.0307001
         vertex 0 0.0165252 0.0307001
         vertex 0 0.0205506 0.0307001
      endloop
   endfacet
   facet normal 0 0 -1
      outer loop
         vertex 0 0.0205506 0.0307001
         vertex 0.0055 0.0205506 0.0307001
         vertex 0.0055 0.0165252 0.0307001
      endloop
   endfacet
   facet normal 0 0.707585 -0.706628
      outer loop
         vertex 0.0055 0.0205506 0.0307001
         vertex 0 0.0205506 0.0307001
         vertex 0 0.02105 0.0312001
      endloop
   endfacet
   facet normal 0 0.707585 -0.706628
      outer loop
         vertex 0 0.02105 0.0312001
         vertex 0.0055 0.02105 0.0312001
         vertex 0.0055 0.0205506 0.0307001
      endloop
   endfacet
   facet normal 0 1 0
      outer loop
         vertex 0.0055 0.02105 0.0312001
         vertex 0 0.02105 0.0312001
         vertex 0 0.02105 0.0345001
      endloop
   endfacet
   facet normal 0 1 0
      outer loop
         vertex 0 0.02105 0.0345001
         vertex 0.0055 0.02105 0.0345001
         vertex 0.0055 0.02105 0.0312001
      endloop
   endfacet
   facet normal 0 0 -1
      outer loop
         vertex 0.0055 0.02105 0.0345001
         vertex 0 0.02105 0.0345001
         vertex 0 0.0275499 0.0345001
      endloop
   endfacet
   facet normal 0 0 -1
      outer loop
         vertex 0 0.0275499 0.0345001
         vertex 0.0055 0.0275499 0.0345001
         vertex 0.0055 0.02105 0.0345001
      endloop
   endfacet
   facet normal 0 -0.707045 -0.707168
      outer loop
         vertex 0.0055 0.0275499 0.0345001
         vertex 0 0.0275499 0.0345001
         vertex 0 0.02855 0.0335001
      endloop
   endfacet
   facet normal 0 -0.707045 -0.707168
      outer loop
         vertex 0 0.02855 0.0335001
         vertex 0.0055 0.02855 0.0335001
         vertex 0.0055 0.0275499 0.0345001
      endloop
   endfacet
   facet normal 0 0 -1
      outer loop
         vertex 0.0055 0.02855 0.0335001
         vertex 0 0.02855 0.0335001
         vertex 0 0.0405 0.0335001
      endloop
   endfacet
   facet normal 0 0 -1
      outer loop
         vertex 0 0.0405 0.0335001
         vertex 0.0055 0.0405 0.0335001
         vertex 0.0055 0.02855 0.0335001
      endloop
   endfacet
   facet normal 0 -1 0
      outer loop
         vertex 0.0055 0.0405 0.0335001
         vertex 0 0.0405 0.0335001
         vertex 0 0.0405 0.014
      endloop
   endfacet
   facet normal 0 -1 0
      outer loop
         vertex 0 0.0405 0.014
         vertex 0.0055 0.0405 0.014
         vertex 0.0055 0.0405 0.0335001
      endloop
   endfacet
   facet normal 0 2.90331e-16 1
      outer loop
         vertex 0.0055 0.0405 0.014
         vertex 0 0.0405 0.014
         vertex 0 0.02855 0.014
      endloop
   endfacet
   facet normal 0 2.90331e-16 1
      outer loop
         vertex 0 0.02855 0.014
         vertex 0.0055 0.02855 0.014
         vertex 0.0055 0.0405 0.014
      endloop
   endfacet
   facet normal 0 -0.707045 0.707168
      outer loop
         vertex 0.0055 0.02855 0.014
         vertex 0 0.02855 0.014
         vertex 0 0.0275499 0.013
      endloop
   endfacet
   facet normal 0 -0.707045 0.707168
      outer loop
         vertex 0 0.0275499 0.013
         vertex 0.0055 0.0275499 0.013
         vertex 0.0055 0.02855 0.014
      endloop
   endfacet
   facet normal 0 2.90331e-16 1
      outer loop
         vertex 0.0055 0.0275499 0.013
         vertex 0 0.0275499 0.013
         vertex 0 0.02105 0.013
      endloop
   endfacet
   facet normal 0 2.90331e-16 1
      outer loop
         vertex 0 0.02105 0.013
         vertex 0.0055 0.02105 0.013
         vertex 0.0055 0.0275499 0.013
      endloop
   endfacet
   facet normal 0 1 0
      outer loop
         vertex 0.0055 0.02105 0.013
         vertex 0 0.02105 0.013
         vertex 0 0.02105 0.0163
      endloop
   endfacet
   facet normal 0 1 0
      outer loop
         vertex 0 0.02105 0.0163
         vertex 0.0055 0.02105 0.0163
         vertex 0.0055 0.02105 0.013
      endloop
   endfacet
   facet normal 0 0.707585 0.706628
      outer loop
         vertex 0.0055 0.02105 0.0163
         vertex 0 0.02105 0.0163
         vertex 0 0.0205506 0.0168
      endloop
   endfacet
   facet normal 0 0.707585 0.706628
      outer loop
         vertex 0 0.0205506 0.0168
         vertex 0.0055 0.0205506 0.0168
         vertex 0.0055 0.02105 0.0163
      endloop
   endfacet
   facet normal 0 0 1
      outer loop
         vertex 0.0055 0.0205506 0.0168
         vertex 0 0.0205506 0.0168
         vertex 0 0.0165252 0.0168
      endloop
   endfacet
   facet normal 0 0 1
      outer loop
         vertex 0 0.0165252 0.0168
         vertex 0.0055 0.0165252 0.0168
         vertex 0.0055 0.0205506 0.0168
      endloop
   endfacet
   facet normal 0 -0.738117 -0.674673
      outer loop
         vertex 0.0055 0.0112237 0.0365001
         vertex 0 0.0112237 0.0365001
         vertex 0 0.0165252 0.0307001
      endloop
   endfacet
   facet normal 0 -0.738117 -0.674673
      outer loop
         vertex 0 0.0165252 0.0307001
         vertex 0.0055 0.0165252 0.0307001
         vertex 0.0055 0.0112237 0.0365001
      endloop
   endfacet
   facet normal 0 -0.738117 0.674673
      outer loop
         vertex 0.0055 0.0165252 0.0168
         vertex 0 0.0165252 0.0168
         vertex 0 0.0112237 0.011
      endloop
   endfacet
   facet normal 0 -0.738117 0.674673
      outer loop
         vertex 0 0.0112237 0.011
         vertex 0.0055 0.0112237 0.011
         vertex 0.0055 0.0165252 0.0168
      endloop
   endfacet
   facet normal 0 -3.43742e-06 1
      outer loop
         vertex 0.0055 0.0455 0.0110002
         vertex 0.0055 0.0112237 0.011
         vertex 0.0348 0.0112237 0.011
      endloop
   endfacet
   facet normal 0 -3.43742e-06 1
      outer loop
         vertex 0.0348 0.0112237 0.011
         vertex 0.0348 0.0455 0.0110002
         vertex 0.0055 0.0455 0.0110002
      endloop
   endfacet
   facet normal 0 3.09118e-16 1
      outer loop
         vertex 0.0348 -1.73472e-18 0.011
         vertex 0.0348 0.0112237 0.011
         vertex 0.0055 0.0112237 0.011
      endloop
   endfacet
   facet normal 0 3.09118e-16 1
      outer loop
         vertex 0.0055 0.0112237 0.011
         vertex 0 -1.73472e-18 0.011
         vertex 0.0348 -1.73472e-18 0.011
      endloop
   endfacet
   facet normal 0 3.09118e-16 1
      outer loop
         vertex 0.0055 0.0112237 0.011
         vertex 0 0.0112237 0.011
         vertex 0 -1.73472e-18 0.011
      endloop
   endfacet
   facet normal 0 -3.43742e-06 -1
      outer loop
         vertex 0.0055 0.0455 0.0364999
         vertex 0.0348 0.0455 0.0364999
         vertex 0.0348 0.0112237 0.0365001
      endloop
   endfacet
   facet normal 0 -3.43742e-06 -1
      outer loop
         vertex 0.0348 0.0112237 0.0365001
         vertex 0.0055 0.0112237 0.0365001
         vertex 0.0055 0.0455 0.0364999
      endloop
   endfacet
   facet normal 0 0 -1
      outer loop
         vertex 0.0348 -1.73472e-18 0.0365001
         vertex 0 -1.73472e-18 0.0365001
         vertex 0.0055 0.0112237 0.0365001
      endloop
   endfacet
   facet normal 0 0 -1
      outer loop
         vertex 0 -1.73472e-18 0.0365001
         vertex 0 0.0112237 0.0365001
         vertex 0.0055 0.0112237 0.0365001
      endloop
   endfacet
   facet normal 0 0 -1
      outer loop
         vertex 0.0055 0.0112237 0.0365001
         vertex 0.0348 0.0112237 0.0365001
         vertex 0.0348 -1.73472e-18 0.0365001
      endloop
   endfacet
   facet normal 0 0.108119 0.994138
      outer loop
         vertex 0.0055 0.0429027 0.0126053
         vertex 0.0055 0.043 0.0126
         vertex 0.0025 0.043 0.0126
      endloop
   endfacet
   facet normal 0 0.21497 0.976621
      outer loop
         vertex 0.0055 0.0428065 0.0126211
         vertex 0.0055 0.0429027 0.0126053
         vertex 0.0025 0.0429027 0.0126053
      endloop
   endfacet
   facet normal 0 0.319302 0.947653
      outer loop
         vertex 0.0055 0.0427126 0.0126471
         vertex 0.0055 0.0428065 0.0126211
         vertex 0.0025 0.0428065 0.0126211
      endloop
   endfacet
   facet normal 0 0.419889 0.907575
      outer loop
         vertex 0.0055 0.0426221 0.0126832
         vertex 0.0055 0.0427126 0.0126471
         vertex 0.0025 0.0427126 0.0126471
      endloop
   endfacet
   facet normal 0 0.515554 0.856857
      outer loop
         vertex 0.0055 0.042536 0.0127288
         vertex 0.0055 0.0426221 0.0126832
         vertex 0.0025 0.0426221 0.0126832
      endloop
   endfacet
   facet normal 0 0.605174 0.796093
      outer loop
         vertex 0.0055 0.0424553 0.0127835
         vertex 0.0055 0.042536 0.0127288
         vertex 0.0025 0.042536 0.0127288
      endloop
   endfacet
   facet normal 0 0.687699 0.725995
      outer loop
         vertex 0.0055 0.042381 0.0128466
         vertex 0.0055 0.0424553 0.0127835
         vertex 0.0025 0.0424553 0.0127835
      endloop
   endfacet
   facet normal 0 0.762162 0.647386
      outer loop
         vertex 0.0055 0.042314 0.0129174
         vertex 0.0055 0.042381 0.0128466
         vertex 0.0025 0.042381 0.0128466
      endloop
   endfacet
   facet normal 0 0.827689 0.561187
      outer loop
         vertex 0.0055 0.042255 0.012995
         vertex 0.0055 0.042314 0.0129174
         vertex 0.0025 0.042314 0.0129174
      endloop
   endfacet
   facet normal 0 0.883512 0.468408
      outer loop
         vertex 0.0055 0.0422048 0.0130785
         vertex 0.0055 0.042255 0.012995
         vertex 0.0025 0.042255 0.012995
      endloop
   endfacet
   facet normal 0 0.928977 0.370138
      outer loop
         vertex 0.0055 0.0421639 0.0131669
         vertex 0.0055 0.0422048 0.0130785
         vertex 0.0025 0.0422048 0.0130785
      endloop
   endfacet
   facet normal 0 0.96355 0.267528
      outer loop
         vertex 0.0055 0.0421328 0.0132592
         vertex 0.0055 0.0421639 0.0131669
         vertex 0.0025 0.0421639 0.0131669
      endloop
   endfacet
   facet normal 0 0.986827 0.161782
      outer loop
         vertex 0.0055 0.0421118 0.0133544
         vertex 0.0055 0.0421328 0.0132592
         vertex 0.0025 0.0421328 0.0132592
      endloop
   endfacet
   facet normal 0 0.998533 0.0541389
      outer loop
         vertex 0.0055 0.0421013 0.0134513
         vertex 0.0055 0.0421118 0.0133544
         vertex 0.0025 0.0421118 0.0133544
      endloop
   endfacet
   facet normal 0 0.998533 -0.0541389
      outer loop
         vertex 0.0055 0.0421013 0.0135488
         vertex 0.0055 0.0421013 0.0134513
         vertex 0.0025 0.0421013 0.0134513
      endloop
   endfacet
   facet normal 0 0.986827 -0.161782
      outer loop
         vertex 0.0055 0.0421118 0.0136456
         vertex 0.0055 0.0421013 0.0135488
         vertex 0.0025 0.0421013 0.0135488
      endloop
   endfacet
   facet normal 0 0.96355 -0.267528
      outer loop
         vertex 0.0055 0.0421328 0.0137408
         vertex 0.0055 0.0421118 0.0136456
         vertex 0.0025 0.0421118 0.0136456
      endloop
   endfacet
   facet normal 0 0.928977 -0.370138
      outer loop
         vertex 0.0055 0.0421639 0.0138332
         vertex 0.0055 0.0421328 0.0137408
         vertex 0.0025 0.0421328 0.0137408
      endloop
   endfacet
   facet normal 0 0.883512 -0.468408
      outer loop
         vertex 0.0055 0.0422048 0.0139216
         vertex 0.0055 0.0421639 0.0138332
         vertex 0.0025 0.0421639 0.0138332
      endloop
   endfacet
   facet normal 0 0.827689 -0.561187
      outer loop
         vertex 0.0055 0.042255 0.0140051
         vertex 0.0055 0.0422048 0.0139216
         vertex 0.0025 0.0422048 0.0139216
      endloop
   endfacet
   facet normal 0 0.762162 -0.647386
      outer loop
         vertex 0.0055 0.042314 0.0140827
         vertex 0.0055 0.042255 0.0140051
         vertex 0.0025 0.042255 0.0140051
      endloop
   endfacet
   facet normal 0 0.687699 -0.725995
      outer loop
         vertex 0.0055 0.042381 0.0141534
         vertex 0.0055 0.042314 0.0140827
         vertex 0.0025 0.042314 0.0140827
      endloop
   endfacet
   facet normal 0 0.605174 -0.796093
      outer loop
         vertex 0.0055 0.0424553 0.0142165
         vertex 0.0055 0.042381 0.0141534
         vertex 0.0025 0.042381 0.0141534
      endloop
   endfacet
   facet normal 0 0.515554 -0.856857
      outer loop
         vertex 0.0055 0.042536 0.0142712
         vertex 0.0055 0.0424553 0.0142165
         vertex 0.0025 0.0424553 0.0142165
      endloop
   endfacet
   facet normal 0 0.419889 -0.907575
      outer loop
         vertex 0.0055 0.0426221 0.0143169
         vertex 0.0055 0.042536 0.0142712
         vertex 0.0025 0.042536 0.0142712
      endloop
   endfacet
   facet normal 0 0.319302 -0.947653
      outer loop
         vertex 0.0055 0.0427126 0.0143529
         vertex 0.0055 0.0426221 0.0143169
         vertex 0.0025 0.0426221 0.0143169
      endloop
   endfacet
   facet normal 0 0.21497 -0.976621
      outer loop
         vertex 0.0055 0.0428065 0.014379
         vertex 0.0055 0.0427126 0.0143529
         vertex 0.0025 0.0427126 0.0143529
      endloop
   endfacet
   facet normal 0 0.108119 -0.994138
      outer loop
         vertex 0.0055 0.0429027 0.0143948
         vertex 0.0055 0.0428065 0.014379
         vertex 0.0025 0.0428065 0.014379
      endloop
   endfacet
   facet normal 0 -1.22465e-16 -1
      outer loop
         vertex 0.0055 0.043 0.0144
         vertex 0.0055 0.0429027 0.0143948
         vertex 0.0025 0.0429027 0.0143948
      endloop
   endfacet
   facet normal 0 -0.108119 -0.994138
      outer loop
         vertex 0.0055 0.0430973 0.0143948
         vertex 0.0055 0.043 0.0144
         vertex 0.0025 0.043 0.0144
      endloop
   endfacet
   facet normal 0 -0.21497 -0.976621
      outer loop
         vertex 0.0055 0.0431934 0.014379
         vertex 0.0055 0.0430973 0.0143948
         vertex 0.0025 0.0430973 0.0143948
      endloop
   endfacet
   facet normal 0 -0.319302 -0.947653
      outer loop
         vertex 0.0055 0.0432873 0.0143529
         vertex 0.0055 0.0431934 0.014379
         vertex 0.0025 0.0431934 0.014379
      endloop
   endfacet
   facet normal 0 -0.419889 -0.907575
      outer loop
         vertex 0.0055 0.0433779 0.0143169
         vertex 0.0055 0.0432873 0.0143529
         vertex 0.0025 0.0432873 0.0143529
      endloop
   endfacet
   facet normal 0 -0.515554 -0.856857
      outer loop
         vertex 0.0055 0.043464 0.0142712
         vertex 0.0055 0.0433779 0.0143169
         vertex 0.0025 0.0433779 0.0143169
      endloop
   endfacet
   facet normal 0 -0.605174 -0.796093
      outer loop
         vertex 0.0055 0.0435446 0.0142165
         vertex 0.0055 0.043464 0.0142712
         vertex 0.0025 0.043464 0.0142712
      endloop
   endfacet
   facet normal 0 -0.687699 -0.725995
      outer loop
         vertex 0.0055 0.0436189 0.0141534
         vertex 0.0055 0.0435446 0.0142165
         vertex 0.0025 0.0435446 0.0142165
      endloop
   endfacet
   facet normal 0 -0.762162 -0.647386
      outer loop
         vertex 0.0055 0.0436859 0.0140827
         vertex 0.0055 0.0436189 0.0141534
         vertex 0.0025 0.0436189 0.0141534
      endloop
   endfacet
   facet normal 0 -0.827689 -0.561187
      outer loop
         vertex 0.0055 0.0437449 0.0140051
         vertex 0.0055 0.0436859 0.0140827
         vertex 0.0025 0.0436859 0.0140827
      endloop
   endfacet
   facet normal 0 -0.883512 -0.468408
      outer loop
         vertex 0.0055 0.0437951 0.0139216
         vertex 0.0055 0.0437449 0.0140051
         vertex 0.0025 0.0437449 0.0140051
      endloop
   endfacet
   facet normal 0 -0.928977 -0.370138
      outer loop
         vertex 0.0055 0.0438361 0.0138332
         vertex 0.0055 0.0437951 0.0139216
         vertex 0.0025 0.0437951 0.0139216
      endloop
   endfacet
   facet normal 0 -0.96355 -0.267528
      outer loop
         vertex 0.0055 0.0438672 0.0137408
         vertex 0.0055 0.0438361 0.0138332
         vertex 0.0025 0.0438361 0.0138332
      endloop
   endfacet
   facet normal 0 -0.986827 -0.161782
      outer loop
         vertex 0.0055 0.0438881 0.0136456
         vertex 0.0055 0.0438672 0.0137408
         vertex 0.0025 0.0438672 0.0137408
      endloop
   endfacet
   facet normal 0 -0.998533 -0.0541389
      outer loop
         vertex 0.0055 0.0438987 0.0135488
         vertex 0.0055 0.0438881 0.0136456
         vertex 0.0025 0.0438881 0.0136456
      endloop
   endfacet
   facet normal 0 -0.998533 0.0541389
      outer loop
         vertex 0.0055 0.0438987 0.0134513
         vertex 0.0055 0.0438987 0.0135488
         vertex 0.0025 0.0438987 0.0135488
      endloop
   endfacet
   facet normal 0 -0.986827 0.161782
      outer loop
         vertex 0.0055 0.0438881 0.0133544
         vertex 0.0055 0.0438987 0.0134513
         vertex 0.0025 0.0438987 0.0134513
      endloop
   endfacet
   facet normal 0 -0.96355 0.267528
      outer loop
         vertex 0.0055 0.0438672 0.0132592
         vertex 0.0055 0.0438881 0.0133544
         vertex 0.0025 0.0438881 0.0133544
      endloop
   endfacet
   facet normal 0 -0.928977 0.370138
      outer loop
         vertex 0.0055 0.0438361 0.0131669
         vertex 0.0055 0.0438672 0.0132592
         vertex 0.0025 0.0438672 0.0132592
      endloop
   endfacet
   facet normal 0 -0.883512 0.468408
      outer loop
         vertex 0.0055 0.0437951 0.0130785
         vertex 0.0055 0.0438361 0.0131669
         vertex 0.0025 0.0438361 0.0131669
      endloop
   endfacet
   facet normal 0 -0.827689 0.561187
      outer loop
         vertex 0.0055 0.0437449 0.012995
         vertex 0.0055 0.0437951 0.0130785
         vertex 0.0025 0.0437951 0.0130785
      endloop
   endfacet
   facet normal 0 -0.762162 0.647386
      outer loop
         vertex 0.0055 0.0436859 0.0129174
         vertex 0.0055 0.0437449 0.012995
         vertex 0.0025 0.0437449 0.012995
      endloop
   endfacet
   facet normal 0 -0.687699 0.725995
      outer loop
         vertex 0.0055 0.0436189 0.0128466
         vertex 0.0055 0.0436859 0.0129174
         vertex 0.0025 0.0436859 0.0129174
      endloop
   endfacet
   facet normal 0 -0.605174 0.796093
      outer loop
         vertex 0.0055 0.0435446 0.0127835
         vertex 0.0055 0.0436189 0.0128466
         vertex 0.0025 0.0436189 0.0128466
      endloop
   endfacet
   facet normal 0 -0.515554 0.856857
      outer loop
         vertex 0.0055 0.043464 0.0127288
         vertex 0.0055 0.0435446 0.0127835
         vertex 0.0025 0.0435446 0.0127835
      endloop
   endfacet
   facet normal 0 -0.419889 0.907575
      outer loop
         vertex 0.0055 0.0433779 0.0126832
         vertex 0.0055 0.043464 0.0127288
         vertex 0.0025 0.043464 0.0127288
      endloop
   endfacet
   facet normal 0 -0.319302 0.947653
      outer loop
         vertex 0.0055 0.0432873 0.0126471
         vertex 0.0055 0.0433779 0.0126832
         vertex 0.0025 0.0433779 0.0126832
      endloop
   endfacet
   facet normal 0 -0.21497 0.976621
      outer loop
         vertex 0.0055 0.0431934 0.0126211
         vertex 0.0055 0.0432873 0.0126471
         vertex 0.0025 0.0432873 0.0126471
      endloop
   endfacet
   facet normal 0 -0.108119 0.994138
      outer loop
         vertex 0.0055 0.0430973 0.0126053
         vertex 0.0055 0.0431934 0.0126211
         vertex 0.0025 0.0431934 0.0126211
      endloop
   endfacet
   facet normal 0 0 1
      outer loop
         vertex 0.0055 0.043 0.0126
         vertex 0.0055 0.0430973 0.0126053
         vertex 0.0025 0.0430973 0.0126053
      endloop
   endfacet
   facet normal 0 -0.108119 0.994138
      outer loop
         vertex 0.0025 0.0430973 0.0126053
         vertex 0.0025 0.043 0.0126
         vertex 0.0055 0.043 0.0126
      endloop
   endfacet
   facet normal 0 -0.21497 0.976621
      outer loop
         vertex 0.0025 0.0431934 0.0126211
         vertex 0.0025 0.0430973 0.0126053
         vertex 0.0055 0.0430973 0.0126053
      endloop
   endfacet
   facet normal 0 -0.319302 0.947653
      outer loop
         vertex 0.0025 0.0432873 0.0126471
         vertex 0.0025 0.0431934 0.0126211
         vertex 0.0055 0.0431934 0.0126211
      endloop
   endfacet
   facet normal 0 -0.419889 0.907575
      outer loop
         vertex 0.0025 0.0433779 0.0126832
         vertex 0.0025 0.0432873 0.0126471
         vertex 0.0055 0.0432873 0.0126471
      endloop
   endfacet
   facet normal 0 -0.515554 0.856857
      outer loop
         vertex 0.0025 0.043464 0.0127288
         vertex 0.0025 0.0433779 0.0126832
         vertex 0.0055 0.0433779 0.0126832
      endloop
   endfacet
   facet normal 0 -0.605174 0.796093
      outer loop
         vertex 0.0025 0.0435446 0.0127835
         vertex 0.0025 0.043464 0.0127288
         vertex 0.0055 0.043464 0.0127288
      endloop
   endfacet
   facet normal 0 -0.687699 0.725995
      outer loop
         vertex 0.0025 0.0436189 0.0128466
         vertex 0.0025 0.0435446 0.0127835
         vertex 0.0055 0.0435446 0.0127835
      endloop
   endfacet
   facet normal 0 -0.762162 0.647386
      outer loop
         vertex 0.0025 0.0436859 0.0129174
         vertex 0.0025 0.0436189 0.0128466
         vertex 0.0055 0.0436189 0.0128466
      endloop
   endfacet
   facet normal 0 -0.827689 0.561187
      outer loop
         vertex 0.0025 0.0437449 0.012995
         vertex 0.0025 0.0436859 0.0129174
         vertex 0.0055 0.0436859 0.0129174
      endloop
   endfacet
   facet normal 0 -0.883512 0.468408
      outer loop
         vertex 0.0025 0.0437951 0.0130785
         vertex 0.0025 0.0437449 0.012995
         vertex 0.0055 0.0437449 0.012995
      endloop
   endfacet
   facet normal 0 -0.928977 0.370138
      outer loop
         vertex 0.0025 0.0438361 0.0131669
         vertex 0.0025 0.0437951 0.0130785
         vertex 0.0055 0.0437951 0.0130785
      endloop
   endfacet
   facet normal 0 -0.96355 0.267528
      outer loop
         vertex 0.0025 0.0438672 0.0132592
         vertex 0.0025 0.0438361 0.0131669
         vertex 0.0055 0.0438361 0.0131669
      endloop
   endfacet
   facet normal 0 -0.986827 0.161782
      outer loop
         vertex 0.0025 0.0438881 0.0133544
         vertex 0.0025 0.0438672 0.0132592
         vertex 0.0055 0.0438672 0.0132592
      endloop
   endfacet
   facet normal 0 -0.998533 0.0541389
      outer loop
         vertex 0.0025 0.0438987 0.0134513
         vertex 0.0025 0.0438881 0.0133544
         vertex 0.0055 0.0438881 0.0133544
      endloop
   endfacet
   facet normal 0 -0.998533 -0.0541389
      outer loop
         vertex 0.0025 0.0438987 0.0135488
         vertex 0.0025 0.0438987 0.0134513
         vertex 0.0055 0.0438987 0.0134513
      endloop
   endfacet
   facet normal 0 -0.986827 -0.161782
      outer loop
         vertex 0.0025 0.0438881 0.0136456
         vertex 0.0025 0.0438987 0.0135488
         vertex 0.0055 0.0438987 0.0135488
      endloop
   endfacet
   facet normal 0 -0.96355 -0.267528
      outer loop
         vertex 0.0025 0.0438672 0.0137408
         vertex 0.0025 0.0438881 0.0136456
         vertex 0.0055 0.0438881 0.0136456
      endloop
   endfacet
   facet normal 0 -0.928977 -0.370138
      outer loop
         vertex 0.0025 0.0438361 0.0138332
         vertex 0.0025 0.0438672 0.0137408
         vertex 0.0055 0.0438672 0.0137408
      endloop
   endfacet
   facet normal 0 -0.883512 -0.468408
      outer loop
         vertex 0.0025 0.0437951 0.0139216
         vertex 0.0025 0.0438361 0.0138332
         vertex 0.0055 0.0438361 0.0138332
      endloop
   endfacet
   facet normal 0 -0.827689 -0.561187
      outer loop
         vertex 0.0025 0.0437449 0.0140051
         vertex 0.0025 0.0437951 0.0139216
         vertex 0.0055 0.0437951 0.0139216
      endloop
   endfacet
   facet normal 0 -0.762162 -0.647386
      outer loop
         vertex 0.0025 0.0436859 0.0140827
         vertex 0.0025 0.0437449 0.0140051
         vertex 0.0055 0.0437449 0.0140051
      endloop
   endfacet
   facet normal 0 -0.687699 -0.725995
      outer loop
         vertex 0.0025 0.0436189 0.0141534
         vertex 0.0025 0.0436859 0.0140827
         vertex 0.0055 0.0436859 0.0140827
      endloop
   endfacet
   facet normal 0 -0.605174 -0.796093
      outer loop
         vertex 0.0025 0.0435446 0.0142165
         vertex 0.0025 0.0436189 0.0141534
         vertex 0.0055 0.0436189 0.0141534
      endloop
   endfacet
   facet normal 0 -0.515554 -0.856857
      outer loop
         vertex 0.0025 0.043464 0.0142712
         vertex 0.0025 0.0435446 0.0142165
         vertex 0.0055 0.0435446 0.0142165
      endloop
   endfacet
   facet normal 0 -0.419889 -0.907575
      outer loop
         vertex 0.0025 0.0433779 0.0143169
         vertex 0.0025 0.043464 0.0142712
         vertex 0.0055 0.043464 0.0142712
      endloop
   endfacet
   facet normal 0 -0.319302 -0.947653
      outer loop
         vertex 0.0025 0.0432873 0.0143529
         vertex 0.0025 0.0433779 0.0143169
         vertex 0.0055 0.0433779 0.0143169
      endloop
   endfacet
   facet normal 0 -0.21497 -0.976621
      outer loop
         vertex 0.0025 0.0431934 0.014379
         vertex 0.0025 0.0432873 0.0143529
         vertex 0.0055 0.0432873 0.0143529
      endloop
   endfacet
   facet normal 0 -0.108119 -0.994138
      outer loop
         vertex 0.0025 0.0430973 0.0143948
         vertex 0.0025 0.0431934 0.014379
         vertex 0.0055 0.0431934 0.014379
      endloop
   endfacet
   facet normal 0 0 -1
      outer loop
         vertex 0.0025 0.043 0.0144
         vertex 0.0025 0.0430973 0.0143948
         vertex 0.0055 0.0430973 0.0143948
      endloop
   endfacet
   facet normal 0 0.108119 -0.994138
      outer loop
         vertex 0.0025 0.0429027 0.0143948
         vertex 0.0025 0.043 0.0144
         vertex 0.0055 0.043 0.0144
      endloop
   endfacet
   facet normal 0 0.21497 -0.976621
      outer loop
         vertex 0.0025 0.0428065 0.014379
         vertex 0.0025 0.0429027 0.0143948
         vertex 0.0055 0.0429027 0.0143948
      endloop
   endfacet
   facet normal 0 0.319302 -0.947653
      outer loop
         vertex 0.0025 0.0427126 0.0143529
         vertex 0.0025 0.0428065 0.014379
         vertex 0.0055 0.0428065 0.014379
      endloop
   endfacet
   facet normal 0 0.419889 -0.907575
      outer loop
         vertex 0.0025 0.0426221 0.0143169
         vertex 0.0025 0.0427126 0.0143529
         vertex 0.0055 0.0427126 0.0143529
      endloop
   endfacet
   facet normal 0 0.515554 -0.856857
      outer loop
         vertex 0.0025 0.042536 0.0142712
         vertex 0.0025 0.0426221 0.0143169
         vertex 0.0055 0.0426221 0.0143169
      endloop
   endfacet
   facet normal 0 0.605174 -0.796093
      outer loop
         vertex 0.0025 0.0424553 0.0142165
         vertex 0.0025 0.042536 0.0142712
         vertex 0.0055 0.042536 0.0142712
      endloop
   endfacet
   facet normal 0 0.687699 -0.725995
      outer loop
         vertex 0.0025 0.042381 0.0141534
         vertex 0.0025 0.0424553 0.0142165
         vertex 0.0055 0.0424553 0.0142165
      endloop
   endfacet
   facet normal 0 0.762162 -0.647386
      outer loop
         vertex 0.0025 0.042314 0.0140827
         vertex 0.0025 0.042381 0.0141534
         vertex 0.0055 0.042381 0.0141534
      endloop
   endfacet
   facet normal 0 0.827689 -0.561187
      outer loop
         vertex 0.0025 0.042255 0.0140051
         vertex 0.0025 0.042314 0.0140827
         vertex 0.0055 0.042314 0.0140827
      endloop
   endfacet
   facet normal 0 0.883512 -0.468408
      outer loop
         vertex 0.0025 0.0422048 0.0139216
         vertex 0.0025 0.042255 0.0140051
         vertex 0.0055 0.042255 0.0140051
      endloop
   endfacet
   facet normal 0 0.928977 -0.370138
      outer loop
         vertex 0.0025 0.0421639 0.0138332
         vertex 0.0025 0.0422048 0.0139216
         vertex 0.0055 0.0422048 0.0139216
      endloop
   endfacet
   facet normal 0 0.96355 -0.267528
      outer loop
         vertex 0.0025 0.0421328 0.0137408
         vertex 0.0025 0.0421639 0.0138332
         vertex 0.0055 0.0421639 0.0138332
      endloop
   endfacet
   facet normal 0 0.986827 -0.161782
      outer loop
         vertex 0.0025 0.0421118 0.0136456
         vertex 0.0025 0.0421328 0.0137408
         vertex 0.0055 0.0421328 0.0137408
      endloop
   endfacet
   facet normal 0 0.998533 -0.0541389
      outer loop
         vertex 0.0025 0.0421013 0.0135488
         vertex 0.0025 0.0421118 0.0136456
         vertex 0.0055 0.0421118 0.0136456
      endloop
   endfacet
   facet normal 0 0.998533 0.0541389
      outer loop
         vertex 0.0025 0.0421013 0.0134513
         vertex 0.0025 0.0421013 0.0135488
         vertex 0.0055 0.0421013 0.0135488
      endloop
   endfacet
   facet normal 0 0.986827 0.161782
      outer loop
         vertex 0.0025 0.0421118 0.0133544
         vertex 0.0025 0.0421013 0.0134513
         vertex 0.0055 0.0421013 0.0134513
      endloop
   endfacet
   facet normal 0 0.96355 0.267528
      outer loop
         vertex 0.0025 0.0421328 0.0132592
         vertex 0.0025 0.0421118 0.0133544
         vertex 0.0055 0.0421118 0.0133544
      endloop
   endfacet
   facet normal 0 0.928977 0.370138
      outer loop
         vertex 0.0025 0.0421639 0.0131669
         vertex 0.0025 0.0421328 0.0132592
         vertex 0.0055 0.0421328 0.0132592
      endloop
   endfacet
   facet normal 0 0.883512 0.468408
      outer loop
         vertex 0.0025 0.0422048 0.0130785
         vertex 0.0025 0.0421639 0.0131669
         vertex 0.0055 0.0421639 0.0131669
      endloop
   endfacet
   facet normal 0 0.827689 0.561187
      outer loop
         vertex 0.0025 0.042255 0.012995
         vertex 0.0025 0.0422048 0.0130785
         vertex 0.0055 0.0422048 0.0130785
      endloop
   endfacet
   facet normal 0 0.762162 0.647386
      outer loop
         vertex 0.0025 0.042314 0.0129174
         vertex 0.0025 0.042255 0.012995
         vertex 0.0055 0.042255 0.012995
      endloop
   endfacet
   facet normal 0 0.687699 0.725995
      outer loop
         vertex 0.0025 0.042381 0.0128466
         vertex 0.0025 0.042314 0.0129174
         vertex 0.0055 0.042314 0.0129174
      endloop
   endfacet
   facet normal 0 0.605174 0.796093
      outer loop
         vertex 0.0025 0.0424553 0.0127835
         vertex 0.0025 0.042381 0.0128466
         vertex 0.0055 0.042381 0.0128466
      endloop
   endfacet
   facet normal 0 0.515554 0.856857
      outer loop
         vertex 0.0025 0.042536 0.0127288
         vertex 0.0025 0.0424553 0.0127835
         vertex 0.0055 0.0424553 0.0127835
      endloop
   endfacet
   facet normal 0 0.419889 0.907575
      outer loop
         vertex 0.0025 0.0426221 0.0126832
         vertex 0.0025 0.042536 0.0127288
         vertex 0.0055 0.042536 0.0127288
      endloop
   endfacet
   facet normal 0 0.319302 0.947653
      outer loop
         vertex 0.0025 0.0427126 0.0126471
         vertex 0.0025 0.0426221 0.0126832
         vertex 0.0055 0.0426221 0.0126832
      endloop
   endfacet
   facet normal 0 0.21497 0.976621
      outer loop
         vertex 0.0025 0.0428065 0.0126211
         vertex 0.0025 0.0427126 0.0126471
         vertex 0.0055 0.0427126 0.0126471
      endloop
   endfacet
   facet normal 0 0.108119 0.994138
      outer loop
         vertex 0.0025 0.0429027 0.0126053
         vertex 0.0025 0.0428065 0.0126211
         vertex 0.0055 0.0428065 0.0126211
      endloop
   endfacet
   facet normal 0 0 1
      outer loop
         vertex 0.0025 0.043 0.0126
         vertex 0.0025 0.0429027 0.0126053
         vertex 0.0055 0.0429027 0.0126053
      endloop
   endfacet
   facet normal 0 0.108119 0.994138
      outer loop
         vertex 0.0055 0.0184027 0.0126055
         vertex 0.0055 0.0185 0.0126002
         vertex 0.0025 0.0185 0.0126002
      endloop
   endfacet
   facet normal 0 0.21497 0.976621
      outer loop
         vertex 0.0055 0.0183066 0.0126212
         vertex 0.0055 0.0184027 0.0126055
         vertex 0.0025 0.0184027 0.0126055
      endloop
   endfacet
   facet normal 0 0.319302 0.947653
      outer loop
         vertex 0.0055 0.0182127 0.0126473
         vertex 0.0055 0.0183066 0.0126212
         vertex 0.0025 0.0183066 0.0126212
      endloop
   endfacet
   facet normal 0 0.419889 0.907575
      outer loop
         vertex 0.0055 0.0181221 0.0126834
         vertex 0.0055 0.0182127 0.0126473
         vertex 0.0025 0.0182127 0.0126473
      endloop
   endfacet
   facet normal 0 0.515554 0.856857
      outer loop
         vertex 0.0055 0.018036 0.012729
         vertex 0.0055 0.0181221 0.0126834
         vertex 0.0025 0.0181221 0.0126834
      endloop
   endfacet
   facet normal 0 0.605174 0.796093
      outer loop
         vertex 0.0055 0.0179554 0.0127837
         vertex 0.0055 0.018036 0.012729
         vertex 0.0025 0.018036 0.012729
      endloop
   endfacet
   facet normal 0 0.687699 0.725995
      outer loop
         vertex 0.0055 0.0178811 0.0128468
         vertex 0.0055 0.0179554 0.0127837
         vertex 0.0025 0.0179554 0.0127837
      endloop
   endfacet
   facet normal 0 0.762162 0.647386
      outer loop
         vertex 0.0055 0.0178141 0.0129175
         vertex 0.0055 0.0178811 0.0128468
         vertex 0.0025 0.0178811 0.0128468
      endloop
   endfacet
   facet normal 0 0.827689 0.561187
      outer loop
         vertex 0.0055 0.0177551 0.0129951
         vertex 0.0055 0.0178141 0.0129175
         vertex 0.0025 0.0178141 0.0129175
      endloop
   endfacet
   facet normal 0 0.883512 0.468408
      outer loop
         vertex 0.0055 0.0177049 0.0130786
         vertex 0.0055 0.0177551 0.0129951
         vertex 0.0025 0.0177551 0.0129951
      endloop
   endfacet
   facet normal 0 0.928977 0.370138
      outer loop
         vertex 0.0055 0.017664 0.013167
         vertex 0.0055 0.0177049 0.0130786
         vertex 0.0025 0.0177049 0.0130786
      endloop
   endfacet
   facet normal 0 0.96355 0.267528
      outer loop
         vertex 0.0055 0.0176329 0.0132594
         vertex 0.0055 0.017664 0.013167
         vertex 0.0025 0.017664 0.013167
      endloop
   endfacet
   facet normal 0 0.986827 0.161782
      outer loop
         vertex 0.0055 0.0176119 0.0133545
         vertex 0.0055 0.0176329 0.0132594
         vertex 0.0025 0.0176329 0.0132594
      endloop
   endfacet
   facet normal 0 0.998533 0.0541389
      outer loop
         vertex 0.0055 0.0176014 0.0134514
         vertex 0.0055 0.0176119 0.0133545
         vertex 0.0025 0.0176119 0.0133545
      endloop
   endfacet
   facet normal 0 0.998533 -0.0541389
      outer loop
         vertex 0.0055 0.0176014 0.0135488
         vertex 0.0055 0.0176014 0.0134514
         vertex 0.0025 0.0176014 0.0134514
      endloop
   endfacet
   facet normal 0 0.986827 -0.161782
      outer loop
         vertex 0.0055 0.0176119 0.0136457
         vertex 0.0055 0.0176014 0.0135488
         vertex 0.0025 0.0176014 0.0135488
      endloop
   endfacet
   facet normal 0 0.96355 -0.267528
      outer loop
         vertex 0.0055 0.0176329 0.0137409
         vertex 0.0055 0.0176119 0.0136457
         vertex 0.0025 0.0176119 0.0136457
      endloop
   endfacet
   facet normal 0 0.928977 -0.370138
      outer loop
         vertex 0.0055 0.017664 0.0138332
         vertex 0.0055 0.0176329 0.0137409
         vertex 0.0025 0.0176329 0.0137409
      endloop
   endfacet
   facet normal 0 0.883512 -0.468408
      outer loop
         vertex 0.0055 0.0177049 0.0139217
         vertex 0.0055 0.017664 0.0138332
         vertex 0.0025 0.017664 0.0138332
      endloop
   endfacet
   facet normal 0 0.827689 -0.561187
      outer loop
         vertex 0.0055 0.0177551 0.0140052
         vertex 0.0055 0.0177049 0.0139217
         vertex 0.0025 0.0177049 0.0139217
      endloop
   endfacet
   facet normal 0 0.762162 -0.647386
      outer loop
         vertex 0.0055 0.0178141 0.0140827
         vertex 0.0055 0.0177551 0.0140052
         vertex 0.0025 0.0177551 0.0140052
      endloop
   endfacet
   facet normal 0 0.687699 -0.725995
      outer loop
         vertex 0.0055 0.0178811 0.0141535
         vertex 0.0055 0.0178141 0.0140827
         vertex 0.0025 0.0178141 0.0140827
      endloop
   endfacet
   facet normal 0 0.605174 -0.796093
      outer loop
         vertex 0.0055 0.0179554 0.0142166
         vertex 0.0055 0.0178811 0.0141535
         vertex 0.0025 0.0178811 0.0141535
      endloop
   endfacet
   facet normal 0 0.515554 -0.856857
      outer loop
         vertex 0.0055 0.018036 0.0142712
         vertex 0.0055 0.0179554 0.0142166
         vertex 0.0025 0.0179554 0.0142166
      endloop
   endfacet
   facet normal 0 0.419889 -0.907575
      outer loop
         vertex 0.0055 0.0181221 0.0143169
         vertex 0.0055 0.018036 0.0142712
         vertex 0.0025 0.018036 0.0142712
      endloop
   endfacet
   facet normal 0 0.319302 -0.947653
      outer loop
         vertex 0.0055 0.0182127 0.014353
         vertex 0.0055 0.0181221 0.0143169
         vertex 0.0025 0.0181221 0.0143169
      endloop
   endfacet
   facet normal 0 0.21497 -0.976621
      outer loop
         vertex 0.0055 0.0183066 0.014379
         vertex 0.0055 0.0182127 0.014353
         vertex 0.0025 0.0182127 0.014353
      endloop
   endfacet
   facet normal 0 0.108119 -0.994138
      outer loop
         vertex 0.0055 0.0184027 0.0143948
         vertex 0.0055 0.0183066 0.014379
         vertex 0.0025 0.0183066 0.014379
      endloop
   endfacet
   facet normal 0 -1.22465e-16 -1
      outer loop
         vertex 0.0055 0.0185 0.0144001
         vertex 0.0055 0.0184027 0.0143948
         vertex 0.0025 0.0184027 0.0143948
      endloop
   endfacet
   facet normal 0 -0.108119 -0.994138
      outer loop
         vertex 0.0055 0.0185973 0.0143948
         vertex 0.0055 0.0185 0.0144001
         vertex 0.0025 0.0185 0.0144001
      endloop
   endfacet
   facet normal 0 -0.21497 -0.976621
      outer loop
         vertex 0.0055 0.0186935 0.014379
         vertex 0.0055 0.0185973 0.0143948
         vertex 0.0025 0.0185973 0.0143948
      endloop
   endfacet
   facet normal 0 -0.319302 -0.947653
      outer loop
         vertex 0.0055 0.0187874 0.014353
         vertex 0.0055 0.0186935 0.014379
         vertex 0.0025 0.0186935 0.014379
      endloop
   endfacet
   facet normal 0 -0.419889 -0.907575
      outer loop
         vertex 0.0055 0.0188779 0.0143169
         vertex 0.0055 0.0187874 0.014353
         vertex 0.0025 0.0187874 0.014353
      endloop
   endfacet
   facet normal 0 -0.515554 -0.856857
      outer loop
         vertex 0.0055 0.018964 0.0142712
         vertex 0.0055 0.0188779 0.0143169
         vertex 0.0025 0.0188779 0.0143169
      endloop
   endfacet
   facet normal 0 -0.605174 -0.796093
      outer loop
         vertex 0.0055 0.0190446 0.0142166
         vertex 0.0055 0.018964 0.0142712
         vertex 0.0025 0.018964 0.0142712
      endloop
   endfacet
   facet normal 0 -0.687699 -0.725995
      outer loop
         vertex 0.0055 0.0191189 0.0141535
         vertex 0.0055 0.0190446 0.0142166
         vertex 0.0025 0.0190446 0.0142166
      endloop
   endfacet
   facet normal 0 -0.762162 -0.647386
      outer loop
         vertex 0.0055 0.0191859 0.0140827
         vertex 0.0055 0.0191189 0.0141535
         vertex 0.0025 0.0191189 0.0141535
      endloop
   endfacet
   facet normal 0 -0.827689 -0.561187
      outer loop
         vertex 0.0055 0.0192449 0.0140052
         vertex 0.0055 0.0191859 0.0140827
         vertex 0.0025 0.0191859 0.0140827
      endloop
   endfacet
   facet normal 0 -0.883512 -0.468408
      outer loop
         vertex 0.0055 0.0192951 0.0139217
         vertex 0.0055 0.0192449 0.0140052
         vertex 0.0025 0.0192449 0.0140052
      endloop
   endfacet
   facet normal 0 -0.928977 -0.370138
      outer loop
         vertex 0.0055 0.019336 0.0138332
         vertex 0.0055 0.0192951 0.0139217
         vertex 0.0025 0.0192951 0.0139217
      endloop
   endfacet
   facet normal 0 -0.96355 -0.267528
      outer loop
         vertex 0.0055 0.0193672 0.0137409
         vertex 0.0055 0.019336 0.0138332
         vertex 0.0025 0.019336 0.0138332
      endloop
   endfacet
   facet normal 0 -0.986827 -0.161782
      outer loop
         vertex 0.0055 0.0193881 0.0136457
         vertex 0.0055 0.0193672 0.0137409
         vertex 0.0025 0.0193672 0.0137409
      endloop
   endfacet
   facet normal 0 -0.998533 -0.0541389
      outer loop
         vertex 0.0055 0.0193986 0.0135488
         vertex 0.0055 0.0193881 0.0136457
         vertex 0.0025 0.0193881 0.0136457
      endloop
   endfacet
   facet normal 0 -0.998533 0.0541389
      outer loop
         vertex 0.0055 0.0193986 0.0134514
         vertex 0.0055 0.0193986 0.0135488
         vertex 0.0025 0.0193986 0.0135488
      endloop
   endfacet
   facet normal 0 -0.986827 0.161782
      outer loop
         vertex 0.0055 0.0193881 0.0133545
         vertex 0.0055 0.0193986 0.0134514
         vertex 0.0025 0.0193986 0.0134514
      endloop
   endfacet
   facet normal 0 -0.96355 0.267528
      outer loop
         vertex 0.0055 0.0193672 0.0132594
         vertex 0.0055 0.0193881 0.0133545
         vertex 0.0025 0.0193881 0.0133545
      endloop
   endfacet
   facet normal 0 -0.928977 0.370138
      outer loop
         vertex 0.0055 0.019336 0.013167
         vertex 0.0055 0.0193672 0.0132594
         vertex 0.0025 0.0193672 0.0132594
      endloop
   endfacet
   facet normal 0 -0.883512 0.468408
      outer loop
         vertex 0.0055 0.0192951 0.0130786
         vertex 0.0055 0.019336 0.013167
         vertex 0.0025 0.019336 0.013167
      endloop
   endfacet
   facet normal 0 -0.827689 0.561187
      outer loop
         vertex 0.0055 0.0192449 0.0129951
         vertex 0.0055 0.0192951 0.0130786
         vertex 0.0025 0.0192951 0.0130786
      endloop
   endfacet
   facet normal 0 -0.762162 0.647386
      outer loop
         vertex 0.0055 0.0191859 0.0129175
         vertex 0.0055 0.0192449 0.0129951
         vertex 0.0025 0.0192449 0.0129951
      endloop
   endfacet
   facet normal 0 -0.687699 0.725995
      outer loop
         vertex 0.0055 0.0191189 0.0128468
         vertex 0.0055 0.0191859 0.0129175
         vertex 0.0025 0.0191859 0.0129175
      endloop
   endfacet
   facet normal 0 -0.605174 0.796093
      outer loop
         vertex 0.0055 0.0190446 0.0127837
         vertex 0.0055 0.0191189 0.0128468
         vertex 0.0025 0.0191189 0.0128468
      endloop
   endfacet
   facet normal 0 -0.515554 0.856857
      outer loop
         vertex 0.0055 0.018964 0.012729
         vertex 0.0055 0.0190446 0.0127837
         vertex 0.0025 0.0190446 0.0127837
      endloop
   endfacet
   facet normal 0 -0.419889 0.907575
      outer loop
         vertex 0.0055 0.0188779 0.0126834
         vertex 0.0055 0.018964 0.012729
         vertex 0.0025 0.018964 0.012729
      endloop
   endfacet
   facet normal 0 -0.319302 0.947653
      outer loop
         vertex 0.0055 0.0187874 0.0126473
         vertex 0.0055 0.0188779 0.0126834
         vertex 0.0025 0.0188779 0.0126834
      endloop
   endfacet
   facet normal 0 -0.21497 0.976621
      outer loop
         vertex 0.0055 0.0186935 0.0126212
         vertex 0.0055 0.0187874 0.0126473
         vertex 0.0025 0.0187874 0.0126473
      endloop
   endfacet
   facet normal 0 -0.108119 0.994138
      outer loop
         vertex 0.0055 0.0185973 0.0126055
         vertex 0.0055 0.0186935 0.0126212
         vertex 0.0025 0.0186935 0.0126212
      endloop
   endfacet
   facet normal 0 0 1
      outer loop
         vertex 0.0055 0.0185 0.0126002
         vertex 0.0055 0.0185973 0.0126055
         vertex 0.0025 0.0185973 0.0126055
      endloop
   endfacet
   facet normal 0 -0.108119 0.994138
      outer loop
         vertex 0.0025 0.0185973 0.0126055
         vertex 0.0025 0.0185 0.0126002
         vertex 0.0055 0.0185 0.0126002
      endloop
   endfacet
   facet normal 0 -0.21497 0.976621
      outer loop
         vertex 0.0025 0.0186935 0.0126212
         vertex 0.0025 0.0185973 0.0126055
         vertex 0.0055 0.0185973 0.0126055
      endloop
   endfacet
   facet normal 0 -0.319302 0.947653
      outer loop
         vertex 0.0025 0.0187874 0.0126473
         vertex 0.0025 0.0186935 0.0126212
         vertex 0.0055 0.0186935 0.0126212
      endloop
   endfacet
   facet normal 0 -0.419889 0.907575
      outer loop
         vertex 0.0025 0.0188779 0.0126834
         vertex 0.0025 0.0187874 0.0126473
         vertex 0.0055 0.0187874 0.0126473
      endloop
   endfacet
   facet normal 0 -0.515554 0.856857
      outer loop
         vertex 0.0025 0.018964 0.012729
         vertex 0.0025 0.0188779 0.0126834
         vertex 0.0055 0.0188779 0.0126834
      endloop
   endfacet
   facet normal 0 -0.605174 0.796093
      outer loop
         vertex 0.0025 0.0190446 0.0127837
         vertex 0.0025 0.018964 0.012729
         vertex 0.0055 0.018964 0.012729
      endloop
   endfacet
   facet normal 0 -0.687699 0.725995
      outer loop
         vertex 0.0025 0.0191189 0.0128468
         vertex 0.0025 0.0190446 0.0127837
         vertex 0.0055 0.0190446 0.0127837
      endloop
   endfacet
   facet normal 0 -0.762162 0.647386
      outer loop
         vertex 0.0025 0.0191859 0.0129175
         vertex 0.0025 0.0191189 0.0128468
         vertex 0.0055 0.0191189 0.0128468
      endloop
   endfacet
   facet normal 0 -0.827689 0.561187
      outer loop
         vertex 0.0025 0.0192449 0.0129951
         vertex 0.0025 0.0191859 0.0129175
         vertex 0.0055 0.0191859 0.0129175
      endloop
   endfacet
   facet normal 0 -0.883512 0.468408
      outer loop
         vertex 0.0025 0.0192951 0.0130786
         vertex 0.0025 0.0192449 0.0129951
         vertex 0.0055 0.0192449 0.0129951
      endloop
   endfacet
   facet normal 0 -0.928977 0.370138
      outer loop
         vertex 0.0025 0.019336 0.013167
         vertex 0.0025 0.0192951 0.0130786
         vertex 0.0055 0.0192951 0.0130786
      endloop
   endfacet
   facet normal 0 -0.96355 0.267528
      outer loop
         vertex 0.0025 0.0193672 0.0132594
         vertex 0.0025 0.019336 0.013167
         vertex 0.0055 0.019336 0.013167
      endloop
   endfacet
   facet normal 0 -0.986827 0.161782
      outer loop
         vertex 0.0025 0.0193881 0.0133545
         vertex 0.0025 0.0193672 0.0132594
         vertex 0.0055 0.0193672 0.0132594
      endloop
   endfacet
   facet normal 0 -0.998533 0.0541389
      outer loop
         vertex 0.0025 0.0193986 0.0134514
         vertex 0.0025 0.0193881 0.0133545
         vertex 0.0055 0.0193881 0.0133545
      endloop
   endfacet
   facet normal 0 -0.998533 -0.0541389
      outer loop
         vertex 0.0025 0.0193986 0.0135488
         vertex 0.0025 0.0193986 0.0134514
         vertex 0.0055 0.0193986 0.0134514
      endloop
   endfacet
   facet normal 0 -0.986827 -0.161782
      outer loop
         vertex 0.0025 0.0193881 0.0136457
         vertex 0.0025 0.0193986 0.0135488
         vertex 0.0055 0.0193986 0.0135488
      endloop
   endfacet
   facet normal 0 -0.96355 -0.267528
      outer loop
         vertex 0.0025 0.0193672 0.0137409
         vertex 0.0025 0.0193881 0.0136457
         vertex 0.0055 0.0193881 0.0136457
      endloop
   endfacet
   facet normal 0 -0.928977 -0.370138
      outer loop
         vertex 0.0025 0.019336 0.0138332
         vertex 0.0025 0.0193672 0.0137409
         vertex 0.0055 0.0193672 0.0137409
      endloop
   endfacet
   facet normal 0 -0.883512 -0.468408
      outer loop
         vertex 0.0025 0.0192951 0.0139217
         vertex 0.0025 0.019336 0.0138332
         vertex 0.0055 0.019336 0.0138332
      endloop
   endfacet
   facet normal 0 -0.827689 -0.561187
      outer loop
         vertex 0.0025 0.0192449 0.0140052
         vertex 0.0025 0.0192951 0.0139217
         vertex 0.0055 0.0192951 0.0139217
      endloop
   endfacet
   facet normal 0 -0.762162 -0.647386
      outer loop
         vertex 0.0025 0.0191859 0.0140827
         vertex 0.0025 0.0192449 0.0140052
         vertex 0.0055 0.0192449 0.0140052
      endloop
   endfacet
   facet normal 0 -0.687699 -0.725995
      outer loop
         vertex 0.0025 0.0191189 0.0141535
         vertex 0.0025 0.0191859 0.0140827
         vertex 0.0055 0.0191859 0.0140827
      endloop
   endfacet
   facet normal 0 -0.605174 -0.796093
      outer loop
         vertex 0.0025 0.0190446 0.0142166
         vertex 0.0025 0.0191189 0.0141535
         vertex 0.0055 0.0191189 0.0141535
      endloop
   endfacet
   facet normal 0 -0.515554 -0.856857
      outer loop
         vertex 0.0025 0.018964 0.0142712
         vertex 0.0025 0.0190446 0.0142166
         vertex 0.0055 0.0190446 0.0142166
      endloop
   endfacet
   facet normal 0 -0.419889 -0.907575
      outer loop
         vertex 0.0025 0.0188779 0.0143169
         vertex 0.0025 0.018964 0.0142712
         vertex 0.0055 0.018964 0.0142712
      endloop
   endfacet
   facet normal 0 -0.319302 -0.947653
      outer loop
         vertex 0.0025 0.0187874 0.014353
         vertex 0.0025 0.0188779 0.0143169
         vertex 0.0055 0.0188779 0.0143169
      endloop
   endfacet
   facet normal 0 -0.21497 -0.976621
      outer loop
         vertex 0.0025 0.0186935 0.014379
         vertex 0.0025 0.0187874 0.014353
         vertex 0.0055 0.0187874 0.014353
      endloop
   endfacet
   facet normal 0 -0.108119 -0.994138
      outer loop
         vertex 0.0025 0.0185973 0.0143948
         vertex 0.0025 0.0186935 0.014379
         vertex 0.0055 0.0186935 0.014379
      endloop
   endfacet
   facet normal 0 0 -1
      outer loop
         vertex 0.0025 0.0185 0.0144001
         vertex 0.0025 0.0185973 0.0143948
         vertex 0.0055 0.0185973 0.0143948
      endloop
   endfacet
   facet normal 0 0.108119 -0.994138
      outer loop
         vertex 0.0025 0.0184027 0.0143948
         vertex 0.0025 0.0185 0.0144001
         vertex 0.0055 0.0185 0.0144001
      endloop
   endfacet
   facet normal 0 0.21497 -0.976621
      outer loop
         vertex 0.0025 0.0183066 0.014379
         vertex 0.0025 0.0184027 0.0143948
         vertex 0.0055 0.0184027 0.0143948
      endloop
   endfacet
   facet normal 0 0.319302 -0.947653
      outer loop
         vertex 0.0025 0.0182127 0.014353
         vertex 0.0025 0.0183066 0.014379
         vertex 0.0055 0.0183066 0.014379
      endloop
   endfacet
   facet normal 0 0.419889 -0.907575
      outer loop
         vertex 0.0025 0.0181221 0.0143169
         vertex 0.0025 0.0182127 0.014353
         vertex 0.0055 0.0182127 0.014353
      endloop
   endfacet
   facet normal 0 0.515554 -0.856857
      outer loop
         vertex 0.0025 0.018036 0.0142712
         vertex 0.0025 0.0181221 0.0143169
         vertex 0.0055 0.0181221 0.0143169
      endloop
   endfacet
   facet normal 0 0.605174 -0.796093
      outer loop
         vertex 0.0025 0.0179554 0.0142166
         vertex 0.0025 0.018036 0.0142712
         vertex 0.0055 0.018036 0.0142712
      endloop
   endfacet
   facet normal 0 0.687699 -0.725995
      outer loop
         vertex 0.0025 0.0178811 0.0141535
         vertex 0.0025 0.0179554 0.0142166
         vertex 0.0055 0.0179554 0.0142166
      endloop
   endfacet
   facet normal 0 0.762162 -0.647386
      outer loop
         vertex 0.0025 0.0178141 0.0140827
         vertex 0.0025 0.0178811 0.0141535
         vertex 0.0055 0.0178811 0.0141535
      endloop
   endfacet
   facet normal 0 0.827689 -0.561187
      outer loop
         vertex 0.0025 0.0177551 0.0140052
         vertex 0.0025 0.0178141 0.0140827
         vertex 0.0055 0.0178141 0.0140827
      endloop
   endfacet
   facet normal 0 0.883512 -0.468408
      outer loop
         vertex 0.0025 0.0177049 0.0139217
         vertex 0.0025 0.0177551 0.0140052
         vertex 0.0055 0.0177551 0.0140052
      endloop
   endfacet
   facet normal 0 0.928977 -0.370138
      outer loop
         vertex 0.0025 0.017664 0.0138332
         vertex 0.0025 0.0177049 0.0139217
         vertex 0.0055 0.0177049 0.0139217
      endloop
   endfacet
   facet normal 0 0.96355 -0.267528
      outer loop
         vertex 0.0025 0.0176329 0.0137409
         vertex 0.0025 0.017664 0.0138332
         vertex 0.0055 0.017664 0.0138332
      endloop
   endfacet
   facet normal 0 0.986827 -0.161782
      outer loop
         vertex 0.0025 0.0176119 0.0136457
         vertex 0.0025 0.0176329 0.0137409
         vertex 0.0055 0.0176329 0.0137409
      endloop
   endfacet
   facet normal 0 0.998533 -0.0541389
      outer loop
         vertex 0.0025 0.0176014 0.0135488
         vertex 0.0025 0.0176119 0.0136457
         vertex 0.0055 0.0176119 0.0136457
      endloop
   endfacet
   facet normal 0 0.998533 0.0541389
      outer loop
         vertex 0.0025 0.0176014 0.0134514
         vertex 0.0025 0.0176014 0.0135488
         vertex 0.0055 0.0176014 0.0135488
      endloop
   endfacet
   facet normal 0 0.986827 0.161782
      outer loop
         vertex 0.0025 0.0176119 0.0133545
         vertex 0.0025 0.0176014 0.0134514
         vertex 0.0055 0.0176014 0.0134514
      endloop
   endfacet
   facet normal 0 0.96355 0.267528
      outer loop
         vertex 0.0025 0.0176329 0.0132594
         vertex 0.0025 0.0176119 0.0133545
         vertex 0.0055 0.0176119 0.0133545
      endloop
   endfacet
   facet normal 0 0.928977 0.370138
      outer loop
         vertex 0.0025 0.017664 0.013167
         vertex 0.0025 0.0176329 0.0132594
         vertex 0.0055 0.0176329 0.0132594
      endloop
   endfacet
   facet normal 0 0.883512 0.468408
      outer loop
         vertex 0.0025 0.0177049 0.0130786
         vertex 0.0025 0.017664 0.013167
         vertex 0.0055 0.017664 0.013167
      endloop
   endfacet
   facet normal 0 0.827689 0.561187
      outer loop
         vertex 0.0025 0.0177551 0.0129951
         vertex 0.0025 0.0177049 0.0130786
         vertex 0.0055 0.0177049 0.0130786
      endloop
   endfacet
   facet normal 0 0.762162 0.647386
      outer loop
         vertex 0.0025 0.0178141 0.0129175
         vertex 0.0025 0.0177551 0.0129951
         vertex 0.0055 0.0177551 0.0129951
      endloop
   endfacet
   facet normal 0 0.687699 0.725995
      outer loop
         vertex 0.0025 0.0178811 0.0128468
         vertex 0.0025 0.0178141 0.0129175
         vertex 0.0055 0.0178141 0.0129175
      endloop
   endfacet
   facet normal 0 0.605174 0.796093
      outer loop
         vertex 0.0025 0.0179554 0.0127837
         vertex 0.0025 0.0178811 0.0128468
         vertex 0.0055 0.0178811 0.0128468
      endloop
   endfacet
   facet normal 0 0.515554 0.856857
      outer loop
         vertex 0.0025 0.018036 0.012729
         vertex 0.0025 0.0179554 0.0127837
         vertex 0.0055 0.0179554 0.0127837
      endloop
   endfacet
   facet normal 0 0.419889 0.907575
      outer loop
         vertex 0.0025 0.0181221 0.0126834
         vertex 0.0025 0.018036 0.012729
         vertex 0.0055 0.018036 0.012729
      endloop
   endfacet
   facet normal 0 0.319302 0.947653
      outer loop
         vertex 0.0025 0.0182127 0.0126473
         vertex 0.0025 0.0181221 0.0126834
         vertex 0.0055 0.0181221 0.0126834
      endloop
   endfacet
   facet normal 0 0.21497 0.976621
      outer loop
         vertex 0.0025 0.0183066 0.0126212
         vertex 0.0025 0.0182127 0.0126473
         vertex 0.0055 0.0182127 0.0126473
      endloop
   endfacet
   facet normal 0 0.108119 0.994138
      outer loop
         vertex 0.0025 0.0184027 0.0126055
         vertex 0.0025 0.0183066 0.0126212
         vertex 0.0055 0.0183066 0.0126212
      endloop
   endfacet
   facet normal 0 0 1
      outer loop
         vertex 0.0025 0.0185 0.0126002
         vertex 0.0025 0.0184027 0.0126055
         vertex 0.0055 0.0184027 0.0126055
      endloop
   endfacet
   facet normal 0 0.108119 0.994138
      outer loop
         vertex 0.0055 0.0429027 0.0331053
         vertex 0.0055 0.043 0.0331
         vertex 0.0025 0.043 0.0331
      endloop
   endfacet
   facet normal 0 0.21497 0.976621
      outer loop
         vertex 0.0055 0.0428065 0.0331211
         vertex 0.0055 0.0429027 0.0331053
         vertex 0.0025 0.0429027 0.0331053
      endloop
   endfacet
   facet normal 0 0.319302 0.947653
      outer loop
         vertex 0.0055 0.0427126 0.0331472
         vertex 0.0055 0.0428065 0.0331211
         vertex 0.0025 0.0428065 0.0331211
      endloop
   endfacet
   facet normal 0 0.419889 0.907575
      outer loop
         vertex 0.0055 0.0426221 0.0331832
         vertex 0.0055 0.0427126 0.0331472
         vertex 0.0025 0.0427126 0.0331472
      endloop
   endfacet
   facet normal 0 0.515554 0.856857
      outer loop
         vertex 0.0055 0.042536 0.0332289
         vertex 0.0055 0.0426221 0.0331832
         vertex 0.0025 0.0426221 0.0331832
      endloop
   endfacet
   facet normal 0 0.605174 0.796093
      outer loop
         vertex 0.0055 0.0424553 0.0332836
         vertex 0.0055 0.042536 0.0332289
         vertex 0.0025 0.042536 0.0332289
      endloop
   endfacet
   facet normal 0 0.687699 0.725995
      outer loop
         vertex 0.0055 0.042381 0.0333467
         vertex 0.0055 0.0424553 0.0332836
         vertex 0.0025 0.0424553 0.0332836
      endloop
   endfacet
   facet normal 0 0.762162 0.647386
      outer loop
         vertex 0.0055 0.042314 0.0334174
         vertex 0.0055 0.042381 0.0333467
         vertex 0.0025 0.042381 0.0333467
      endloop
   endfacet
   facet normal 0 0.827689 0.561187
      outer loop
         vertex 0.0055 0.042255 0.033495
         vertex 0.0055 0.042314 0.0334174
         vertex 0.0025 0.042314 0.0334174
      endloop
   endfacet
   facet normal 0 0.883512 0.468408
      outer loop
         vertex 0.0055 0.0422048 0.0335785
         vertex 0.0055 0.042255 0.033495
         vertex 0.0025 0.042255 0.033495
      endloop
   endfacet
   facet normal 0 0.928977 0.370138
      outer loop
         vertex 0.0055 0.0421639 0.0336669
         vertex 0.0055 0.0422048 0.0335785
         vertex 0.0025 0.0422048 0.0335785
      endloop
   endfacet
   facet normal 0 0.96355 0.267528
      outer loop
         vertex 0.0055 0.0421328 0.0337593
         vertex 0.0055 0.0421639 0.0336669
         vertex 0.0025 0.0421639 0.0336669
      endloop
   endfacet
   facet normal 0 0.986827 0.161782
      outer loop
         vertex 0.0055 0.0421118 0.0338545
         vertex 0.0055 0.0421328 0.0337593
         vertex 0.0025 0.0421328 0.0337593
      endloop
   endfacet
   facet normal 0 0.998533 0.0541389
      outer loop
         vertex 0.0055 0.0421013 0.0339513
         vertex 0.0055 0.0421118 0.0338545
         vertex 0.0025 0.0421118 0.0338545
      endloop
   endfacet
   facet normal 0 0.998533 -0.0541389
      outer loop
         vertex 0.0055 0.0421013 0.0340488
         vertex 0.0055 0.0421013 0.0339513
         vertex 0.0025 0.0421013 0.0339513
      endloop
   endfacet
   facet normal 0 0.986827 -0.161782
      outer loop
         vertex 0.0055 0.0421118 0.0341457
         vertex 0.0055 0.0421013 0.0340488
         vertex 0.0025 0.0421013 0.0340488
      endloop
   endfacet
   facet normal 0 0.96355 -0.267528
      outer loop
         vertex 0.0055 0.0421328 0.0342408
         vertex 0.0055 0.0421118 0.0341457
         vertex 0.0025 0.0421118 0.0341457
      endloop
   endfacet
   facet normal 0 0.928977 -0.370138
      outer loop
         vertex 0.0055 0.0421639 0.0343332
         vertex 0.0055 0.0421328 0.0342408
         vertex 0.0025 0.0421328 0.0342408
      endloop
   endfacet
   facet normal 0 0.883512 -0.468408
      outer loop
         vertex 0.0055 0.0422048 0.0344216
         vertex 0.0055 0.0421639 0.0343332
         vertex 0.0025 0.0421639 0.0343332
      endloop
   endfacet
   facet normal 0 0.827689 -0.561187
      outer loop
         vertex 0.0055 0.042255 0.0345051
         vertex 0.0055 0.0422048 0.0344216
         vertex 0.0025 0.0422048 0.0344216
      endloop
   endfacet
   facet normal 0 0.762162 -0.647386
      outer loop
         vertex 0.0055 0.042314 0.0345827
         vertex 0.0055 0.042255 0.0345051
         vertex 0.0025 0.042255 0.0345051
      endloop
   endfacet
   facet normal 0 0.687699 -0.725995
      outer loop
         vertex 0.0055 0.042381 0.0346535
         vertex 0.0055 0.042314 0.0345827
         vertex 0.0025 0.042314 0.0345827
      endloop
   endfacet
   facet normal 0 0.605174 -0.796093
      outer loop
         vertex 0.0055 0.0424553 0.0347166
         vertex 0.0055 0.042381 0.0346535
         vertex 0.0025 0.042381 0.0346535
      endloop
   endfacet
   facet normal 0 0.515554 -0.856857
      outer loop
         vertex 0.0055 0.042536 0.0347712
         vertex 0.0055 0.0424553 0.0347166
         vertex 0.0025 0.0424553 0.0347166
      endloop
   endfacet
   facet normal 0 0.419889 -0.907575
      outer loop
         vertex 0.0055 0.0426221 0.0348169
         vertex 0.0055 0.042536 0.0347712
         vertex 0.0025 0.042536 0.0347712
      endloop
   endfacet
   facet normal 0 0.319302 -0.947653
      outer loop
         vertex 0.0055 0.0427126 0.034853
         vertex 0.0055 0.0426221 0.0348169
         vertex 0.0025 0.0426221 0.0348169
      endloop
   endfacet
   facet normal 0 0.21497 -0.976621
      outer loop
         vertex 0.0055 0.0428065 0.034879
         vertex 0.0055 0.0427126 0.034853
         vertex 0.0025 0.0427126 0.034853
      endloop
   endfacet
   facet normal 0 0.108119 -0.994138
      outer loop
         vertex 0.0055 0.0429027 0.0348948
         vertex 0.0055 0.0428065 0.034879
         vertex 0.0025 0.0428065 0.034879
      endloop
   endfacet
   facet normal 0 -1.22465e-16 -1
      outer loop
         vertex 0.0055 0.043 0.0349001
         vertex 0.0055 0.0429027 0.0348948
         vertex 0.0025 0.0429027 0.0348948
      endloop
   endfacet
   facet normal 0 -0.108119 -0.994138
      outer loop
         vertex 0.0055 0.0430973 0.0348948
         vertex 0.0055 0.043 0.0349001
         vertex 0.0025 0.043 0.0349001
      endloop
   endfacet
   facet normal 0 -0.21497 -0.976621
      outer loop
         vertex 0.0055 0.0431934 0.034879
         vertex 0.0055 0.0430973 0.0348948
         vertex 0.0025 0.0430973 0.0348948
      endloop
   endfacet
   facet normal 0 -0.319302 -0.947653
      outer loop
         vertex 0.0055 0.0432873 0.034853
         vertex 0.0055 0.0431934 0.034879
         vertex 0.0025 0.0431934 0.034879
      endloop
   endfacet
   facet normal 0 -0.419889 -0.907575
      outer loop
         vertex 0.0055 0.0433779 0.0348169
         vertex 0.0055 0.0432873 0.034853
         vertex 0.0025 0.0432873 0.034853
      endloop
   endfacet
   facet normal 0 -0.515554 -0.856857
      outer loop
         vertex 0.0055 0.043464 0.0347712
         vertex 0.0055 0.0433779 0.0348169
         vertex 0.0025 0.0433779 0.0348169
      endloop
   endfacet
   facet normal 0 -0.605174 -0.796093
      outer loop
         vertex 0.0055 0.0435446 0.0347166
         vertex 0.0055 0.043464 0.0347712
         vertex 0.0025 0.043464 0.0347712
      endloop
   endfacet
   facet normal 0 -0.687699 -0.725995
      outer loop
         vertex 0.0055 0.0436189 0.0346535
         vertex 0.0055 0.0435446 0.0347166
         vertex 0.0025 0.0435446 0.0347166
      endloop
   endfacet
   facet normal 0 -0.762162 -0.647386
      outer loop
         vertex 0.0055 0.0436859 0.0345827
         vertex 0.0055 0.0436189 0.0346535
         vertex 0.0025 0.0436189 0.0346535
      endloop
   endfacet
   facet normal 0 -0.827689 -0.561187
      outer loop
         vertex 0.0055 0.0437449 0.0345051
         vertex 0.0055 0.0436859 0.0345827
         vertex 0.0025 0.0436859 0.0345827
      endloop
   endfacet
   facet normal 0 -0.883512 -0.468408
      outer loop
         vertex 0.0055 0.0437951 0.0344216
         vertex 0.0055 0.0437449 0.0345051
         vertex 0.0025 0.0437449 0.0345051
      endloop
   endfacet
   facet normal 0 -0.928977 -0.370138
      outer loop
         vertex 0.0055 0.0438361 0.0343332
         vertex 0.0055 0.0437951 0.0344216
         vertex 0.0025 0.0437951 0.0344216
      endloop
   endfacet
   facet normal 0 -0.96355 -0.267528
      outer loop
         vertex 0.0055 0.0438672 0.0342408
         vertex 0.0055 0.0438361 0.0343332
         vertex 0.0025 0.0438361 0.0343332
      endloop
   endfacet
   facet normal 0 -0.986827 -0.161782
      outer loop
         vertex 0.0055 0.0438881 0.0341457
         vertex 0.0055 0.0438672 0.0342408
         vertex 0.0025 0.0438672 0.0342408
      endloop
   endfacet
   facet normal 0 -0.998533 -0.0541389
      outer loop
         vertex 0.0055 0.0438987 0.0340488
         vertex 0.0055 0.0438881 0.0341457
         vertex 0.0025 0.0438881 0.0341457
      endloop
   endfacet
   facet normal 0 -0.998533 0.0541389
      outer loop
         vertex 0.0055 0.0438987 0.0339513
         vertex 0.0055 0.0438987 0.0340488
         vertex 0.0025 0.0438987 0.0340488
      endloop
   endfacet
   facet normal 0 -0.986827 0.161782
      outer loop
         vertex 0.0055 0.0438881 0.0338545
         vertex 0.0055 0.0438987 0.0339513
         vertex 0.0025 0.0438987 0.0339513
      endloop
   endfacet
   facet normal 0 -0.96355 0.267528
      outer loop
         vertex 0.0055 0.0438672 0.0337593
         vertex 0.0055 0.0438881 0.0338545
         vertex 0.0025 0.0438881 0.0338545
      endloop
   endfacet
   facet normal 0 -0.928977 0.370138
      outer loop
         vertex 0.0055 0.0438361 0.0336669
         vertex 0.0055 0.0438672 0.0337593
         vertex 0.0025 0.0438672 0.0337593
      endloop
   endfacet
   facet normal 0 -0.883512 0.468408
      outer loop
         vertex 0.0055 0.0437951 0.0335785
         vertex 0.0055 0.0438361 0.0336669
         vertex 0.0025 0.0438361 0.0336669
      endloop
   endfacet
   facet normal 0 -0.827689 0.561187
      outer loop
         vertex 0.0055 0.0437449 0.033495
         vertex 0.0055 0.0437951 0.0335785
         vertex 0.0025 0.0437951 0.0335785
      endloop
   endfacet
   facet normal 0 -0.762162 0.647386
      outer loop
         vertex 0.0055 0.0436859 0.0334174
         vertex 0.0055 0.0437449 0.033495
         vertex 0.0025 0.0437449 0.033495
      endloop
   endfacet
   facet normal 0 -0.687699 0.725995
      outer loop
         vertex 0.0055 0.0436189 0.0333467
         vertex 0.0055 0.0436859 0.0334174
         vertex 0.0025 0.0436859 0.0334174
      endloop
   endfacet
   facet normal 0 -0.605174 0.796093
      outer loop
         vertex 0.0055 0.0435446 0.0332836
         vertex 0.0055 0.0436189 0.0333467
         vertex 0.0025 0.0436189 0.0333467
      endloop
   endfacet
   facet normal 0 -0.515554 0.856857
      outer loop
         vertex 0.0055 0.043464 0.0332289
         vertex 0.0055 0.0435446 0.0332836
         vertex 0.0025 0.0435446 0.0332836
      endloop
   endfacet
   facet normal 0 -0.419889 0.907575
      outer loop
         vertex 0.0055 0.0433779 0.0331832
         vertex 0.0055 0.043464 0.0332289
         vertex 0.0025 0.043464 0.0332289
      endloop
   endfacet
   facet normal 0 -0.319302 0.947653
      outer loop
         vertex 0.0055 0.0432873 0.0331472
         vertex 0.0055 0.0433779 0.0331832
         vertex 0.0025 0.0433779 0.0331832
      endloop
   endfacet
   facet normal 0 -0.21497 0.976621
      outer loop
         vertex 0.0055 0.0431934 0.0331211
         vertex 0.0055 0.0432873 0.0331472
         vertex 0.0025 0.0432873 0.0331472
      endloop
   endfacet
   facet normal 0 -0.108119 0.994138
      outer loop
         vertex 0.0055 0.0430973 0.0331053
         vertex 0.0055 0.0431934 0.0331211
         vertex 0.0025 0.0431934 0.0331211
      endloop
   endfacet
   facet normal 0 0 1
      outer loop
         vertex 0.0055 0.043 0.0331
         vertex 0.0055 0.0430973 0.0331053
         vertex 0.0025 0.0430973 0.0331053
      endloop
   endfacet
   facet normal 0 -0.108119 0.994138
      outer loop
         vertex 0.0025 0.0430973 0.0331053
         vertex 0.0025 0.043 0.0331
         vertex 0.0055 0.043 0.0331
      endloop
   endfacet
   facet normal 0 -0.21497 0.976621
      outer loop
         vertex 0.0025 0.0431934 0.0331211
         vertex 0.0025 0.0430973 0.0331053
         vertex 0.0055 0.0430973 0.0331053
      endloop
   endfacet
   facet normal 0 -0.319302 0.947653
      outer loop
         vertex 0.0025 0.0432873 0.0331472
         vertex 0.0025 0.0431934 0.0331211
         vertex 0.0055 0.0431934 0.0331211
      endloop
   endfacet
   facet normal 0 -0.419889 0.907575
      outer loop
         vertex 0.0025 0.0433779 0.0331832
         vertex 0.0025 0.0432873 0.0331472
         vertex 0.0055 0.0432873 0.0331472
      endloop
   endfacet
   facet normal 0 -0.515554 0.856857
      outer loop
         vertex 0.0025 0.043464 0.0332289
         vertex 0.0025 0.0433779 0.0331832
         vertex 0.0055 0.0433779 0.0331832
      endloop
   endfacet
   facet normal 0 -0.605174 0.796093
      outer loop
         vertex 0.0025 0.0435446 0.0332836
         vertex 0.0025 0.043464 0.0332289
         vertex 0.0055 0.043464 0.0332289
      endloop
   endfacet
   facet normal 0 -0.687699 0.725995
      outer loop
         vertex 0.0025 0.0436189 0.0333467
         vertex 0.0025 0.0435446 0.0332836
         vertex 0.0055 0.0435446 0.0332836
      endloop
   endfacet
   facet normal 0 -0.762162 0.647386
      outer loop
         vertex 0.0025 0.0436859 0.0334174
         vertex 0.0025 0.0436189 0.0333467
         vertex 0.0055 0.0436189 0.0333467
      endloop
   endfacet
   facet normal 0 -0.827689 0.561187
      outer loop
         vertex 0.0025 0.0437449 0.033495
         vertex 0.0025 0.0436859 0.0334174
         vertex 0.0055 0.0436859 0.0334174
      endloop
   endfacet
   facet normal 0 -0.883512 0.468408
      outer loop
         vertex 0.0025 0.0437951 0.0335785
         vertex 0.0025 0.0437449 0.033495
         vertex 0.0055 0.0437449 0.033495
      endloop
   endfacet
   facet normal 0 -0.928977 0.370138
      outer loop
         vertex 0.0025 0.0438361 0.0336669
         vertex 0.0025 0.0437951 0.0335785
         vertex 0.0055 0.0437951 0.0335785
      endloop
   endfacet
   facet normal 0 -0.96355 0.267528
      outer loop
         vertex 0.0025 0.0438672 0.0337593
         vertex 0.0025 0.0438361 0.0336669
         vertex 0.0055 0.0438361 0.0336669
      endloop
   endfacet
   facet normal 0 -0.986827 0.161782
      outer loop
         vertex 0.0025 0.0438881 0.0338545
         vertex 0.0025 0.0438672 0.0337593
         vertex 0.0055 0.0438672 0.0337593
      endloop
   endfacet
   facet normal 0 -0.998533 0.0541389
      outer loop
         vertex 0.0025 0.0438987 0.0339513
         vertex 0.0025 0.0438881 0.0338545
         vertex 0.0055 0.0438881 0.0338545
      endloop
   endfacet
   facet normal 0 -0.998533 -0.0541389
      outer loop
         vertex 0.0025 0.0438987 0.0340488
         vertex 0.0025 0.0438987 0.0339513
         vertex 0.0055 0.0438987 0.0339513
      endloop
   endfacet
   facet normal 0 -0.986827 -0.161782
      outer loop
         vertex 0.0025 0.0438881 0.0341457
         vertex 0.0025 0.0438987 0.0340488
         vertex 0.0055 0.0438987 0.0340488
      endloop
   endfacet
   facet normal 0 -0.96355 -0.267528
      outer loop
         vertex 0.0025 0.0438672 0.0342408
         vertex 0.0025 0.0438881 0.0341457
         vertex 0.0055 0.0438881 0.0341457
      endloop
   endfacet
   facet normal 0 -0.928977 -0.370138
      outer loop
         vertex 0.0025 0.0438361 0.0343332
         vertex 0.0025 0.0438672 0.0342408
         vertex 0.0055 0.0438672 0.0342408
      endloop
   endfacet
   facet normal 0 -0.883512 -0.468408
      outer loop
         vertex 0.0025 0.0437951 0.0344216
         vertex 0.0025 0.0438361 0.0343332
         vertex 0.0055 0.0438361 0.0343332
      endloop
   endfacet
   facet normal 0 -0.827689 -0.561187
      outer loop
         vertex 0.0025 0.0437449 0.0345051
         vertex 0.0025 0.0437951 0.0344216
         vertex 0.0055 0.0437951 0.0344216
      endloop
   endfacet
   facet normal 0 -0.762162 -0.647386
      outer loop
         vertex 0.0025 0.0436859 0.0345827
         vertex 0.0025 0.0437449 0.0345051
         vertex 0.0055 0.0437449 0.0345051
      endloop
   endfacet
   facet normal 0 -0.687699 -0.725995
      outer loop
         vertex 0.0025 0.0436189 0.0346535
         vertex 0.0025 0.0436859 0.0345827
         vertex 0.0055 0.0436859 0.0345827
      endloop
   endfacet
   facet normal 0 -0.605174 -0.796093
      outer loop
         vertex 0.0025 0.0435446 0.0347166
         vertex 0.0025 0.0436189 0.0346535
         vertex 0.0055 0.0436189 0.0346535
      endloop
   endfacet
   facet normal 0 -0.515554 -0.856857
      outer loop
         vertex 0.0025 0.043464 0.0347712
         vertex 0.0025 0.0435446 0.0347166
         vertex 0.0055 0.0435446 0.0347166
      endloop
   endfacet
   facet normal 0 -0.419889 -0.907575
      outer loop
         vertex 0.0025 0.0433779 0.0348169
         vertex 0.0025 0.043464 0.0347712
         vertex 0.0055 0.043464 0.0347712
      endloop
   endfacet
   facet normal 0 -0.319302 -0.947653
      outer loop
         vertex 0.0025 0.0432873 0.034853
         vertex 0.0025 0.0433779 0.0348169
         vertex 0.0055 0.0433779 0.0348169
      endloop
   endfacet
   facet normal 0 -0.21497 -0.976621
      outer loop
         vertex 0.0025 0.0431934 0.034879
         vertex 0.0025 0.0432873 0.034853
         vertex 0.0055 0.0432873 0.034853
      endloop
   endfacet
   facet normal 0 -0.108119 -0.994138
      outer loop
         vertex 0.0025 0.0430973 0.0348948
         vertex 0.0025 0.0431934 0.034879
         vertex 0.0055 0.0431934 0.034879
      endloop
   endfacet
   facet normal 0 0 -1
      outer loop
         vertex 0.0025 0.043 0.0349001
         vertex 0.0025 0.0430973 0.0348948
         vertex 0.0055 0.0430973 0.0348948
      endloop
   endfacet
   facet normal 0 0.108119 -0.994138
      outer loop
         vertex 0.0025 0.0429027 0.0348948
         vertex 0.0025 0.043 0.0349001
         vertex 0.0055 0.043 0.0349001
      endloop
   endfacet
   facet normal 0 0.21497 -0.976621
      outer loop
         vertex 0.0025 0.0428065 0.034879
         vertex 0.0025 0.0429027 0.0348948
         vertex 0.0055 0.0429027 0.0348948
      endloop
   endfacet
   facet normal 0 0.319302 -0.947653
      outer loop
         vertex 0.0025 0.0427126 0.034853
         vertex 0.0025 0.0428065 0.034879
         vertex 0.0055 0.0428065 0.034879
      endloop
   endfacet
   facet normal 0 0.419889 -0.907575
      outer loop
         vertex 0.0025 0.0426221 0.0348169
         vertex 0.0025 0.0427126 0.034853
         vertex 0.0055 0.0427126 0.034853
      endloop
   endfacet
   facet normal 0 0.515554 -0.856857
      outer loop
         vertex 0.0025 0.042536 0.0347712
         vertex 0.0025 0.0426221 0.0348169
         vertex 0.0055 0.0426221 0.0348169
      endloop
   endfacet
   facet normal 0 0.605174 -0.796093
      outer loop
         vertex 0.0025 0.0424553 0.0347166
         vertex 0.0025 0.042536 0.0347712
         vertex 0.0055 0.042536 0.0347712
      endloop
   endfacet
   facet normal 0 0.687699 -0.725995
      outer loop
         vertex 0.0025 0.042381 0.0346535
         vertex 0.0025 0.0424553 0.0347166
         vertex 0.0055 0.0424553 0.0347166
      endloop
   endfacet
   facet normal 0 0.762162 -0.647386
      outer loop
         vertex 0.0025 0.042314 0.0345827
         vertex 0.0025 0.042381 0.0346535
         vertex 0.0055 0.042381 0.0346535
      endloop
   endfacet
   facet normal 0 0.827689 -0.561187
      outer loop
         vertex 0.0025 0.042255 0.0345051
         vertex 0.0025 0.042314 0.0345827
         vertex 0.0055 0.042314 0.0345827
      endloop
   endfacet
   facet normal 0 0.883512 -0.468408
      outer loop
         vertex 0.0025 0.0422048 0.0344216
         vertex 0.0025 0.042255 0.0345051
         vertex 0.0055 0.042255 0.0345051
      endloop
   endfacet
   facet normal 0 0.928977 -0.370138
      outer loop
         vertex 0.0025 0.0421639 0.0343332
         vertex 0.0025 0.0422048 0.0344216
         vertex 0.0055 0.0422048 0.0344216
      endloop
   endfacet
   facet normal 0 0.96355 -0.267528
      outer loop
         vertex 0.0025 0.0421328 0.0342408
         vertex 0.0025 0.0421639 0.0343332
         vertex 0.0055 0.0421639 0.0343332
      endloop
   endfacet
   facet normal 0 0.986827 -0.161782
      outer loop
         vertex 0.0025 0.0421118 0.0341457
         vertex 0.0025 0.0421328 0.0342408
         vertex 0.0055 0.0421328 0.0342408
      endloop
   endfacet
   facet normal 0 0.998533 -0.0541389
      outer loop
         vertex 0.0025 0.0421013 0.0340488
         vertex 0.0025 0.0421118 0.0341457
         vertex 0.0055 0.0421118 0.0341457
      endloop
   endfacet
   facet normal 0 0.998533 0.0541389
      outer loop
         vertex 0.0025 0.0421013 0.0339513
         vertex 0.0025 0.0421013 0.0340488
         vertex 0.0055 0.0421013 0.0340488
      endloop
   endfacet
   facet normal 0 0.986827 0.161782
      outer loop
         vertex 0.0025 0.0421118 0.0338545
         vertex 0.0025 0.0421013 0.0339513
         vertex 0.0055 0.0421013 0.0339513
      endloop
   endfacet
   facet normal 0 0.96355 0.267528
      outer loop
         vertex 0.0025 0.0421328 0.0337593
         vertex 0.0025 0.0421118 0.0338545
         vertex 0.0055 0.0421118 0.0338545
      endloop
   endfacet
   facet normal 0 0.928977 0.370138
      outer loop
         vertex 0.0025 0.0421639 0.0336669
         vertex 0.0025 0.0421328 0.0337593
         vertex 0.0055 0.0421328 0.0337593
      endloop
   endfacet
   facet normal 0 0.883512 0.468408
      outer loop
         vertex 0.0025 0.0422048 0.0335785
         vertex 0.0025 0.0421639 0.0336669
         vertex 0.0055 0.0421639 0.0336669
      endloop
   endfacet
   facet normal 0 0.827689 0.561187
      outer loop
         vertex 0.0025 0.042255 0.033495
         vertex 0.0025 0.0422048 0.0335785
         vertex 0.0055 0.0422048 0.0335785
      endloop
   endfacet
   facet normal 0 0.762162 0.647386
      outer loop
         vertex 0.0025 0.042314 0.0334174
         vertex 0.0025 0.042255 0.033495
         vertex 0.0055 0.042255 0.033495
      endloop
   endfacet
   facet normal 0 0.687699 0.725995
      outer loop
         vertex 0.0025 0.042381 0.0333467
         vertex 0.0025 0.042314 0.0334174
         vertex 0.0055 0.042314 0.0334174
      endloop
   endfacet
   facet normal 0 0.605174 0.796093
      outer loop
         vertex 0.0025 0.0424553 0.0332836
         vertex 0.0025 0.042381 0.0333467
         vertex 0.0055 0.042381 0.0333467
      endloop
   endfacet
   facet normal 0 0.515554 0.856857
      outer loop
         vertex 0.0025 0.042536 0.0332289
         vertex 0.0025 0.0424553 0.0332836
         vertex 0.0055 0.0424553 0.0332836
      endloop
   endfacet
   facet normal 0 0.419889 0.907575
      outer loop
         vertex 0.0025 0.0426221 0.0331832
         vertex 0.0025 0.042536 0.0332289
         vertex 0.0055 0.042536 0.0332289
      endloop
   endfacet
   facet normal 0 0.319302 0.947653
      outer loop
         vertex 0.0025 0.0427126 0.0331472
         vertex 0.0025 0.0426221 0.0331832
         vertex 0.0055 0.0426221 0.0331832
      endloop
   endfacet
   facet normal 0 0.21497 0.976621
      outer loop
         vertex 0.0025 0.0428065 0.0331211
         vertex 0.0025 0.0427126 0.0331472
         vertex 0.0055 0.0427126 0.0331472
      endloop
   endfacet
   facet normal 0 0.108119 0.994138
      outer loop
         vertex 0.0025 0.0429027 0.0331053
         vertex 0.0025 0.0428065 0.0331211
         vertex 0.0055 0.0428065 0.0331211
      endloop
   endfacet
   facet normal 0 0 1
      outer loop
         vertex 0.0025 0.043 0.0331
         vertex 0.0025 0.0429027 0.0331053
         vertex 0.0055 0.0429027 0.0331053
      endloop
   endfacet
   facet normal -1 0 0
      outer loop
         vertex 0.0025 0.0448579 0.0347403
         vertex 0.0025 0.0438361 0.0343332
         vertex 0.0025 0.0437951 0.0344216
      endloop
   endfacet
   facet normal -1 0 0
      outer loop
         vertex 0.0025 0.0448579 0.0347403
         vertex 0.0025 0.0449271 0.0345351
         vertex 0.0025 0.0438672 0.0342408
      endloop
   endfacet
   facet normal -1 0 0
      outer loop
         vertex 0.0025 0.044767 0.0349369
         vertex 0.0025 0.0437951 0.0344216
         vertex 0.0025 0.0437449 0.0345051
      endloop
   endfacet
   facet normal -1 0 0
      outer loop
         vertex 0.0025 0.0438672 0.0342408
         vertex 0.0025 0.0438361 0.0343332
         vertex 0.0025 0.0448579 0.0347403
      endloop
   endfacet
   facet normal -1 0 0
      outer loop
         vertex 0.0025 0.0448579 0.0332598
         vertex 0.0025 0.0438361 0.0336669
         vertex 0.0025 0.0438672 0.0337593
      endloop
   endfacet
   facet normal -1 0 0
      outer loop
         vertex 0.0025 0.0448579 0.0332598
         vertex 0.0025 0.044767 0.0330632
         vertex 0.0025 0.0437951 0.0335785
      endloop
   endfacet
   facet normal -1 0 0
      outer loop
         vertex 0.0025 0.041142 0.0332598
         vertex 0.0025 0.0421639 0.0336669
         vertex 0.0025 0.0422048 0.0335785
      endloop
   endfacet
   facet normal -1 0 0
      outer loop
         vertex 0.0025 0.041142 0.0332598
         vertex 0.0025 0.0410729 0.033465
         vertex 0.0025 0.0421328 0.0337593
      endloop
   endfacet
   facet normal -1 0 0
      outer loop
         vertex 0.0025 0.0446554 0.0351224
         vertex 0.0025 0.0437449 0.0345051
         vertex 0.0025 0.0436859 0.0345827
      endloop
   endfacet
   facet normal -1 0 0
      outer loop
         vertex 0.0025 0.0437951 0.0344216
         vertex 0.0025 0.044767 0.0349369
         vertex 0.0025 0.0448579 0.0347403
      endloop
   endfacet
   facet normal -1 0 0
      outer loop
         vertex 0.0025 0.0437951 0.0335785
         vertex 0.0025 0.0438361 0.0336669
         vertex 0.0025 0.0448579 0.0332598
      endloop
   endfacet
   facet normal -1 0 0
      outer loop
         vertex 0.0025 0.044767 0.0330632
         vertex 0.0025 0.0446554 0.0328777
         vertex 0.0025 0.0437449 0.033495
      endloop
   endfacet
   facet normal -1 0 0
      outer loop
         vertex 0.0025 0.0412329 0.0330632
         vertex 0.0025 0.0422048 0.0335785
         vertex 0.0025 0.042255 0.033495
      endloop
   endfacet
   facet normal -1 0 0
      outer loop
         vertex 0.0025 0.0421328 0.0337593
         vertex 0.0025 0.0421639 0.0336669
         vertex 0.0025 0.041142 0.0332598
      endloop
   endfacet
   facet normal -1 0 0
      outer loop
         vertex 0.0025 0.0443754 0.0354521
         vertex 0.0025 0.0436189 0.0346535
         vertex 0.0025 0.0435446 0.0347166
      endloop
   endfacet
   facet normal -1 0 0
      outer loop
         vertex 0.0025 0.0443754 0.0354521
         vertex 0.0025 0.0445243 0.0352948
         vertex 0.0025 0.0436859 0.0345827
      endloop
   endfacet
   facet normal -1 0 0
      outer loop
         vertex 0.0025 0.0437449 0.0345051
         vertex 0.0025 0.0446554 0.0351224
         vertex 0.0025 0.044767 0.0349369
      endloop
   endfacet
   facet normal -1 0 0
      outer loop
         vertex 0.0025 0.0449271 0.0345351
         vertex 0.0025 0.0449736 0.0343236
         vertex 0.0025 0.0438881 0.0341457
      endloop
   endfacet
   facet normal -1 0 0
      outer loop
         vertex 0.0025 0.0437449 0.033495
         vertex 0.0025 0.0437951 0.0335785
         vertex 0.0025 0.044767 0.0330632
      endloop
   endfacet
   facet normal -1 0 0
      outer loop
         vertex 0.0025 0.0446554 0.0328777
         vertex 0.0025 0.0445243 0.0327053
         vertex 0.0025 0.0436859 0.0334174
      endloop
   endfacet
   facet normal -1 0 0
      outer loop
         vertex 0.0025 0.0413446 0.0328777
         vertex 0.0025 0.042255 0.033495
         vertex 0.0025 0.042314 0.0334174
      endloop
   endfacet
   facet normal -1 0 0
      outer loop
         vertex 0.0025 0.0422048 0.0335785
         vertex 0.0025 0.0412329 0.0330632
         vertex 0.0025 0.041142 0.0332598
      endloop
   endfacet
   facet normal -1 0 0
      outer loop
         vertex 0.0025 0.041142 0.0347403
         vertex 0.0025 0.0421639 0.0343332
         vertex 0.0025 0.0421328 0.0342408
      endloop
   endfacet
   facet normal -1 0 0
      outer loop
         vertex 0.0025 0.041142 0.0347403
         vertex 0.0025 0.0412329 0.0349369
         vertex 0.0025 0.0422048 0.0344216
      endloop
   endfacet
   facet normal -1 0 0
      outer loop
         vertex 0.0025 0.0440311 0.0357138
         vertex 0.0025 0.043464 0.0347712
         vertex 0.0025 0.0433779 0.0348169
      endloop
   endfacet
   facet normal -1 0 0
      outer loop
         vertex 0.0025 0.0440311 0.0357138
         vertex 0.0025 0.0442103 0.0355923
         vertex 0.0025 0.0435446 0.0347166
      endloop
   endfacet
   facet normal -1 0 0
      outer loop
         vertex 0.0025 0.0436859 0.0345827
         vertex 0.0025 0.0436189 0.0346535
         vertex 0.0025 0.0443754 0.0354521
      endloop
   endfacet
   facet normal -1 0 0
      outer loop
         vertex 0.0025 0.0438881 0.0341457
         vertex 0.0025 0.0438672 0.0342408
         vertex 0.0025 0.0449271 0.0345351
      endloop
   endfacet
   facet normal -1 0 0
      outer loop
         vertex 0.0025 0.0449271 0.033465
         vertex 0.0025 0.0438672 0.0337593
         vertex 0.0025 0.0438881 0.0338545
      endloop
   endfacet
   facet normal -1 0 0
      outer loop
         vertex 0.0025 0.0436859 0.0334174
         vertex 0.0025 0.0437449 0.033495
         vertex 0.0025 0.0446554 0.0328777
      endloop
   endfacet
   facet normal -1 0 0
      outer loop
         vertex 0.0025 0.0443754 0.0325481
         vertex 0.0025 0.0436189 0.0333467
         vertex 0.0025 0.0436859 0.0334174
      endloop
   endfacet
   facet normal -1 0 0
      outer loop
         vertex 0.0025 0.0443754 0.0325481
         vertex 0.0025 0.0442103 0.0324079
         vertex 0.0025 0.0435446 0.0332836
      endloop
   endfacet
   facet normal -1 0 0
      outer loop
         vertex 0.0025 0.043 0.0320001
         vertex 0.0025 0.043 0.0331
         vertex 0.0025 0.0430973 0.0331053
      endloop
   endfacet
   facet normal -1 0 0
      outer loop
         vertex 0.0025 0.043 0.0320001
         vertex 0.0025 0.0427837 0.0320118
         vertex 0.0025 0.0429027 0.0331053
      endloop
   endfacet
   facet normal -1 0 0
      outer loop
         vertex 0.0025 0.0423614 0.0321048
         vertex 0.0025 0.0427126 0.0331472
         vertex 0.0025 0.0428065 0.0331211
      endloop
   endfacet
   facet normal -1 0 0
      outer loop
         vertex 0.0025 0.0423614 0.0321048
         vertex 0.0025 0.0421602 0.0321849
         vertex 0.0025 0.0426221 0.0331832
      endloop
   endfacet
   facet normal -1 0 0
      outer loop
         vertex 0.0025 0.0416246 0.0325481
         vertex 0.0025 0.042381 0.0333467
         vertex 0.0025 0.0424553 0.0332836
      endloop
   endfacet
   facet normal -1 0 0
      outer loop
         vertex 0.0025 0.0416246 0.0325481
         vertex 0.0025 0.0414756 0.0327053
         vertex 0.0025 0.042314 0.0334174
      endloop
   endfacet
   facet normal -1 0 0
      outer loop
         vertex 0.0025 0.042255 0.033495
         vertex 0.0025 0.0413446 0.0328777
         vertex 0.0025 0.0412329 0.0330632
      endloop
   endfacet
   facet normal -1 0 0
      outer loop
         vertex 0.0025 0.0410729 0.033465
         vertex 0.0025 0.0410263 0.0336765
         vertex 0.0025 0.0421118 0.0338545
      endloop
   endfacet
   facet normal -1 0 0
      outer loop
         vertex 0.0025 0.0422048 0.0344216
         vertex 0.0025 0.0421639 0.0343332
         vertex 0.0025 0.041142 0.0347403
      endloop
   endfacet
   facet normal -1 0 0
      outer loop
         vertex 0.0025 0.0412329 0.0349369
         vertex 0.0025 0.0413446 0.0351224
         vertex 0.0025 0.042255 0.0345051
      endloop
   endfacet
   facet normal -1 0 0
      outer loop
         vertex 0.0025 0.0436386 0.0358954
         vertex 0.0025 0.0432873 0.034853
         vertex 0.0025 0.0431934 0.034879
      endloop
   endfacet
   facet normal -1 0 0
      outer loop
         vertex 0.0025 0.0436386 0.0358954
         vertex 0.0025 0.0438398 0.0358152
         vertex 0.0025 0.0433779 0.0348169
      endloop
   endfacet
   facet normal -1 0 0
      outer loop
         vertex 0.0025 0.0435446 0.0347166
         vertex 0.0025 0.043464 0.0347712
         vertex 0.0025 0.0440311 0.0357138
      endloop
   endfacet
   facet normal -1 0 0
      outer loop
         vertex 0.0025 0.0436859 0.0345827
         vertex 0.0025 0.0445243 0.0352948
         vertex 0.0025 0.0446554 0.0351224
      endloop
   endfacet
   facet normal -1 0 0
      outer loop
         vertex 0.0025 0.0438672 0.0337593
         vertex 0.0025 0.0449271 0.033465
         vertex 0.0025 0.0448579 0.0332598
      endloop
   endfacet
   facet normal -1 0 0
      outer loop
         vertex 0.0025 0.0435446 0.0332836
         vertex 0.0025 0.0436189 0.0333467
         vertex 0.0025 0.0443754 0.0325481
      endloop
   endfacet
   facet normal -1 0 0
      outer loop
         vertex 0.0025 0.0440311 0.0322864
         vertex 0.0025 0.043464 0.0332289
         vertex 0.0025 0.0435446 0.0332836
      endloop
   endfacet
   facet normal -1 0 0
      outer loop
         vertex 0.0025 0.0440311 0.0322864
         vertex 0.0025 0.0438398 0.0321849
         vertex 0.0025 0.0433779 0.0331832
      endloop
   endfacet
   facet normal -1 0 0
      outer loop
         vertex 0.0025 0.0434299 0.0320468
         vertex 0.0025 0.0432162 0.0320118
         vertex 0.0025 0.0430973 0.0331053
      endloop
   endfacet
   facet normal -1 0 0
      outer loop
         vertex 0.0025 0.0429027 0.0331053
         vertex 0.0025 0.043 0.0331
         vertex 0.0025 0.043 0.0320001
      endloop
   endfacet
   facet normal -1 0 0
      outer loop
         vertex 0.0025 0.04257 0.0320468
         vertex 0.0025 0.0428065 0.0331211
         vertex 0.0025 0.0429027 0.0331053
      endloop
   endfacet
   facet normal -1 0 0
      outer loop
         vertex 0.0025 0.0426221 0.0331832
         vertex 0.0025 0.0427126 0.0331472
         vertex 0.0025 0.0423614 0.0321048
      endloop
   endfacet
   facet normal -1 0 0
      outer loop
         vertex 0.0025 0.0419689 0.0322864
         vertex 0.0025 0.042536 0.0332289
         vertex 0.0025 0.0426221 0.0331832
      endloop
   endfacet
   facet normal -1 0 0
      outer loop
         vertex 0.0025 0.0419689 0.0322864
         vertex 0.0025 0.0417896 0.0324079
         vertex 0.0025 0.0424553 0.0332836
      endloop
   endfacet
   facet normal -1 0 0
      outer loop
         vertex 0.0025 0.042314 0.0334174
         vertex 0.0025 0.042381 0.0333467
         vertex 0.0025 0.0416246 0.0325481
      endloop
   endfacet
   facet normal -1 0 0
      outer loop
         vertex 0.0025 0.0421118 0.0338545
         vertex 0.0025 0.0421328 0.0337593
         vertex 0.0025 0.0410729 0.033465
      endloop
   endfacet
   facet normal -1 0 0
      outer loop
         vertex 0.0025 0.042255 0.0345051
         vertex 0.0025 0.0422048 0.0344216
         vertex 0.0025 0.0412329 0.0349369
      endloop
   endfacet
   facet normal -1 0 0
      outer loop
         vertex 0.0025 0.0413446 0.0351224
         vertex 0.0025 0.0414756 0.0352948
         vertex 0.0025 0.042314 0.0345827
      endloop
   endfacet
   facet normal -1 0 0
      outer loop
         vertex 0.0025 0.043 0.0360001
         vertex 0.0025 0.0432162 0.0359883
         vertex 0.0025 0.0430973 0.0348948
      endloop
   endfacet
   facet normal -1 0 0
      outer loop
         vertex 0.0025 0.0432162 0.0359883
         vertex 0.0025 0.0434299 0.0359533
         vertex 0.0025 0.0431934 0.034879
      endloop
   endfacet
   facet normal -1 0 0
      outer loop
         vertex 0.0025 0.0433779 0.0348169
         vertex 0.0025 0.0432873 0.034853
         vertex 0.0025 0.0436386 0.0358954
      endloop
   endfacet
   facet normal -1 0 0
      outer loop
         vertex 0.0025 0.0435446 0.0347166
         vertex 0.0025 0.0442103 0.0355923
         vertex 0.0025 0.0443754 0.0354521
      endloop
   endfacet
   facet normal -1 0 0
      outer loop
         vertex 0.0025 0.044997 0.0341083
         vertex 0.0025 0.0438987 0.0340488
         vertex 0.0025 0.0438881 0.0341457
      endloop
   endfacet
   facet normal -1 0 0
      outer loop
         vertex 0.0025 0.044997 0.0341083
         vertex 0.0025 0.044997 0.0338918
         vertex 0.0025 0.0438987 0.0339513
      endloop
   endfacet
   facet normal -1 0 0
      outer loop
         vertex 0.0025 0.0436859 0.0334174
         vertex 0.0025 0.0445243 0.0327053
         vertex 0.0025 0.0443754 0.0325481
      endloop
   endfacet
   facet normal -1 0 0
      outer loop
         vertex 0.0025 0.0433779 0.0331832
         vertex 0.0025 0.043464 0.0332289
         vertex 0.0025 0.0440311 0.0322864
      endloop
   endfacet
   facet normal -1 0 0
      outer loop
         vertex 0.0025 0.0436386 0.0321048
         vertex 0.0025 0.0432873 0.0331472
         vertex 0.0025 0.0433779 0.0331832
      endloop
   endfacet
   facet normal -1 0 0
      outer loop
         vertex 0.0025 0.0436386 0.0321048
         vertex 0.0025 0.0434299 0.0320468
         vertex 0.0025 0.0431934 0.0331211
      endloop
   endfacet
   facet normal -1 0 0
      outer loop
         vertex 0.0025 0.0430973 0.0331053
         vertex 0.0025 0.0432162 0.0320118
         vertex 0.0025 0.043 0.0320001
      endloop
   endfacet
   facet normal -1 0 0
      outer loop
         vertex 0.0025 0.0428065 0.0331211
         vertex 0.0025 0.04257 0.0320468
         vertex 0.0025 0.0423614 0.0321048
      endloop
   endfacet
   facet normal -1 0 0
      outer loop
         vertex 0.0025 0.0424553 0.0332836
         vertex 0.0025 0.042536 0.0332289
         vertex 0.0025 0.0419689 0.0322864
      endloop
   endfacet
   facet normal -1 0 0
      outer loop
         vertex 0.0025 0.042314 0.0334174
         vertex 0.0025 0.0414756 0.0327053
         vertex 0.0025 0.0413446 0.0328777
      endloop
   endfacet
   facet normal -1 0 0
      outer loop
         vertex 0.0025 0.0410729 0.0345351
         vertex 0.0025 0.0421328 0.0342408
         vertex 0.0025 0.0421118 0.0341457
      endloop
   endfacet
   facet normal -1 0 0
      outer loop
         vertex 0.0025 0.042314 0.0345827
         vertex 0.0025 0.042255 0.0345051
         vertex 0.0025 0.0413446 0.0351224
      endloop
   endfacet
   facet normal -1 0 0
      outer loop
         vertex 0.0025 0.0416246 0.0354521
         vertex 0.0025 0.042381 0.0346535
         vertex 0.0025 0.042314 0.0345827
      endloop
   endfacet
   facet normal -1 0 0
      outer loop
         vertex 0.0025 0.0416246 0.0354521
         vertex 0.0025 0.0417896 0.0355923
         vertex 0.0025 0.0424553 0.0347166
      endloop
   endfacet
   facet normal -1 0 0
      outer loop
         vertex 0.0025 0.0431934 0.034879
         vertex 0.0025 0.0430973 0.0348948
         vertex 0.0025 0.0432162 0.0359883
      endloop
   endfacet
   facet normal -1 0 0
      outer loop
         vertex 0.0025 0.0433779 0.0348169
         vertex 0.0025 0.0438398 0.0358152
         vertex 0.0025 0.0440311 0.0357138
      endloop
   endfacet
   facet normal -1 0 0
      outer loop
         vertex 0.0025 0.0438987 0.0339513
         vertex 0.0025 0.0438987 0.0340488
         vertex 0.0025 0.044997 0.0341083
      endloop
   endfacet
   facet normal -1 0 0
      outer loop
         vertex 0.0025 0.044997 0.0338918
         vertex 0.0025 0.0449736 0.0336765
         vertex 0.0025 0.0438881 0.0338545
      endloop
   endfacet
   facet normal -1 0 0
      outer loop
         vertex 0.0025 0.0435446 0.0332836
         vertex 0.0025 0.0442103 0.0324079
         vertex 0.0025 0.0440311 0.0322864
      endloop
   endfacet
   facet normal -1 0 0
      outer loop
         vertex 0.0025 0.0431934 0.0331211
         vertex 0.0025 0.0432873 0.0331472
         vertex 0.0025 0.0436386 0.0321048
      endloop
   endfacet
   facet normal -1 0 0
      outer loop
         vertex 0.0025 0.0429027 0.0331053
         vertex 0.0025 0.0427837 0.0320118
         vertex 0.0025 0.04257 0.0320468
      endloop
   endfacet
   facet normal -1 0 0
      outer loop
         vertex 0.0025 0.0424553 0.0332836
         vertex 0.0025 0.0417896 0.0324079
         vertex 0.0025 0.0416246 0.0325481
      endloop
   endfacet
   facet normal -1 0 0
      outer loop
         vertex 0.0025 0.0421328 0.0342408
         vertex 0.0025 0.0410729 0.0345351
         vertex 0.0025 0.041142 0.0347403
      endloop
   endfacet
   facet normal -1 0 0
      outer loop
         vertex 0.0025 0.0424553 0.0347166
         vertex 0.0025 0.042381 0.0346535
         vertex 0.0025 0.0416246 0.0354521
      endloop
   endfacet
   facet normal -1 0 0
      outer loop
         vertex 0.0025 0.0419689 0.0357138
         vertex 0.0025 0.042536 0.0347712
         vertex 0.0025 0.0424553 0.0347166
      endloop
   endfacet
   facet normal -1 0 0
      outer loop
         vertex 0.0025 0.0419689 0.0357138
         vertex 0.0025 0.0421602 0.0358152
         vertex 0.0025 0.0426221 0.0348169
      endloop
   endfacet
   facet normal -1 0 0
      outer loop
         vertex 0.0025 0.0431934 0.034879
         vertex 0.0025 0.0434299 0.0359533
         vertex 0.0025 0.0436386 0.0358954
      endloop
   endfacet
   facet normal -1 0 0
      outer loop
         vertex 0.0025 0.0438881 0.0338545
         vertex 0.0025 0.0438987 0.0339513
         vertex 0.0025 0.044997 0.0338918
      endloop
   endfacet
   facet normal -1 0 0
      outer loop
         vertex 0.0025 0.0433779 0.0331832
         vertex 0.0025 0.0438398 0.0321849
         vertex 0.0025 0.0436386 0.0321048
      endloop
   endfacet
   facet normal -1 0 0
      outer loop
         vertex 0.0025 0.0426221 0.0331832
         vertex 0.0025 0.0421602 0.0321849
         vertex 0.0025 0.0419689 0.0322864
      endloop
   endfacet
   facet normal -1 0 0
      outer loop
         vertex 0.0025 0.0410029 0.0338918
         vertex 0.0025 0.0421013 0.0339513
         vertex 0.0025 0.0421118 0.0338545
      endloop
   endfacet
   facet normal -1 0 0
      outer loop
         vertex 0.0025 0.0410029 0.0338918
         vertex 0.0025 0.0410029 0.0341083
         vertex 0.0025 0.0421013 0.0340488
      endloop
   endfacet
   facet normal -1 0 0
      outer loop
         vertex 0.0025 0.042314 0.0345827
         vertex 0.0025 0.0414756 0.0352948
         vertex 0.0025 0.0416246 0.0354521
      endloop
   endfacet
   facet normal -1 0 0
      outer loop
         vertex 0.0025 0.0426221 0.0348169
         vertex 0.0025 0.042536 0.0347712
         vertex 0.0025 0.0419689 0.0357138
      endloop
   endfacet
   facet normal -1 0 0
      outer loop
         vertex 0.0025 0.0423614 0.0358954
         vertex 0.0025 0.0427126 0.034853
         vertex 0.0025 0.0426221 0.0348169
      endloop
   endfacet
   facet normal -1 0 0
      outer loop
         vertex 0.0025 0.0423614 0.0358954
         vertex 0.0025 0.04257 0.0359533
         vertex 0.0025 0.0428065 0.034879
      endloop
   endfacet
   facet normal -1 0 0
      outer loop
         vertex 0.0025 0.0438881 0.0341457
         vertex 0.0025 0.0449736 0.0343236
         vertex 0.0025 0.044997 0.0341083
      endloop
   endfacet
   facet normal -1 0 0
      outer loop
         vertex 0.0025 0.0430973 0.0331053
         vertex 0.0025 0.0431934 0.0331211
         vertex 0.0025 0.0434299 0.0320468
      endloop
   endfacet
   facet normal -1 0 0
      outer loop
         vertex 0.0025 0.0421013 0.0340488
         vertex 0.0025 0.0421013 0.0339513
         vertex 0.0025 0.0410029 0.0338918
      endloop
   endfacet
   facet normal -1 0 0
      outer loop
         vertex 0.0025 0.0410029 0.0341083
         vertex 0.0025 0.0410263 0.0343236
         vertex 0.0025 0.0421118 0.0341457
      endloop
   endfacet
   facet normal -1 0 0
      outer loop
         vertex 0.0025 0.0424553 0.0347166
         vertex 0.0025 0.0417896 0.0355923
         vertex 0.0025 0.0419689 0.0357138
      endloop
   endfacet
   facet normal -1 0 0
      outer loop
         vertex 0.0025 0.0428065 0.034879
         vertex 0.0025 0.0427126 0.034853
         vertex 0.0025 0.0423614 0.0358954
      endloop
   endfacet
   facet normal -1 0 0
      outer loop
         vertex 0.0025 0.04257 0.0359533
         vertex 0.0025 0.0427837 0.0359883
         vertex 0.0025 0.0429027 0.0348948
      endloop
   endfacet
   facet normal -1 0 0
      outer loop
         vertex 0.0025 0.043 0.0360001
         vertex 0.0025 0.043 0.0349001
         vertex 0.0025 0.0429027 0.0348948
      endloop
   endfacet
   facet normal -1 0 0
      outer loop
         vertex 0.0025 0.0438881 0.0338545
         vertex 0.0025 0.0449736 0.0336765
         vertex 0.0025 0.0449271 0.033465
      endloop
   endfacet
   facet normal -1 0 0
      outer loop
         vertex 0.0025 0.0421118 0.0341457
         vertex 0.0025 0.0421013 0.0340488
         vertex 0.0025 0.0410029 0.0341083
      endloop
   endfacet
   facet normal -1 0 0
      outer loop
         vertex 0.0025 0.0426221 0.0348169
         vertex 0.0025 0.0421602 0.0358152
         vertex 0.0025 0.0423614 0.0358954
      endloop
   endfacet
   facet normal -1 0 0
      outer loop
         vertex 0.0025 0.0429027 0.0348948
         vertex 0.0025 0.0427837 0.0359883
         vertex 0.0025 0.043 0.0360001
      endloop
   endfacet
   facet normal -1 0 0
      outer loop
         vertex 0.0025 0.0421118 0.0338545
         vertex 0.0025 0.0410263 0.0336765
         vertex 0.0025 0.0410029 0.0338918
      endloop
   endfacet
   facet normal -1 0 0
      outer loop
         vertex 0.0025 0.0429027 0.0348948
         vertex 0.0025 0.0428065 0.034879
         vertex 0.0025 0.04257 0.0359533
      endloop
   endfacet
   facet normal -1 0 0
      outer loop
         vertex 0.0025 0.0421118 0.0341457
         vertex 0.0025 0.0410263 0.0343236
         vertex 0.0025 0.0410729 0.0345351
      endloop
   endfacet
   facet normal -1 0 0
      outer loop
         vertex 0.0025 0.0430973 0.0348948
         vertex 0.0025 0.043 0.0349001
         vertex 0.0025 0.043 0.0360001
      endloop
   endfacet
   facet normal 0 0.108119 -0.994138
      outer loop
         vertex 0 0.0427837 0.0359883
         vertex 0 0.043 0.0360001
         vertex 0.0025 0.043 0.0360001
      endloop
   endfacet
   facet normal 0 0.21497 -0.976621
      outer loop
         vertex 0 0.04257 0.0359533
         vertex 0 0.0427837 0.0359883
         vertex 0.0025 0.0427837 0.0359883
      endloop
   endfacet
   facet normal 0 0.319302 -0.947653
      outer loop
         vertex 0 0.0423614 0.0358954
         vertex 0 0.04257 0.0359533
         vertex 0.0025 0.04257 0.0359533
      endloop
   endfacet
   facet normal 0 0.419889 -0.907575
      outer loop
         vertex 0 0.0421602 0.0358152
         vertex 0 0.0423614 0.0358954
         vertex 0.0025 0.0423614 0.0358954
      endloop
   endfacet
   facet normal 0 0.515554 -0.856857
      outer loop
         vertex 0 0.0419689 0.0357138
         vertex 0 0.0421602 0.0358152
         vertex 0.0025 0.0421602 0.0358152
      endloop
   endfacet
   facet normal 0 0.605174 -0.796093
      outer loop
         vertex 0 0.0417896 0.0355923
         vertex 0 0.0419689 0.0357138
         vertex 0.0025 0.0419689 0.0357138
      endloop
   endfacet
   facet normal 0 0.687699 -0.725995
      outer loop
         vertex 0 0.0416246 0.0354521
         vertex 0 0.0417896 0.0355923
         vertex 0.0025 0.0417896 0.0355923
      endloop
   endfacet
   facet normal 0 0.762162 -0.647386
      outer loop
         vertex 0 0.0414756 0.0352948
         vertex 0 0.0416246 0.0354521
         vertex 0.0025 0.0416246 0.0354521
      endloop
   endfacet
   facet normal 0 0.827689 -0.561187
      outer loop
         vertex 0 0.0413446 0.0351224
         vertex 0 0.0414756 0.0352948
         vertex 0.0025 0.0414756 0.0352948
      endloop
   endfacet
   facet normal 0 0.883512 -0.468408
      outer loop
         vertex 0 0.0412329 0.0349369
         vertex 0 0.0413446 0.0351224
         vertex 0.0025 0.0413446 0.0351224
      endloop
   endfacet
   facet normal 0 0.928977 -0.370138
      outer loop
         vertex 0 0.041142 0.0347403
         vertex 0 0.0412329 0.0349369
         vertex 0.0025 0.0412329 0.0349369
      endloop
   endfacet
   facet normal 0 0.96355 -0.267528
      outer loop
         vertex 0 0.0410729 0.0345351
         vertex 0 0.041142 0.0347403
         vertex 0.0025 0.041142 0.0347403
      endloop
   endfacet
   facet normal 0 0.986827 -0.161782
      outer loop
         vertex 0 0.0410263 0.0343236
         vertex 0 0.0410729 0.0345351
         vertex 0.0025 0.0410729 0.0345351
      endloop
   endfacet
   facet normal 0 0.998533 -0.0541389
      outer loop
         vertex 0 0.0410029 0.0341083
         vertex 0 0.0410263 0.0343236
         vertex 0.0025 0.0410263 0.0343236
      endloop
   endfacet
   facet normal 0 0.998533 0.0541389
      outer loop
         vertex 0 0.0410029 0.0338918
         vertex 0 0.0410029 0.0341083
         vertex 0.0025 0.0410029 0.0341083
      endloop
   endfacet
   facet normal 0 0.986827 0.161782
      outer loop
         vertex 0 0.0410263 0.0336765
         vertex 0 0.0410029 0.0338918
         vertex 0.0025 0.0410029 0.0338918
      endloop
   endfacet
   facet normal 0 0.96355 0.267528
      outer loop
         vertex 0 0.0410729 0.033465
         vertex 0 0.0410263 0.0336765
         vertex 0.0025 0.0410263 0.0336765
      endloop
   endfacet
   facet normal 0 0.928977 0.370138
      outer loop
         vertex 0 0.041142 0.0332598
         vertex 0 0.0410729 0.033465
         vertex 0.0025 0.0410729 0.033465
      endloop
   endfacet
   facet normal 0 0.883512 0.468408
      outer loop
         vertex 0 0.0412329 0.0330632
         vertex 0 0.041142 0.0332598
         vertex 0.0025 0.041142 0.0332598
      endloop
   endfacet
   facet normal 0 0.827689 0.561187
      outer loop
         vertex 0 0.0413446 0.0328777
         vertex 0 0.0412329 0.0330632
         vertex 0.0025 0.0412329 0.0330632
      endloop
   endfacet
   facet normal 0 0.762162 0.647386
      outer loop
         vertex 0 0.0414756 0.0327053
         vertex 0 0.0413446 0.0328777
         vertex 0.0025 0.0413446 0.0328777
      endloop
   endfacet
   facet normal 0 0.687699 0.725995
      outer loop
         vertex 0 0.0416246 0.0325481
         vertex 0 0.0414756 0.0327053
         vertex 0.0025 0.0414756 0.0327053
      endloop
   endfacet
   facet normal 0 0.605174 0.796093
      outer loop
         vertex 0 0.0417896 0.0324079
         vertex 0 0.0416246 0.0325481
         vertex 0.0025 0.0416246 0.0325481
      endloop
   endfacet
   facet normal 0 0.515554 0.856857
      outer loop
         vertex 0 0.0419689 0.0322864
         vertex 0 0.0417896 0.0324079
         vertex 0.0025 0.0417896 0.0324079
      endloop
   endfacet
   facet normal 0 0.419889 0.907575
      outer loop
         vertex 0 0.0421602 0.0321849
         vertex 0 0.0419689 0.0322864
         vertex 0.0025 0.0419689 0.0322864
      endloop
   endfacet
   facet normal 0 0.319302 0.947653
      outer loop
         vertex 0 0.0423614 0.0321048
         vertex 0 0.0421602 0.0321849
         vertex 0.0025 0.0421602 0.0321849
      endloop
   endfacet
   facet normal 0 0.21497 0.976621
      outer loop
         vertex 0 0.04257 0.0320468
         vertex 0 0.0423614 0.0321048
         vertex 0.0025 0.0423614 0.0321048
      endloop
   endfacet
   facet normal 0 0.108119 0.994138
      outer loop
         vertex 0 0.0427837 0.0320118
         vertex 0 0.04257 0.0320468
         vertex 0.0025 0.04257 0.0320468
      endloop
   endfacet
   facet normal 0 -1.22465e-16 1
      outer loop
         vertex 0 0.043 0.0320001
         vertex 0 0.0427837 0.0320118
         vertex 0.0025 0.0427837 0.0320118
      endloop
   endfacet
   facet normal 0 -0.108119 0.994138
      outer loop
         vertex 0 0.0432162 0.0320118
         vertex 0 0.043 0.0320001
         vertex 0.0025 0.043 0.0320001
      endloop
   endfacet
   facet normal 0 -0.21497 0.976621
      outer loop
         vertex 0 0.0434299 0.0320468
         vertex 0 0.0432162 0.0320118
         vertex 0.0025 0.0432162 0.0320118
      endloop
   endfacet
   facet normal 0 -0.319302 0.947653
      outer loop
         vertex 0 0.0436386 0.0321048
         vertex 0 0.0434299 0.0320468
         vertex 0.0025 0.0434299 0.0320468
      endloop
   endfacet
   facet normal 0 -0.419889 0.907575
      outer loop
         vertex 0 0.0438398 0.0321849
         vertex 0 0.0436386 0.0321048
         vertex 0.0025 0.0436386 0.0321048
      endloop
   endfacet
   facet normal 0 -0.515554 0.856857
      outer loop
         vertex 0 0.0440311 0.0322864
         vertex 0 0.0438398 0.0321849
         vertex 0.0025 0.0438398 0.0321849
      endloop
   endfacet
   facet normal 0 -0.605174 0.796093
      outer loop
         vertex 0 0.0442103 0.0324079
         vertex 0 0.0440311 0.0322864
         vertex 0.0025 0.0440311 0.0322864
      endloop
   endfacet
   facet normal 0 -0.687699 0.725995
      outer loop
         vertex 0 0.0443754 0.0325481
         vertex 0 0.0442103 0.0324079
         vertex 0.0025 0.0442103 0.0324079
      endloop
   endfacet
   facet normal 0 -0.762162 0.647386
      outer loop
         vertex 0 0.0445243 0.0327053
         vertex 0 0.0443754 0.0325481
         vertex 0.0025 0.0443754 0.0325481
      endloop
   endfacet
   facet normal 0 -0.827689 0.561187
      outer loop
         vertex 0 0.0446554 0.0328777
         vertex 0 0.0445243 0.0327053
         vertex 0.0025 0.0445243 0.0327053
      endloop
   endfacet
   facet normal 0 -0.883512 0.468408
      outer loop
         vertex 0 0.044767 0.0330632
         vertex 0 0.0446554 0.0328777
         vertex 0.0025 0.0446554 0.0328777
      endloop
   endfacet
   facet normal 0 -0.928977 0.370138
      outer loop
         vertex 0 0.0448579 0.0332598
         vertex 0 0.044767 0.0330632
         vertex 0.0025 0.044767 0.0330632
      endloop
   endfacet
   facet normal 0 -0.96355 0.267528
      outer loop
         vertex 0 0.0449271 0.033465
         vertex 0 0.0448579 0.0332598
         vertex 0.0025 0.0448579 0.0332598
      endloop
   endfacet
   facet normal 0 -0.986827 0.161782
      outer loop
         vertex 0 0.0449736 0.0336765
         vertex 0 0.0449271 0.033465
         vertex 0.0025 0.0449271 0.033465
      endloop
   endfacet
   facet normal 0 -0.998533 0.0541389
      outer loop
         vertex 0 0.044997 0.0338918
         vertex 0 0.0449736 0.0336765
         vertex 0.0025 0.0449736 0.0336765
      endloop
   endfacet
   facet normal 0 -0.998533 -0.0541389
      outer loop
         vertex 0 0.044997 0.0341083
         vertex 0 0.044997 0.0338918
         vertex 0.0025 0.044997 0.0338918
      endloop
   endfacet
   facet normal 0 -0.986827 -0.161782
      outer loop
         vertex 0 0.0449736 0.0343236
         vertex 0 0.044997 0.0341083
         vertex 0.0025 0.044997 0.0341083
      endloop
   endfacet
   facet normal 0 -0.96355 -0.267528
      outer loop
         vertex 0 0.0449271 0.0345351
         vertex 0 0.0449736 0.0343236
         vertex 0.0025 0.0449736 0.0343236
      endloop
   endfacet
   facet normal 0 -0.928977 -0.370138
      outer loop
         vertex 0 0.0448579 0.0347403
         vertex 0 0.0449271 0.0345351
         vertex 0.0025 0.0449271 0.0345351
      endloop
   endfacet
   facet normal 0 -0.883512 -0.468408
      outer loop
         vertex 0 0.044767 0.0349369
         vertex 0 0.0448579 0.0347403
         vertex 0.0025 0.0448579 0.0347403
      endloop
   endfacet
   facet normal 0 -0.827689 -0.561187
      outer loop
         vertex 0 0.0446554 0.0351224
         vertex 0 0.044767 0.0349369
         vertex 0.0025 0.044767 0.0349369
      endloop
   endfacet
   facet normal 0 -0.762162 -0.647386
      outer loop
         vertex 0 0.0445243 0.0352948
         vertex 0 0.0446554 0.0351224
         vertex 0.0025 0.0446554 0.0351224
      endloop
   endfacet
   facet normal 0 -0.687699 -0.725995
      outer loop
         vertex 0 0.0443754 0.0354521
         vertex 0 0.0445243 0.0352948
         vertex 0.0025 0.0445243 0.0352948
      endloop
   endfacet
   facet normal 0 -0.605174 -0.796093
      outer loop
         vertex 0 0.0442103 0.0355923
         vertex 0 0.0443754 0.0354521
         vertex 0.0025 0.0443754 0.0354521
      endloop
   endfacet
   facet normal 0 -0.515554 -0.856857
      outer loop
         vertex 0 0.0440311 0.0357138
         vertex 0 0.0442103 0.0355923
         vertex 0.0025 0.0442103 0.0355923
      endloop
   endfacet
   facet normal 0 -0.419889 -0.907575
      outer loop
         vertex 0 0.0438398 0.0358152
         vertex 0 0.0440311 0.0357138
         vertex 0.0025 0.0440311 0.0357138
      endloop
   endfacet
   facet normal 0 -0.319302 -0.947653
      outer loop
         vertex 0 0.0436386 0.0358954
         vertex 0 0.0438398 0.0358152
         vertex 0.0025 0.0438398 0.0358152
      endloop
   endfacet
   facet normal 0 -0.21497 -0.976621
      outer loop
         vertex 0 0.0434299 0.0359533
         vertex 0 0.0436386 0.0358954
         vertex 0.0025 0.0436386 0.0358954
      endloop
   endfacet
   facet normal 0 -0.108119 -0.994138
      outer loop
         vertex 0 0.0432162 0.0359883
         vertex 0 0.0434299 0.0359533
         vertex 0.0025 0.0434299 0.0359533
      endloop
   endfacet
   facet normal 0 0 -1
      outer loop
         vertex 0 0.043 0.0360001
         vertex 0 0.0432162 0.0359883
         vertex 0.0025 0.0432162 0.0359883
      endloop
   endfacet
   facet normal 0 -0.108119 -0.994138
      outer loop
         vertex 0.0025 0.0432162 0.0359883
         vertex 0.0025 0.043 0.0360001
         vertex 0 0.043 0.0360001
      endloop
   endfacet
   facet normal 0 -0.21497 -0.976621
      outer loop
         vertex 0.0025 0.0434299 0.0359533
         vertex 0.0025 0.0432162 0.0359883
         vertex 0 0.0432162 0.0359883
      endloop
   endfacet
   facet normal 0 -0.319302 -0.947653
      outer loop
         vertex 0.0025 0.0436386 0.0358954
         vertex 0.0025 0.0434299 0.0359533
         vertex 0 0.0434299 0.0359533
      endloop
   endfacet
   facet normal 0 -0.419889 -0.907575
      outer loop
         vertex 0.0025 0.0438398 0.0358152
         vertex 0.0025 0.0436386 0.0358954
         vertex 0 0.0436386 0.0358954
      endloop
   endfacet
   facet normal 0 -0.515554 -0.856857
      outer loop
         vertex 0.0025 0.0440311 0.0357138
         vertex 0.0025 0.0438398 0.0358152
         vertex 0 0.0438398 0.0358152
      endloop
   endfacet
   facet normal 0 -0.605174 -0.796093
      outer loop
         vertex 0.0025 0.0442103 0.0355923
         vertex 0.0025 0.0440311 0.0357138
         vertex 0 0.0440311 0.0357138
      endloop
   endfacet
   facet normal 0 -0.687699 -0.725995
      outer loop
         vertex 0.0025 0.0443754 0.0354521
         vertex 0.0025 0.0442103 0.0355923
         vertex 0 0.0442103 0.0355923
      endloop
   endfacet
   facet normal 0 -0.762162 -0.647386
      outer loop
         vertex 0.0025 0.0445243 0.0352948
         vertex 0.0025 0.0443754 0.0354521
         vertex 0 0.0443754 0.0354521
      endloop
   endfacet
   facet normal 0 -0.827689 -0.561187
      outer loop
         vertex 0.0025 0.0446554 0.0351224
         vertex 0.0025 0.0445243 0.0352948
         vertex 0 0.0445243 0.0352948
      endloop
   endfacet
   facet normal 0 -0.883512 -0.468408
      outer loop
         vertex 0.0025 0.044767 0.0349369
         vertex 0.0025 0.0446554 0.0351224
         vertex 0 0.0446554 0.0351224
      endloop
   endfacet
   facet normal 0 -0.928977 -0.370138
      outer loop
         vertex 0.0025 0.0448579 0.0347403
         vertex 0.0025 0.044767 0.0349369
         vertex 0 0.044767 0.0349369
      endloop
   endfacet
   facet normal 0 -0.96355 -0.267528
      outer loop
         vertex 0.0025 0.0449271 0.0345351
         vertex 0.0025 0.0448579 0.0347403
         vertex 0 0.0448579 0.0347403
      endloop
   endfacet
   facet normal 0 -0.986827 -0.161782
      outer loop
         vertex 0.0025 0.0449736 0.0343236
         vertex 0.0025 0.0449271 0.0345351
         vertex 0 0.0449271 0.0345351
      endloop
   endfacet
   facet normal 0 -0.998533 -0.0541389
      outer loop
         vertex 0.0025 0.044997 0.0341083
         vertex 0.0025 0.0449736 0.0343236
         vertex 0 0.0449736 0.0343236
      endloop
   endfacet
   facet normal 0 -0.998533 0.0541389
      outer loop
         vertex 0.0025 0.044997 0.0338918
         vertex 0.0025 0.044997 0.0341083
         vertex 0 0.044997 0.0341083
      endloop
   endfacet
   facet normal 0 -0.986827 0.161782
      outer loop
         vertex 0.0025 0.0449736 0.0336765
         vertex 0.0025 0.044997 0.0338918
         vertex 0 0.044997 0.0338918
      endloop
   endfacet
   facet normal 0 -0.96355 0.267528
      outer loop
         vertex 0.0025 0.0449271 0.033465
         vertex 0.0025 0.0449736 0.0336765
         vertex 0 0.0449736 0.0336765
      endloop
   endfacet
   facet normal 0 -0.928977 0.370138
      outer loop
         vertex 0.0025 0.0448579 0.0332598
         vertex 0.0025 0.0449271 0.033465
         vertex 0 0.0449271 0.033465
      endloop
   endfacet
   facet normal 0 -0.883512 0.468408
      outer loop
         vertex 0.0025 0.044767 0.0330632
         vertex 0.0025 0.0448579 0.0332598
         vertex 0 0.0448579 0.0332598
      endloop
   endfacet
   facet normal 0 -0.827689 0.561187
      outer loop
         vertex 0.0025 0.0446554 0.0328777
         vertex 0.0025 0.044767 0.0330632
         vertex 0 0.044767 0.0330632
      endloop
   endfacet
   facet normal 0 -0.762162 0.647386
      outer loop
         vertex 0.0025 0.0445243 0.0327053
         vertex 0.0025 0.0446554 0.0328777
         vertex 0 0.0446554 0.0328777
      endloop
   endfacet
   facet normal 0 -0.687699 0.725995
      outer loop
         vertex 0.0025 0.0443754 0.0325481
         vertex 0.0025 0.0445243 0.0327053
         vertex 0 0.0445243 0.0327053
      endloop
   endfacet
   facet normal 0 -0.605174 0.796093
      outer loop
         vertex 0.0025 0.0442103 0.0324079
         vertex 0.0025 0.0443754 0.0325481
         vertex 0 0.0443754 0.0325481
      endloop
   endfacet
   facet normal 0 -0.515554 0.856857
      outer loop
         vertex 0.0025 0.0440311 0.0322864
         vertex 0.0025 0.0442103 0.0324079
         vertex 0 0.0442103 0.0324079
      endloop
   endfacet
   facet normal 0 -0.419889 0.907575
      outer loop
         vertex 0.0025 0.0438398 0.0321849
         vertex 0.0025 0.0440311 0.0322864
         vertex 0 0.0440311 0.0322864
      endloop
   endfacet
   facet normal 0 -0.319302 0.947653
      outer loop
         vertex 0.0025 0.0436386 0.0321048
         vertex 0.0025 0.0438398 0.0321849
         vertex 0 0.0438398 0.0321849
      endloop
   endfacet
   facet normal 0 -0.21497 0.976621
      outer loop
         vertex 0.0025 0.0434299 0.0320468
         vertex 0.0025 0.0436386 0.0321048
         vertex 0 0.0436386 0.0321048
      endloop
   endfacet
   facet normal 0 -0.108119 0.994138
      outer loop
         vertex 0.0025 0.0432162 0.0320118
         vertex 0.0025 0.0434299 0.0320468
         vertex 0 0.0434299 0.0320468
      endloop
   endfacet
   facet normal 0 -1.22465e-16 1
      outer loop
         vertex 0.0025 0.043 0.0320001
         vertex 0.0025 0.0432162 0.0320118
         vertex 0 0.0432162 0.0320118
      endloop
   endfacet
   facet normal 0 0.108119 0.994138
      outer loop
         vertex 0.0025 0.0427837 0.0320118
         vertex 0.0025 0.043 0.0320001
         vertex 0 0.043 0.0320001
      endloop
   endfacet
   facet normal 0 0.21497 0.976621
      outer loop
         vertex 0.0025 0.04257 0.0320468
         vertex 0.0025 0.0427837 0.0320118
         vertex 0 0.0427837 0.0320118
      endloop
   endfacet
   facet normal 0 0.319302 0.947653
      outer loop
         vertex 0.0025 0.0423614 0.0321048
         vertex 0.0025 0.04257 0.0320468
         vertex 0 0.04257 0.0320468
      endloop
   endfacet
   facet normal 0 0.419889 0.907575
      outer loop
         vertex 0.0025 0.0421602 0.0321849
         vertex 0.0025 0.0423614 0.0321048
         vertex 0 0.0423614 0.0321048
      endloop
   endfacet
   facet normal 0 0.515554 0.856857
      outer loop
         vertex 0.0025 0.0419689 0.0322864
         vertex 0.0025 0.0421602 0.0321849
         vertex 0 0.0421602 0.0321849
      endloop
   endfacet
   facet normal 0 0.605174 0.796093
      outer loop
         vertex 0.0025 0.0417896 0.0324079
         vertex 0.0025 0.0419689 0.0322864
         vertex 0 0.0419689 0.0322864
      endloop
   endfacet
   facet normal 0 0.687699 0.725995
      outer loop
         vertex 0.0025 0.0416246 0.0325481
         vertex 0.0025 0.0417896 0.0324079
         vertex 0 0.0417896 0.0324079
      endloop
   endfacet
   facet normal 0 0.762162 0.647386
      outer loop
         vertex 0.0025 0.0414756 0.0327053
         vertex 0.0025 0.0416246 0.0325481
         vertex 0 0.0416246 0.0325481
      endloop
   endfacet
   facet normal 0 0.827689 0.561187
      outer loop
         vertex 0.0025 0.0413446 0.0328777
         vertex 0.0025 0.0414756 0.0327053
         vertex 0 0.0414756 0.0327053
      endloop
   endfacet
   facet normal 0 0.883512 0.468408
      outer loop
         vertex 0.0025 0.0412329 0.0330632
         vertex 0.0025 0.0413446 0.0328777
         vertex 0 0.0413446 0.0328777
      endloop
   endfacet
   facet normal 0 0.928977 0.370138
      outer loop
         vertex 0.0025 0.041142 0.0332598
         vertex 0.0025 0.0412329 0.0330632
         vertex 0 0.0412329 0.0330632
      endloop
   endfacet
   facet normal 0 0.96355 0.267528
      outer loop
         vertex 0.0025 0.0410729 0.033465
         vertex 0.0025 0.041142 0.0332598
         vertex 0 0.041142 0.0332598
      endloop
   endfacet
   facet normal 0 0.986827 0.161782
      outer loop
         vertex 0.0025 0.0410263 0.0336765
         vertex 0.0025 0.0410729 0.033465
         vertex 0 0.0410729 0.033465
      endloop
   endfacet
   facet normal 0 0.998533 0.0541389
      outer loop
         vertex 0.0025 0.0410029 0.0338918
         vertex 0.0025 0.0410263 0.0336765
         vertex 0 0.0410263 0.0336765
      endloop
   endfacet
   facet normal 0 0.998533 -0.0541389
      outer loop
         vertex 0.0025 0.0410029 0.0341083
         vertex 0.0025 0.0410029 0.0338918
         vertex 0 0.0410029 0.0338918
      endloop
   endfacet
   facet normal 0 0.986827 -0.161782
      outer loop
         vertex 0.0025 0.0410263 0.0343236
         vertex 0.0025 0.0410029 0.0341083
         vertex 0 0.0410029 0.0341083
      endloop
   endfacet
   facet normal 0 0.96355 -0.267528
      outer loop
         vertex 0.0025 0.0410729 0.0345351
         vertex 0.0025 0.0410263 0.0343236
         vertex 0 0.0410263 0.0343236
      endloop
   endfacet
   facet normal 0 0.928977 -0.370138
      outer loop
         vertex 0.0025 0.041142 0.0347403
         vertex 0.0025 0.0410729 0.0345351
         vertex 0 0.0410729 0.0345351
      endloop
   endfacet
   facet normal 0 0.883512 -0.468408
      outer loop
         vertex 0.0025 0.0412329 0.0349369
         vertex 0.0025 0.041142 0.0347403
         vertex 0 0.041142 0.0347403
      endloop
   endfacet
   facet normal 0 0.827689 -0.561187
      outer loop
         vertex 0.0025 0.0413446 0.0351224
         vertex 0.0025 0.0412329 0.0349369
         vertex 0 0.0412329 0.0349369
      endloop
   endfacet
   facet normal 0 0.762162 -0.647386
      outer loop
         vertex 0.0025 0.0414756 0.0352948
         vertex 0.0025 0.0413446 0.0351224
         vertex 0 0.0413446 0.0351224
      endloop
   endfacet
   facet normal 0 0.687699 -0.725995
      outer loop
         vertex 0.0025 0.0416246 0.0354521
         vertex 0.0025 0.0414756 0.0352948
         vertex 0 0.0414756 0.0352948
      endloop
   endfacet
   facet normal 0 0.605174 -0.796093
      outer loop
         vertex 0.0025 0.0417896 0.0355923
         vertex 0.0025 0.0416246 0.0354521
         vertex 0 0.0416246 0.0354521
      endloop
   endfacet
   facet normal 0 0.515554 -0.856857
      outer loop
         vertex 0.0025 0.0419689 0.0357138
         vertex 0.0025 0.0417896 0.0355923
         vertex 0 0.0417896 0.0355923
      endloop
   endfacet
   facet normal 0 0.419889 -0.907575
      outer loop
         vertex 0.0025 0.0421602 0.0358152
         vertex 0.0025 0.0419689 0.0357138
         vertex 0 0.0419689 0.0357138
      endloop
   endfacet
   facet normal 0 0.319302 -0.947653
      outer loop
         vertex 0.0025 0.0423614 0.0358954
         vertex 0.0025 0.0421602 0.0358152
         vertex 0 0.0421602 0.0358152
      endloop
   endfacet
   facet normal 0 0.21497 -0.976621
      outer loop
         vertex 0.0025 0.04257 0.0359533
         vertex 0.0025 0.0423614 0.0358954
         vertex 0 0.0423614 0.0358954
      endloop
   endfacet
   facet normal 0 0.108119 -0.994138
      outer loop
         vertex 0.0025 0.0427837 0.0359883
         vertex 0.0025 0.04257 0.0359533
         vertex 0 0.04257 0.0359533
      endloop
   endfacet
   facet normal 0 0 -1
      outer loop
         vertex 0.0025 0.043 0.0360001
         vertex 0.0025 0.0427837 0.0359883
         vertex 0 0.0427837 0.0359883
      endloop
   endfacet
   facet normal -1 0 0
      outer loop
         vertex 0.0025 0.020358 0.0142404
         vertex 0.0025 0.019336 0.0138332
         vertex 0.0025 0.0192951 0.0139217
      endloop
   endfacet
   facet normal -1 0 0
      outer loop
         vertex 0.0025 0.020358 0.0142404
         vertex 0.0025 0.0204271 0.0140352
         vertex 0.0025 0.0193672 0.0137409
      endloop
   endfacet
   facet normal -1 0 0
      outer loop
         vertex 0.0025 0.0193672 0.0137409
         vertex 0.0025 0.019336 0.0138332
         vertex 0.0025 0.020358 0.0142404
      endloop
   endfacet
   facet normal -1 0 0
      outer loop
         vertex 0.0025 0.0204271 0.0140352
         vertex 0.0025 0.0204737 0.0138237
         vertex 0.0025 0.0193881 0.0136457
      endloop
   endfacet
   facet normal -1 0 0
      outer loop
         vertex 0.0025 0.020358 0.0127598
         vertex 0.0025 0.019336 0.013167
         vertex 0.0025 0.0193672 0.0132594
      endloop
   endfacet
   facet normal -1 0 0
      outer loop
         vertex 0.0025 0.020358 0.0127598
         vertex 0.0025 0.020267 0.0125633
         vertex 0.0025 0.0192951 0.0130786
      endloop
   endfacet
   facet normal -1 0 0
      outer loop
         vertex 0.0025 0.0193881 0.0136457
         vertex 0.0025 0.0193672 0.0137409
         vertex 0.0025 0.0204271 0.0140352
      endloop
   endfacet
   facet normal -1 0 0
      outer loop
         vertex 0.0025 0.0204737 0.0138237
         vertex 0.0025 0.0204971 0.0136084
         vertex 0.0025 0.0193986 0.0135488
      endloop
   endfacet
   facet normal -1 0 0
      outer loop
         vertex 0.0025 0.0204271 0.0129651
         vertex 0.0025 0.0193672 0.0132594
         vertex 0.0025 0.0193881 0.0133545
      endloop
   endfacet
   facet normal -1 0 0
      outer loop
         vertex 0.0025 0.0192951 0.0130786
         vertex 0.0025 0.019336 0.013167
         vertex 0.0025 0.020358 0.0127598
      endloop
   endfacet
   facet normal -1 0 0
      outer loop
         vertex 0.0025 0.0200243 0.0122053
         vertex 0.0025 0.0191859 0.0129175
         vertex 0.0025 0.0192449 0.0129951
      endloop
   endfacet
   facet normal -1 0 0
      outer loop
         vertex 0.0025 0.0200243 0.0122053
         vertex 0.0025 0.0198754 0.0120481
         vertex 0.0025 0.0191189 0.0128468
      endloop
   endfacet
   facet normal -1 0 0
      outer loop
         vertex 0.0025 0.0191386 0.0116048
         vertex 0.0025 0.0187874 0.0126473
         vertex 0.0025 0.0188779 0.0126834
      endloop
   endfacet
   facet normal -1 0 0
      outer loop
         vertex 0.0025 0.0191386 0.0116048
         vertex 0.0025 0.01893 0.0115469
         vertex 0.0025 0.0186935 0.0126212
      endloop
   endfacet
   facet normal -1 0 0
      outer loop
         vertex 0.0025 0.0191386 0.0153954
         vertex 0.0025 0.0187874 0.014353
         vertex 0.0025 0.0186935 0.014379
      endloop
   endfacet
   facet normal -1 0 0
      outer loop
         vertex 0.0025 0.0191386 0.0153954
         vertex 0.0025 0.0193398 0.0153153
         vertex 0.0025 0.0188779 0.0143169
      endloop
   endfacet
   facet normal -1 0 0
      outer loop
         vertex 0.0025 0.0200243 0.0147949
         vertex 0.0025 0.0191859 0.0140827
         vertex 0.0025 0.0191189 0.0141535
      endloop
   endfacet
   facet normal -1 0 0
      outer loop
         vertex 0.0025 0.0200243 0.0147949
         vertex 0.0025 0.0201554 0.0146225
         vertex 0.0025 0.0192449 0.0140052
      endloop
   endfacet
   facet normal -1 0 0
      outer loop
         vertex 0.0025 0.0193986 0.0135488
         vertex 0.0025 0.0193881 0.0136457
         vertex 0.0025 0.0204737 0.0138237
      endloop
   endfacet
   facet normal -1 0 0
      outer loop
         vertex 0.0025 0.0204971 0.0136084
         vertex 0.0025 0.0204971 0.0133918
         vertex 0.0025 0.0193986 0.0134514
      endloop
   endfacet
   facet normal -1 0 0
      outer loop
         vertex 0.0025 0.0204737 0.0131766
         vertex 0.0025 0.0193881 0.0133545
         vertex 0.0025 0.0193986 0.0134514
      endloop
   endfacet
   facet normal -1 0 0
      outer loop
         vertex 0.0025 0.0193672 0.0132594
         vertex 0.0025 0.0204271 0.0129651
         vertex 0.0025 0.020358 0.0127598
      endloop
   endfacet
   facet normal -1 0 0
      outer loop
         vertex 0.0025 0.0201554 0.0123777
         vertex 0.0025 0.0192449 0.0129951
         vertex 0.0025 0.0192951 0.0130786
      endloop
   endfacet
   facet normal -1 0 0
      outer loop
         vertex 0.0025 0.0191189 0.0128468
         vertex 0.0025 0.0191859 0.0129175
         vertex 0.0025 0.0200243 0.0122053
      endloop
   endfacet
   facet normal -1 0 0
      outer loop
         vertex 0.0025 0.0193398 0.011685
         vertex 0.0025 0.0188779 0.0126834
         vertex 0.0025 0.018964 0.012729
      endloop
   endfacet
   facet normal -1 0 0
      outer loop
         vertex 0.0025 0.0186935 0.0126212
         vertex 0.0025 0.0187874 0.0126473
         vertex 0.0025 0.0191386 0.0116048
      endloop
   endfacet
   facet normal -1 0 0
      outer loop
         vertex 0.0025 0.0166421 0.0127598
         vertex 0.0025 0.017664 0.013167
         vertex 0.0025 0.0177049 0.0130786
      endloop
   endfacet
   facet normal -1 0 0
      outer loop
         vertex 0.0025 0.0166421 0.0127598
         vertex 0.0025 0.0165729 0.0129651
         vertex 0.0025 0.0176329 0.0132594
      endloop
   endfacet
   facet normal -1 0 0
      outer loop
         vertex 0.0025 0.0188779 0.0143169
         vertex 0.0025 0.0187874 0.014353
         vertex 0.0025 0.0191386 0.0153954
      endloop
   endfacet
   facet normal -1 0 0
      outer loop
         vertex 0.0025 0.0193398 0.0153153
         vertex 0.0025 0.0195311 0.0152138
         vertex 0.0025 0.018964 0.0142712
      endloop
   endfacet
   facet normal -1 0 0
      outer loop
         vertex 0.0025 0.0192449 0.0140052
         vertex 0.0025 0.0191859 0.0140827
         vertex 0.0025 0.0200243 0.0147949
      endloop
   endfacet
   facet normal -1 0 0
      outer loop
         vertex 0.0025 0.0201554 0.0146225
         vertex 0.0025 0.020267 0.0144369
         vertex 0.0025 0.0192951 0.0139217
      endloop
   endfacet
   facet normal -1 0 0
      outer loop
         vertex 0.0025 0.0193986 0.0134514
         vertex 0.0025 0.0193986 0.0135488
         vertex 0.0025 0.0204971 0.0136084
      endloop
   endfacet
   facet normal -1 0 0
      outer loop
         vertex 0.0025 0.0193881 0.0133545
         vertex 0.0025 0.0204737 0.0131766
         vertex 0.0025 0.0204271 0.0129651
      endloop
   endfacet
   facet normal -1 0 0
      outer loop
         vertex 0.0025 0.0192449 0.0129951
         vertex 0.0025 0.0201554 0.0123777
         vertex 0.0025 0.0200243 0.0122053
      endloop
   endfacet
   facet normal -1 0 0
      outer loop
         vertex 0.0025 0.0198754 0.0120481
         vertex 0.0025 0.0197104 0.0119079
         vertex 0.0025 0.0190446 0.0127837
      endloop
   endfacet
   facet normal -1 0 0
      outer loop
         vertex 0.0025 0.0195311 0.0117864
         vertex 0.0025 0.018964 0.012729
         vertex 0.0025 0.0190446 0.0127837
      endloop
   endfacet
   facet normal -1 0 0
      outer loop
         vertex 0.0025 0.0188779 0.0126834
         vertex 0.0025 0.0193398 0.011685
         vertex 0.0025 0.0191386 0.0116048
      endloop
   endfacet
   facet normal -1 0 0
      outer loop
         vertex 0.0025 0.0176329 0.0132594
         vertex 0.0025 0.017664 0.013167
         vertex 0.0025 0.0166421 0.0127598
      endloop
   endfacet
   facet normal -1 0 0
      outer loop
         vertex 0.0025 0.0165729 0.0129651
         vertex 0.0025 0.0165264 0.0131766
         vertex 0.0025 0.0176119 0.0133545
      endloop
   endfacet
   facet normal -1 0 0
      outer loop
         vertex 0.0025 0.0165729 0.0140352
         vertex 0.0025 0.0176329 0.0137409
         vertex 0.0025 0.0176119 0.0136457
      endloop
   endfacet
   facet normal -1 0 0
      outer loop
         vertex 0.0025 0.0165729 0.0140352
         vertex 0.0025 0.0166421 0.0142404
         vertex 0.0025 0.017664 0.0138332
      endloop
   endfacet
   facet normal -1 0 0
      outer loop
         vertex 0.0025 0.018964 0.0142712
         vertex 0.0025 0.0188779 0.0143169
         vertex 0.0025 0.0193398 0.0153153
      endloop
   endfacet
   facet normal -1 0 0
      outer loop
         vertex 0.0025 0.0195311 0.0152138
         vertex 0.0025 0.0197104 0.0150923
         vertex 0.0025 0.0190446 0.0142166
      endloop
   endfacet
   facet normal -1 0 0
      outer loop
         vertex 0.0025 0.0192951 0.0139217
         vertex 0.0025 0.0192449 0.0140052
         vertex 0.0025 0.0201554 0.0146225
      endloop
   endfacet
   facet normal -1 0 0
      outer loop
         vertex 0.0025 0.0193986 0.0134514
         vertex 0.0025 0.0204971 0.0133918
         vertex 0.0025 0.0204737 0.0131766
      endloop
   endfacet
   facet normal -1 0 0
      outer loop
         vertex 0.0025 0.0190446 0.0127837
         vertex 0.0025 0.0191189 0.0128468
         vertex 0.0025 0.0198754 0.0120481
      endloop
   endfacet
   facet normal -1 0 0
      outer loop
         vertex 0.0025 0.018964 0.012729
         vertex 0.0025 0.0195311 0.0117864
         vertex 0.0025 0.0193398 0.011685
      endloop
   endfacet
   facet normal -1 0 0
      outer loop
         vertex 0.0025 0.0178614 0.0116048
         vertex 0.0025 0.0182127 0.0126473
         vertex 0.0025 0.0183066 0.0126212
      endloop
   endfacet
   facet normal -1 0 0
      outer loop
         vertex 0.0025 0.0178614 0.0116048
         vertex 0.0025 0.0176602 0.011685
         vertex 0.0025 0.0181221 0.0126834
      endloop
   endfacet
   facet normal -1 0 0
      outer loop
         vertex 0.0025 0.0169757 0.0122053
         vertex 0.0025 0.0178141 0.0129175
         vertex 0.0025 0.0178811 0.0128468
      endloop
   endfacet
   facet normal -1 0 0
      outer loop
         vertex 0.0025 0.0169757 0.0122053
         vertex 0.0025 0.0168446 0.0123777
         vertex 0.0025 0.0177551 0.0129951
      endloop
   endfacet
   facet normal -1 0 0
      outer loop
         vertex 0.0025 0.0176119 0.0133545
         vertex 0.0025 0.0176329 0.0132594
         vertex 0.0025 0.0165729 0.0129651
      endloop
   endfacet
   facet normal -1 0 0
      outer loop
         vertex 0.0025 0.0165264 0.0131766
         vertex 0.0025 0.016503 0.0133918
         vertex 0.0025 0.0176014 0.0134514
      endloop
   endfacet
   facet normal -1 0 0
      outer loop
         vertex 0.0025 0.0165264 0.0138237
         vertex 0.0025 0.0176119 0.0136457
         vertex 0.0025 0.0176014 0.0135488
      endloop
   endfacet
   facet normal -1 0 0
      outer loop
         vertex 0.0025 0.017664 0.0138332
         vertex 0.0025 0.0176329 0.0137409
         vertex 0.0025 0.0165729 0.0140352
      endloop
   endfacet
   facet normal -1 0 0
      outer loop
         vertex 0.0025 0.0168446 0.0146225
         vertex 0.0025 0.0177551 0.0140052
         vertex 0.0025 0.0177049 0.0139217
      endloop
   endfacet
   facet normal -1 0 0
      outer loop
         vertex 0.0025 0.0169757 0.0147949
         vertex 0.0025 0.0178141 0.0140827
         vertex 0.0025 0.0177551 0.0140052
      endloop
   endfacet
   facet normal -1 0 0
      outer loop
         vertex 0.0025 0.0171246 0.0149521
         vertex 0.0025 0.0178811 0.0141535
         vertex 0.0025 0.0178141 0.0140827
      endloop
   endfacet
   facet normal -1 0 0
      outer loop
         vertex 0.0025 0.0171246 0.0149521
         vertex 0.0025 0.0172897 0.0150923
         vertex 0.0025 0.0179554 0.0142166
      endloop
   endfacet
   facet normal -1 0 0
      outer loop
         vertex 0.0025 0.0190446 0.0142166
         vertex 0.0025 0.018964 0.0142712
         vertex 0.0025 0.0195311 0.0152138
      endloop
   endfacet
   facet normal -1 0 0
      outer loop
         vertex 0.0025 0.0198754 0.0149521
         vertex 0.0025 0.0191189 0.0141535
         vertex 0.0025 0.0190446 0.0142166
      endloop
   endfacet
   facet normal -1 0 0
      outer loop
         vertex 0.0025 0.0192951 0.0139217
         vertex 0.0025 0.020267 0.0144369
         vertex 0.0025 0.020358 0.0142404
      endloop
   endfacet
   facet normal -1 0 0
      outer loop
         vertex 0.0025 0.0190446 0.0127837
         vertex 0.0025 0.0197104 0.0119079
         vertex 0.0025 0.0195311 0.0117864
      endloop
   endfacet
   facet normal -1 0 0
      outer loop
         vertex 0.0025 0.0181221 0.0126834
         vertex 0.0025 0.0182127 0.0126473
         vertex 0.0025 0.0178614 0.0116048
      endloop
   endfacet
   facet normal -1 0 0
      outer loop
         vertex 0.0025 0.0176602 0.011685
         vertex 0.0025 0.0174689 0.0117864
         vertex 0.0025 0.018036 0.012729
      endloop
   endfacet
   facet normal -1 0 0
      outer loop
         vertex 0.0025 0.0177551 0.0129951
         vertex 0.0025 0.0178141 0.0129175
         vertex 0.0025 0.0169757 0.0122053
      endloop
   endfacet
   facet normal -1 0 0
      outer loop
         vertex 0.0025 0.0168446 0.0123777
         vertex 0.0025 0.016733 0.0125633
         vertex 0.0025 0.0177049 0.0130786
      endloop
   endfacet
   facet normal -1 0 0
      outer loop
         vertex 0.0025 0.0176014 0.0134514
         vertex 0.0025 0.0176119 0.0133545
         vertex 0.0025 0.0165264 0.0131766
      endloop
   endfacet
   facet normal -1 0 0
      outer loop
         vertex 0.0025 0.016503 0.0136084
         vertex 0.0025 0.0176014 0.0135488
         vertex 0.0025 0.0176014 0.0134514
      endloop
   endfacet
   facet normal -1 0 0
      outer loop
         vertex 0.0025 0.0176119 0.0136457
         vertex 0.0025 0.0165264 0.0138237
         vertex 0.0025 0.0165729 0.0140352
      endloop
   endfacet
   facet normal -1 0 0
      outer loop
         vertex 0.0025 0.0166421 0.0142404
         vertex 0.0025 0.016733 0.0144369
         vertex 0.0025 0.0177049 0.0139217
      endloop
   endfacet
   facet normal -1 0 0
      outer loop
         vertex 0.0025 0.0177551 0.0140052
         vertex 0.0025 0.0168446 0.0146225
         vertex 0.0025 0.0169757 0.0147949
      endloop
   endfacet
   facet normal -1 0 0
      outer loop
         vertex 0.0025 0.0179554 0.0142166
         vertex 0.0025 0.0178811 0.0141535
         vertex 0.0025 0.0171246 0.0149521
      endloop
   endfacet
   facet normal -1 0 0
      outer loop
         vertex 0.0025 0.0187163 0.0154884
         vertex 0.0025 0.0185973 0.0143948
         vertex 0.0025 0.0185 0.0144001
      endloop
   endfacet
   facet normal -1 0 0
      outer loop
         vertex 0.0025 0.0187163 0.0154884
         vertex 0.0025 0.01893 0.0154534
         vertex 0.0025 0.0186935 0.014379
      endloop
   endfacet
   facet normal -1 0 0
      outer loop
         vertex 0.0025 0.0190446 0.0142166
         vertex 0.0025 0.0197104 0.0150923
         vertex 0.0025 0.0198754 0.0149521
      endloop
   endfacet
   facet normal -1 0 0
      outer loop
         vertex 0.0025 0.0192951 0.0130786
         vertex 0.0025 0.020267 0.0125633
         vertex 0.0025 0.0201554 0.0123777
      endloop
   endfacet
   facet normal -1 0 0
      outer loop
         vertex 0.0025 0.0187163 0.0115118
         vertex 0.0025 0.0185973 0.0126055
         vertex 0.0025 0.0186935 0.0126212
      endloop
   endfacet
   facet normal -1 0 0
      outer loop
         vertex 0.0025 0.0187163 0.0115118
         vertex 0.0025 0.0185 0.0115001
         vertex 0.0025 0.0185 0.0126002
      endloop
   endfacet
   facet normal -1 0 0
      outer loop
         vertex 0.0025 0.0182838 0.0115118
         vertex 0.0025 0.0184027 0.0126055
         vertex 0.0025 0.0185 0.0126002
      endloop
   endfacet
   facet normal -1 0 0
      outer loop
         vertex 0.0025 0.0182838 0.0115118
         vertex 0.0025 0.0180701 0.0115469
         vertex 0.0025 0.0183066 0.0126212
      endloop
   endfacet
   facet normal -1 0 0
      outer loop
         vertex 0.0025 0.018036 0.012729
         vertex 0.0025 0.0181221 0.0126834
         vertex 0.0025 0.0176602 0.011685
      endloop
   endfacet
   facet normal -1 0 0
      outer loop
         vertex 0.0025 0.0174689 0.0117864
         vertex 0.0025 0.0172897 0.0119079
         vertex 0.0025 0.0179554 0.0127837
      endloop
   endfacet
   facet normal -1 0 0
      outer loop
         vertex 0.0025 0.0177049 0.0130786
         vertex 0.0025 0.0177551 0.0129951
         vertex 0.0025 0.0168446 0.0123777
      endloop
   endfacet
   facet normal -1 0 0
      outer loop
         vertex 0.0025 0.0176014 0.0134514
         vertex 0.0025 0.016503 0.0133918
         vertex 0.0025 0.016503 0.0136084
      endloop
   endfacet
   facet normal -1 0 0
      outer loop
         vertex 0.0025 0.0177049 0.0139217
         vertex 0.0025 0.017664 0.0138332
         vertex 0.0025 0.0166421 0.0142404
      endloop
   endfacet
   facet normal -1 0 0
      outer loop
         vertex 0.0025 0.0178141 0.0140827
         vertex 0.0025 0.0169757 0.0147949
         vertex 0.0025 0.0171246 0.0149521
      endloop
   endfacet
   facet normal -1 0 0
      outer loop
         vertex 0.0025 0.0186935 0.014379
         vertex 0.0025 0.0185973 0.0143948
         vertex 0.0025 0.0187163 0.0154884
      endloop
   endfacet
   facet normal -1 0 0
      outer loop
         vertex 0.0025 0.0191189 0.0141535
         vertex 0.0025 0.0198754 0.0149521
         vertex 0.0025 0.0200243 0.0147949
      endloop
   endfacet
   facet normal -1 0 0
      outer loop
         vertex 0.0025 0.0185 0.0126002
         vertex 0.0025 0.0185973 0.0126055
         vertex 0.0025 0.0187163 0.0115118
      endloop
   endfacet
   facet normal -1 0 0
      outer loop
         vertex 0.0025 0.0183066 0.0126212
         vertex 0.0025 0.0184027 0.0126055
         vertex 0.0025 0.0182838 0.0115118
      endloop
   endfacet
   facet normal -1 0 0
      outer loop
         vertex 0.0025 0.0179554 0.0127837
         vertex 0.0025 0.018036 0.012729
         vertex 0.0025 0.0174689 0.0117864
      endloop
   endfacet
   facet normal -1 0 0
      outer loop
         vertex 0.0025 0.0171246 0.0120481
         vertex 0.0025 0.0178811 0.0128468
         vertex 0.0025 0.0179554 0.0127837
      endloop
   endfacet
   facet normal -1 0 0
      outer loop
         vertex 0.0025 0.0177049 0.0130786
         vertex 0.0025 0.016733 0.0125633
         vertex 0.0025 0.0166421 0.0127598
      endloop
   endfacet
   facet normal -1 0 0
      outer loop
         vertex 0.0025 0.0177049 0.0139217
         vertex 0.0025 0.016733 0.0144369
         vertex 0.0025 0.0168446 0.0146225
      endloop
   endfacet
   facet normal -1 0 0
      outer loop
         vertex 0.0025 0.0178614 0.0153954
         vertex 0.0025 0.0182127 0.014353
         vertex 0.0025 0.0181221 0.0143169
      endloop
   endfacet
   facet normal -1 0 0
      outer loop
         vertex 0.0025 0.0178614 0.0153954
         vertex 0.0025 0.0180701 0.0154534
         vertex 0.0025 0.0183066 0.014379
      endloop
   endfacet
   facet normal -1 0 0
      outer loop
         vertex 0.0025 0.0186935 0.014379
         vertex 0.0025 0.01893 0.0154534
         vertex 0.0025 0.0191386 0.0153954
      endloop
   endfacet
   facet normal -1 0 0
      outer loop
         vertex 0.0025 0.0185 0.0126002
         vertex 0.0025 0.0185 0.0115001
         vertex 0.0025 0.0182838 0.0115118
      endloop
   endfacet
   facet normal -1 0 0
      outer loop
         vertex 0.0025 0.0179554 0.0127837
         vertex 0.0025 0.0172897 0.0119079
         vertex 0.0025 0.0171246 0.0120481
      endloop
   endfacet
   facet normal -1 0 0
      outer loop
         vertex 0.0025 0.0176014 0.0135488
         vertex 0.0025 0.016503 0.0136084
         vertex 0.0025 0.0165264 0.0138237
      endloop
   endfacet
   facet normal -1 0 0
      outer loop
         vertex 0.0025 0.0176602 0.0153153
         vertex 0.0025 0.0181221 0.0143169
         vertex 0.0025 0.018036 0.0142712
      endloop
   endfacet
   facet normal -1 0 0
      outer loop
         vertex 0.0025 0.0183066 0.014379
         vertex 0.0025 0.0182127 0.014353
         vertex 0.0025 0.0178614 0.0153954
      endloop
   endfacet
   facet normal -1 0 0
      outer loop
         vertex 0.0025 0.0186935 0.0126212
         vertex 0.0025 0.01893 0.0115469
         vertex 0.0025 0.0187163 0.0115118
      endloop
   endfacet
   facet normal -1 0 0
      outer loop
         vertex 0.0025 0.0178811 0.0128468
         vertex 0.0025 0.0171246 0.0120481
         vertex 0.0025 0.0169757 0.0122053
      endloop
   endfacet
   facet normal -1 0 0
      outer loop
         vertex 0.0025 0.0174689 0.0152138
         vertex 0.0025 0.018036 0.0142712
         vertex 0.0025 0.0179554 0.0142166
      endloop
   endfacet
   facet normal -1 0 0
      outer loop
         vertex 0.0025 0.0181221 0.0143169
         vertex 0.0025 0.0176602 0.0153153
         vertex 0.0025 0.0178614 0.0153954
      endloop
   endfacet
   facet normal -1 0 0
      outer loop
         vertex 0.0025 0.0183066 0.0126212
         vertex 0.0025 0.0180701 0.0115469
         vertex 0.0025 0.0178614 0.0116048
      endloop
   endfacet
   facet normal -1 0 0
      outer loop
         vertex 0.0025 0.018036 0.0142712
         vertex 0.0025 0.0174689 0.0152138
         vertex 0.0025 0.0176602 0.0153153
      endloop
   endfacet
   facet normal -1 0 0
      outer loop
         vertex 0.0025 0.0182838 0.0154884
         vertex 0.0025 0.0184027 0.0143948
         vertex 0.0025 0.0183066 0.014379
      endloop
   endfacet
   facet normal -1 0 0
      outer loop
         vertex 0.0025 0.0182838 0.0154884
         vertex 0.0025 0.0185 0.0155001
         vertex 0.0025 0.0185 0.0144001
      endloop
   endfacet
   facet normal -1 0 0
      outer loop
         vertex 0.0025 0.0179554 0.0142166
         vertex 0.0025 0.0172897 0.0150923
         vertex 0.0025 0.0174689 0.0152138
      endloop
   endfacet
   facet normal -1 0 0
      outer loop
         vertex 0.0025 0.0185 0.0144001
         vertex 0.0025 0.0184027 0.0143948
         vertex 0.0025 0.0182838 0.0154884
      endloop
   endfacet
   facet normal -1 0 0
      outer loop
         vertex 0.0025 0.0183066 0.014379
         vertex 0.0025 0.0180701 0.0154534
         vertex 0.0025 0.0182838 0.0154884
      endloop
   endfacet
   facet normal -1 0 0
      outer loop
         vertex 0.0025 0.0185 0.0144001
         vertex 0.0025 0.0185 0.0155001
         vertex 0.0025 0.0187163 0.0154884
      endloop
   endfacet
   facet normal 0 0.108119 -0.994138
      outer loop
         vertex 0 0.0182838 0.0154884
         vertex 0 0.0185 0.0155001
         vertex 0.0025 0.0185 0.0155001
      endloop
   endfacet
   facet normal 0 0.21497 -0.976621
      outer loop
         vertex 0 0.0180701 0.0154534
         vertex 0 0.0182838 0.0154884
         vertex 0.0025 0.0182838 0.0154884
      endloop
   endfacet
   facet normal 0 0.319302 -0.947653
      outer loop
         vertex 0 0.0178614 0.0153954
         vertex 0 0.0180701 0.0154534
         vertex 0.0025 0.0180701 0.0154534
      endloop
   endfacet
   facet normal 0 0.419889 -0.907575
      outer loop
         vertex 0 0.0176602 0.0153153
         vertex 0 0.0178614 0.0153954
         vertex 0.0025 0.0178614 0.0153954
      endloop
   endfacet
   facet normal 0 0.515554 -0.856857
      outer loop
         vertex 0 0.0174689 0.0152138
         vertex 0 0.0176602 0.0153153
         vertex 0.0025 0.0176602 0.0153153
      endloop
   endfacet
   facet normal 0 0.605174 -0.796093
      outer loop
         vertex 0 0.0172897 0.0150923
         vertex 0 0.0174689 0.0152138
         vertex 0.0025 0.0174689 0.0152138
      endloop
   endfacet
   facet normal 0 0.687699 -0.725995
      outer loop
         vertex 0 0.0171246 0.0149521
         vertex 0 0.0172897 0.0150923
         vertex 0.0025 0.0172897 0.0150923
      endloop
   endfacet
   facet normal 0 0.762162 -0.647386
      outer loop
         vertex 0 0.0169757 0.0147949
         vertex 0 0.0171246 0.0149521
         vertex 0.0025 0.0171246 0.0149521
      endloop
   endfacet
   facet normal 0 0.827689 -0.561187
      outer loop
         vertex 0 0.0168446 0.0146225
         vertex 0 0.0169757 0.0147949
         vertex 0.0025 0.0169757 0.0147949
      endloop
   endfacet
   facet normal 0 0.883512 -0.468408
      outer loop
         vertex 0 0.016733 0.0144369
         vertex 0 0.0168446 0.0146225
         vertex 0.0025 0.0168446 0.0146225
      endloop
   endfacet
   facet normal 0 0.928977 -0.370138
      outer loop
         vertex 0 0.0166421 0.0142404
         vertex 0 0.016733 0.0144369
         vertex 0.0025 0.016733 0.0144369
      endloop
   endfacet
   facet normal 0 0.96355 -0.267528
      outer loop
         vertex 0 0.0165729 0.0140352
         vertex 0 0.0166421 0.0142404
         vertex 0.0025 0.0166421 0.0142404
      endloop
   endfacet
   facet normal 0 0.986827 -0.161782
      outer loop
         vertex 0 0.0165264 0.0138237
         vertex 0 0.0165729 0.0140352
         vertex 0.0025 0.0165729 0.0140352
      endloop
   endfacet
   facet normal 0 0.998533 -0.0541389
      outer loop
         vertex 0 0.016503 0.0136084
         vertex 0 0.0165264 0.0138237
         vertex 0.0025 0.0165264 0.0138237
      endloop
   endfacet
   facet normal 0 0.998533 0.0541389
      outer loop
         vertex 0 0.016503 0.0133918
         vertex 0 0.016503 0.0136084
         vertex 0.0025 0.016503 0.0136084
      endloop
   endfacet
   facet normal 0 0.986827 0.161782
      outer loop
         vertex 0 0.0165264 0.0131766
         vertex 0 0.016503 0.0133918
         vertex 0.0025 0.016503 0.0133918
      endloop
   endfacet
   facet normal 0 0.96355 0.267528
      outer loop
         vertex 0 0.0165729 0.0129651
         vertex 0 0.0165264 0.0131766
         vertex 0.0025 0.0165264 0.0131766
      endloop
   endfacet
   facet normal 0 0.928977 0.370138
      outer loop
         vertex 0 0.0166421 0.0127598
         vertex 0 0.0165729 0.0129651
         vertex 0.0025 0.0165729 0.0129651
      endloop
   endfacet
   facet normal 0 0.883512 0.468408
      outer loop
         vertex 0 0.016733 0.0125633
         vertex 0 0.0166421 0.0127598
         vertex 0.0025 0.0166421 0.0127598
      endloop
   endfacet
   facet normal 0 0.827689 0.561187
      outer loop
         vertex 0 0.0168446 0.0123777
         vertex 0 0.016733 0.0125633
         vertex 0.0025 0.016733 0.0125633
      endloop
   endfacet
   facet normal 0 0.762162 0.647386
      outer loop
         vertex 0 0.0169757 0.0122053
         vertex 0 0.0168446 0.0123777
         vertex 0.0025 0.0168446 0.0123777
      endloop
   endfacet
   facet normal 0 0.687699 0.725995
      outer loop
         vertex 0 0.0171246 0.0120481
         vertex 0 0.0169757 0.0122053
         vertex 0.0025 0.0169757 0.0122053
      endloop
   endfacet
   facet normal 0 0.605174 0.796093
      outer loop
         vertex 0 0.0172897 0.0119079
         vertex 0 0.0171246 0.0120481
         vertex 0.0025 0.0171246 0.0120481
      endloop
   endfacet
   facet normal 0 0.515554 0.856857
      outer loop
         vertex 0 0.0174689 0.0117864
         vertex 0 0.0172897 0.0119079
         vertex 0.0025 0.0172897 0.0119079
      endloop
   endfacet
   facet normal 0 0.419889 0.907575
      outer loop
         vertex 0 0.0176602 0.011685
         vertex 0 0.0174689 0.0117864
         vertex 0.0025 0.0174689 0.0117864
      endloop
   endfacet
   facet normal 0 0.319302 0.947653
      outer loop
         vertex 0 0.0178614 0.0116048
         vertex 0 0.0176602 0.011685
         vertex 0.0025 0.0176602 0.011685
      endloop
   endfacet
   facet normal 0 0.21497 0.976621
      outer loop
         vertex 0 0.0180701 0.0115469
         vertex 0 0.0178614 0.0116048
         vertex 0.0025 0.0178614 0.0116048
      endloop
   endfacet
   facet normal 0 0.108119 0.994138
      outer loop
         vertex 0 0.0182838 0.0115118
         vertex 0 0.0180701 0.0115469
         vertex 0.0025 0.0180701 0.0115469
      endloop
   endfacet
   facet normal 0 -1.22465e-16 1
      outer loop
         vertex 0 0.0185 0.0115001
         vertex 0 0.0182838 0.0115118
         vertex 0.0025 0.0182838 0.0115118
      endloop
   endfacet
   facet normal 0 -0.108119 0.994138
      outer loop
         vertex 0 0.0187163 0.0115118
         vertex 0 0.0185 0.0115001
         vertex 0.0025 0.0185 0.0115001
      endloop
   endfacet
   facet normal 0 -0.21497 0.976621
      outer loop
         vertex 0 0.01893 0.0115469
         vertex 0 0.0187163 0.0115118
         vertex 0.0025 0.0187163 0.0115118
      endloop
   endfacet
   facet normal 0 -0.319302 0.947653
      outer loop
         vertex 0 0.0191386 0.0116048
         vertex 0 0.01893 0.0115469
         vertex 0.0025 0.01893 0.0115469
      endloop
   endfacet
   facet normal 0 -0.419889 0.907575
      outer loop
         vertex 0 0.0193398 0.011685
         vertex 0 0.0191386 0.0116048
         vertex 0.0025 0.0191386 0.0116048
      endloop
   endfacet
   facet normal 0 -0.515554 0.856857
      outer loop
         vertex 0 0.0195311 0.0117864
         vertex 0 0.0193398 0.011685
         vertex 0.0025 0.0193398 0.011685
      endloop
   endfacet
   facet normal 0 -0.605174 0.796093
      outer loop
         vertex 0 0.0197104 0.0119079
         vertex 0 0.0195311 0.0117864
         vertex 0.0025 0.0195311 0.0117864
      endloop
   endfacet
   facet normal 0 -0.687699 0.725995
      outer loop
         vertex 0 0.0198754 0.0120481
         vertex 0 0.0197104 0.0119079
         vertex 0.0025 0.0197104 0.0119079
      endloop
   endfacet
   facet normal 0 -0.762162 0.647386
      outer loop
         vertex 0 0.0200243 0.0122053
         vertex 0 0.0198754 0.0120481
         vertex 0.0025 0.0198754 0.0120481
      endloop
   endfacet
   facet normal 0 -0.827689 0.561187
      outer loop
         vertex 0 0.0201554 0.0123777
         vertex 0 0.0200243 0.0122053
         vertex 0.0025 0.0200243 0.0122053
      endloop
   endfacet
   facet normal 0 -0.883512 0.468408
      outer loop
         vertex 0 0.020267 0.0125633
         vertex 0 0.0201554 0.0123777
         vertex 0.0025 0.0201554 0.0123777
      endloop
   endfacet
   facet normal 0 -0.928977 0.370138
      outer loop
         vertex 0 0.020358 0.0127598
         vertex 0 0.020267 0.0125633
         vertex 0.0025 0.020267 0.0125633
      endloop
   endfacet
   facet normal 0 -0.96355 0.267528
      outer loop
         vertex 0 0.0204271 0.0129651
         vertex 0 0.020358 0.0127598
         vertex 0.0025 0.020358 0.0127598
      endloop
   endfacet
   facet normal 0 -0.986827 0.161782
      outer loop
         vertex 0 0.0204737 0.0131766
         vertex 0 0.0204271 0.0129651
         vertex 0.0025 0.0204271 0.0129651
      endloop
   endfacet
   facet normal 0 -0.998533 0.0541389
      outer loop
         vertex 0 0.0204971 0.0133918
         vertex 0 0.0204737 0.0131766
         vertex 0.0025 0.0204737 0.0131766
      endloop
   endfacet
   facet normal 0 -0.998533 -0.0541389
      outer loop
         vertex 0 0.0204971 0.0136084
         vertex 0 0.0204971 0.0133918
         vertex 0.0025 0.0204971 0.0133918
      endloop
   endfacet
   facet normal 0 -0.986827 -0.161782
      outer loop
         vertex 0 0.0204737 0.0138237
         vertex 0 0.0204971 0.0136084
         vertex 0.0025 0.0204971 0.0136084
      endloop
   endfacet
   facet normal 0 -0.96355 -0.267528
      outer loop
         vertex 0 0.0204271 0.0140352
         vertex 0 0.0204737 0.0138237
         vertex 0.0025 0.0204737 0.0138237
      endloop
   endfacet
   facet normal 0 -0.928977 -0.370138
      outer loop
         vertex 0 0.020358 0.0142404
         vertex 0 0.0204271 0.0140352
         vertex 0.0025 0.0204271 0.0140352
      endloop
   endfacet
   facet normal 0 -0.883512 -0.468408
      outer loop
         vertex 0 0.020267 0.0144369
         vertex 0 0.020358 0.0142404
         vertex 0.0025 0.020358 0.0142404
      endloop
   endfacet
   facet normal 0 -0.827689 -0.561187
      outer loop
         vertex 0 0.0201554 0.0146225
         vertex 0 0.020267 0.0144369
         vertex 0.0025 0.020267 0.0144369
      endloop
   endfacet
   facet normal 0 -0.762162 -0.647386
      outer loop
         vertex 0 0.0200243 0.0147949
         vertex 0 0.0201554 0.0146225
         vertex 0.0025 0.0201554 0.0146225
      endloop
   endfacet
   facet normal 0 -0.687699 -0.725995
      outer loop
         vertex 0 0.0198754 0.0149521
         vertex 0 0.0200243 0.0147949
         vertex 0.0025 0.0200243 0.0147949
      endloop
   endfacet
   facet normal 0 -0.605174 -0.796093
      outer loop
         vertex 0 0.0197104 0.0150923
         vertex 0 0.0198754 0.0149521
         vertex 0.0025 0.0198754 0.0149521
      endloop
   endfacet
   facet normal 0 -0.515554 -0.856857
      outer loop
         vertex 0 0.0195311 0.0152138
         vertex 0 0.0197104 0.0150923
         vertex 0.0025 0.0197104 0.0150923
      endloop
   endfacet
   facet normal 0 -0.419889 -0.907575
      outer loop
         vertex 0 0.0193398 0.0153153
         vertex 0 0.0195311 0.0152138
         vertex 0.0025 0.0195311 0.0152138
      endloop
   endfacet
   facet normal 0 -0.319302 -0.947653
      outer loop
         vertex 0 0.0191386 0.0153954
         vertex 0 0.0193398 0.0153153
         vertex 0.0025 0.0193398 0.0153153
      endloop
   endfacet
   facet normal 0 -0.21497 -0.976621
      outer loop
         vertex 0 0.01893 0.0154534
         vertex 0 0.0191386 0.0153954
         vertex 0.0025 0.0191386 0.0153954
      endloop
   endfacet
   facet normal 0 -0.108119 -0.994138
      outer loop
         vertex 0 0.0187163 0.0154884
         vertex 0 0.01893 0.0154534
         vertex 0.0025 0.01893 0.0154534
      endloop
   endfacet
   facet normal 0 0 -1
      outer loop
         vertex 0 0.0185 0.0155001
         vertex 0 0.0187163 0.0154884
         vertex 0.0025 0.0187163 0.0154884
      endloop
   endfacet
   facet normal 0 -0.108119 -0.994138
      outer loop
         vertex 0.0025 0.0187163 0.0154884
         vertex 0.0025 0.0185 0.0155001
         vertex 0 0.0185 0.0155001
      endloop
   endfacet
   facet normal 0 -0.21497 -0.976621
      outer loop
         vertex 0.0025 0.01893 0.0154534
         vertex 0.0025 0.0187163 0.0154884
         vertex 0 0.0187163 0.0154884
      endloop
   endfacet
   facet normal 0 -0.319302 -0.947653
      outer loop
         vertex 0.0025 0.0191386 0.0153954
         vertex 0.0025 0.01893 0.0154534
         vertex 0 0.01893 0.0154534
      endloop
   endfacet
   facet normal 0 -0.419889 -0.907575
      outer loop
         vertex 0.0025 0.0193398 0.0153153
         vertex 0.0025 0.0191386 0.0153954
         vertex 0 0.0191386 0.0153954
      endloop
   endfacet
   facet normal 0 -0.515554 -0.856857
      outer loop
         vertex 0.0025 0.0195311 0.0152138
         vertex 0.0025 0.0193398 0.0153153
         vertex 0 0.0193398 0.0153153
      endloop
   endfacet
   facet normal 0 -0.605174 -0.796093
      outer loop
         vertex 0.0025 0.0197104 0.0150923
         vertex 0.0025 0.0195311 0.0152138
         vertex 0 0.0195311 0.0152138
      endloop
   endfacet
   facet normal 0 -0.687699 -0.725995
      outer loop
         vertex 0.0025 0.0198754 0.0149521
         vertex 0.0025 0.0197104 0.0150923
         vertex 0 0.0197104 0.0150923
      endloop
   endfacet
   facet normal 0 -0.762162 -0.647386
      outer loop
         vertex 0.0025 0.0200243 0.0147949
         vertex 0.0025 0.0198754 0.0149521
         vertex 0 0.0198754 0.0149521
      endloop
   endfacet
   facet normal 0 -0.827689 -0.561187
      outer loop
         vertex 0.0025 0.0201554 0.0146225
         vertex 0.0025 0.0200243 0.0147949
         vertex 0 0.0200243 0.0147949
      endloop
   endfacet
   facet normal 0 -0.883512 -0.468408
      outer loop
         vertex 0.0025 0.020267 0.0144369
         vertex 0.0025 0.0201554 0.0146225
         vertex 0 0.0201554 0.0146225
      endloop
   endfacet
   facet normal 0 -0.928977 -0.370138
      outer loop
         vertex 0.0025 0.020358 0.0142404
         vertex 0.0025 0.020267 0.0144369
         vertex 0 0.020267 0.0144369
      endloop
   endfacet
   facet normal 0 -0.96355 -0.267528
      outer loop
         vertex 0.0025 0.0204271 0.0140352
         vertex 0.0025 0.020358 0.0142404
         vertex 0 0.020358 0.0142404
      endloop
   endfacet
   facet normal 0 -0.986827 -0.161782
      outer loop
         vertex 0.0025 0.0204737 0.0138237
         vertex 0.0025 0.0204271 0.0140352
         vertex 0 0.0204271 0.0140352
      endloop
   endfacet
   facet normal 0 -0.998533 -0.0541389
      outer loop
         vertex 0.0025 0.0204971 0.0136084
         vertex 0.0025 0.0204737 0.0138237
         vertex 0 0.0204737 0.0138237
      endloop
   endfacet
   facet normal 0 -0.998533 0.0541389
      outer loop
         vertex 0.0025 0.0204971 0.0133918
         vertex 0.0025 0.0204971 0.0136084
         vertex 0 0.0204971 0.0136084
      endloop
   endfacet
   facet normal 0 -0.986827 0.161782
      outer loop
         vertex 0.0025 0.0204737 0.0131766
         vertex 0.0025 0.0204971 0.0133918
         vertex 0 0.0204971 0.0133918
      endloop
   endfacet
   facet normal 0 -0.96355 0.267528
      outer loop
         vertex 0.0025 0.0204271 0.0129651
         vertex 0.0025 0.0204737 0.0131766
         vertex 0 0.0204737 0.0131766
      endloop
   endfacet
   facet normal 0 -0.928977 0.370138
      outer loop
         vertex 0.0025 0.020358 0.0127598
         vertex 0.0025 0.0204271 0.0129651
         vertex 0 0.0204271 0.0129651
      endloop
   endfacet
   facet normal 0 -0.883512 0.468408
      outer loop
         vertex 0.0025 0.020267 0.0125633
         vertex 0.0025 0.020358 0.0127598
         vertex 0 0.020358 0.0127598
      endloop
   endfacet
   facet normal 0 -0.827689 0.561187
      outer loop
         vertex 0.0025 0.0201554 0.0123777
         vertex 0.0025 0.020267 0.0125633
         vertex 0 0.020267 0.0125633
      endloop
   endfacet
   facet normal 0 -0.762162 0.647386
      outer loop
         vertex 0.0025 0.0200243 0.0122053
         vertex 0.0025 0.0201554 0.0123777
         vertex 0 0.0201554 0.0123777
      endloop
   endfacet
   facet normal 0 -0.687699 0.725995
      outer loop
         vertex 0.0025 0.0198754 0.0120481
         vertex 0.0025 0.0200243 0.0122053
         vertex 0 0.0200243 0.0122053
      endloop
   endfacet
   facet normal 0 -0.605174 0.796093
      outer loop
         vertex 0.0025 0.0197104 0.0119079
         vertex 0.0025 0.0198754 0.0120481
         vertex 0 0.0198754 0.0120481
      endloop
   endfacet
   facet normal 0 -0.515554 0.856857
      outer loop
         vertex 0.0025 0.0195311 0.0117864
         vertex 0.0025 0.0197104 0.0119079
         vertex 0 0.0197104 0.0119079
      endloop
   endfacet
   facet normal 0 -0.419889 0.907575
      outer loop
         vertex 0.0025 0.0193398 0.011685
         vertex 0.0025 0.0195311 0.0117864
         vertex 0 0.0195311 0.0117864
      endloop
   endfacet
   facet normal 0 -0.319302 0.947653
      outer loop
         vertex 0.0025 0.0191386 0.0116048
         vertex 0.0025 0.0193398 0.011685
         vertex 0 0.0193398 0.011685
      endloop
   endfacet
   facet normal 0 -0.21497 0.976621
      outer loop
         vertex 0.0025 0.01893 0.0115469
         vertex 0.0025 0.0191386 0.0116048
         vertex 0 0.0191386 0.0116048
      endloop
   endfacet
   facet normal 0 -0.108119 0.994138
      outer loop
         vertex 0.0025 0.0187163 0.0115118
         vertex 0.0025 0.01893 0.0115469
         vertex 0 0.01893 0.0115469
      endloop
   endfacet
   facet normal 0 -1.22465e-16 1
      outer loop
         vertex 0.0025 0.0185 0.0115001
         vertex 0.0025 0.0187163 0.0115118
         vertex 0 0.0187163 0.0115118
      endloop
   endfacet
   facet normal 0 0.108119 0.994138
      outer loop
         vertex 0.0025 0.0182838 0.0115118
         vertex 0.0025 0.0185 0.0115001
         vertex 0 0.0185 0.0115001
      endloop
   endfacet
   facet normal 0 0.21497 0.976621
      outer loop
         vertex 0.0025 0.0180701 0.0115469
         vertex 0.0025 0.0182838 0.0115118
         vertex 0 0.0182838 0.0115118
      endloop
   endfacet
   facet normal 0 0.319302 0.947653
      outer loop
         vertex 0.0025 0.0178614 0.0116048
         vertex 0.0025 0.0180701 0.0115469
         vertex 0 0.0180701 0.0115469
      endloop
   endfacet
   facet normal 0 0.419889 0.907575
      outer loop
         vertex 0.0025 0.0176602 0.011685
         vertex 0.0025 0.0178614 0.0116048
         vertex 0 0.0178614 0.0116048
      endloop
   endfacet
   facet normal 0 0.515554 0.856857
      outer loop
         vertex 0.0025 0.0174689 0.0117864
         vertex 0.0025 0.0176602 0.011685
         vertex 0 0.0176602 0.011685
      endloop
   endfacet
   facet normal 0 0.605174 0.796093
      outer loop
         vertex 0.0025 0.0172897 0.0119079
         vertex 0.0025 0.0174689 0.0117864
         vertex 0 0.0174689 0.0117864
      endloop
   endfacet
   facet normal 0 0.687699 0.725995
      outer loop
         vertex 0.0025 0.0171246 0.0120481
         vertex 0.0025 0.0172897 0.0119079
         vertex 0 0.0172897 0.0119079
      endloop
   endfacet
   facet normal 0 0.762162 0.647386
      outer loop
         vertex 0.0025 0.0169757 0.0122053
         vertex 0.0025 0.0171246 0.0120481
         vertex 0 0.0171246 0.0120481
      endloop
   endfacet
   facet normal 0 0.827689 0.561187
      outer loop
         vertex 0.0025 0.0168446 0.0123777
         vertex 0.0025 0.0169757 0.0122053
         vertex 0 0.0169757 0.0122053
      endloop
   endfacet
   facet normal 0 0.883512 0.468408
      outer loop
         vertex 0.0025 0.016733 0.0125633
         vertex 0.0025 0.0168446 0.0123777
         vertex 0 0.0168446 0.0123777
      endloop
   endfacet
   facet normal 0 0.928977 0.370138
      outer loop
         vertex 0.0025 0.0166421 0.0127598
         vertex 0.0025 0.016733 0.0125633
         vertex 0 0.016733 0.0125633
      endloop
   endfacet
   facet normal 0 0.96355 0.267528
      outer loop
         vertex 0.0025 0.0165729 0.0129651
         vertex 0.0025 0.0166421 0.0127598
         vertex 0 0.0166421 0.0127598
      endloop
   endfacet
   facet normal 0 0.986827 0.161782
      outer loop
         vertex 0.0025 0.0165264 0.0131766
         vertex 0.0025 0.0165729 0.0129651
         vertex 0 0.0165729 0.0129651
      endloop
   endfacet
   facet normal 0 0.998533 0.0541389
      outer loop
         vertex 0.0025 0.016503 0.0133918
         vertex 0.0025 0.0165264 0.0131766
         vertex 0 0.0165264 0.0131766
      endloop
   endfacet
   facet normal 0 0.998533 -0.0541389
      outer loop
         vertex 0.0025 0.016503 0.0136084
         vertex 0.0025 0.016503 0.0133918
         vertex 0 0.016503 0.0133918
      endloop
   endfacet
   facet normal 0 0.986827 -0.161782
      outer loop
         vertex 0.0025 0.0165264 0.0138237
         vertex 0.0025 0.016503 0.0136084
         vertex 0 0.016503 0.0136084
      endloop
   endfacet
   facet normal 0 0.96355 -0.267528
      outer loop
         vertex 0.0025 0.0165729 0.0140352
         vertex 0.0025 0.0165264 0.0138237
         vertex 0 0.0165264 0.0138237
      endloop
   endfacet
   facet normal 0 0.928977 -0.370138
      outer loop
         vertex 0.0025 0.0166421 0.0142404
         vertex 0.0025 0.0165729 0.0140352
         vertex 0 0.0165729 0.0140352
      endloop
   endfacet
   facet normal 0 0.883512 -0.468408
      outer loop
         vertex 0.0025 0.016733 0.0144369
         vertex 0.0025 0.0166421 0.0142404
         vertex 0 0.0166421 0.0142404
      endloop
   endfacet
   facet normal 0 0.827689 -0.561187
      outer loop
         vertex 0.0025 0.0168446 0.0146225
         vertex 0.0025 0.016733 0.0144369
         vertex 0 0.016733 0.0144369
      endloop
   endfacet
   facet normal 0 0.762162 -0.647386
      outer loop
         vertex 0.0025 0.0169757 0.0147949
         vertex 0.0025 0.0168446 0.0146225
         vertex 0 0.0168446 0.0146225
      endloop
   endfacet
   facet normal 0 0.687699 -0.725995
      outer loop
         vertex 0.0025 0.0171246 0.0149521
         vertex 0.0025 0.0169757 0.0147949
         vertex 0 0.0169757 0.0147949
      endloop
   endfacet
   facet normal 0 0.605174 -0.796093
      outer loop
         vertex 0.0025 0.0172897 0.0150923
         vertex 0.0025 0.0171246 0.0149521
         vertex 0 0.0171246 0.0149521
      endloop
   endfacet
   facet normal 0 0.515554 -0.856857
      outer loop
         vertex 0.0025 0.0174689 0.0152138
         vertex 0.0025 0.0172897 0.0150923
         vertex 0 0.0172897 0.0150923
      endloop
   endfacet
   facet normal 0 0.419889 -0.907575
      outer loop
         vertex 0.0025 0.0176602 0.0153153
         vertex 0.0025 0.0174689 0.0152138
         vertex 0 0.0174689 0.0152138
      endloop
   endfacet
   facet normal 0 0.319302 -0.947653
      outer loop
         vertex 0.0025 0.0178614 0.0153954
         vertex 0.0025 0.0176602 0.0153153
         vertex 0 0.0176602 0.0153153
      endloop
   endfacet
   facet normal 0 0.21497 -0.976621
      outer loop
         vertex 0.0025 0.0180701 0.0154534
         vertex 0.0025 0.0178614 0.0153954
         vertex 0 0.0178614 0.0153954
      endloop
   endfacet
   facet normal 0 0.108119 -0.994138
      outer loop
         vertex 0.0025 0.0182838 0.0154884
         vertex 0.0025 0.0180701 0.0154534
         vertex 0 0.0180701 0.0154534
      endloop
   endfacet
   facet normal 0 0 -1
      outer loop
         vertex 0.0025 0.0185 0.0155001
         vertex 0.0025 0.0182838 0.0154884
         vertex 0 0.0182838 0.0154884
      endloop
   endfacet
   facet normal -1 0 0
      outer loop
         vertex 0.0025 0.0434299 0.0115468
         vertex 0.0025 0.0432162 0.0115118
         vertex 0.0025 0.0430973 0.0126053
      endloop
   endfacet
   facet normal -1 0 0
      outer loop
         vertex 0.0025 0.0432162 0.0115118
         vertex 0.0025 0.043 0.0115
         vertex 0.0025 0.043 0.0126
      endloop
   endfacet
   facet normal -1 0 0
      outer loop
         vertex 0.0025 0.0427837 0.0115118
         vertex 0.0025 0.0429027 0.0126053
         vertex 0.0025 0.043 0.0126
      endloop
   endfacet
   facet normal -1 0 0
      outer loop
         vertex 0.0025 0.0427837 0.0115118
         vertex 0.0025 0.04257 0.0115468
         vertex 0.0025 0.0428065 0.0126211
      endloop
   endfacet
   facet normal -1 0 0
      outer loop
         vertex 0.0025 0.0417896 0.0119078
         vertex 0.0025 0.0424553 0.0127835
         vertex 0.0025 0.042536 0.0127288
      endloop
   endfacet
   facet normal -1 0 0
      outer loop
         vertex 0.0025 0.0417896 0.0119078
         vertex 0.0025 0.0416246 0.012048
         vertex 0.0025 0.042381 0.0128466
      endloop
   endfacet
   facet normal -1 0 0
      outer loop
         vertex 0.0025 0.0434299 0.0115468
         vertex 0.0025 0.0431934 0.0126211
         vertex 0.0025 0.0432873 0.0126471
      endloop
   endfacet
   facet normal -1 0 0
      outer loop
         vertex 0.0025 0.043 0.0126
         vertex 0.0025 0.0430973 0.0126053
         vertex 0.0025 0.0432162 0.0115118
      endloop
   endfacet
   facet normal -1 0 0
      outer loop
         vertex 0.0025 0.0428065 0.0126211
         vertex 0.0025 0.0429027 0.0126053
         vertex 0.0025 0.0427837 0.0115118
      endloop
   endfacet
   facet normal -1 0 0
      outer loop
         vertex 0.0025 0.04257 0.0115468
         vertex 0.0025 0.0423614 0.0116047
         vertex 0.0025 0.0427126 0.0126471
      endloop
   endfacet
   facet normal -1 0 0
      outer loop
         vertex 0.0025 0.0419689 0.0117863
         vertex 0.0025 0.042536 0.0127288
         vertex 0.0025 0.0426221 0.0126832
      endloop
   endfacet
   facet normal -1 0 0
      outer loop
         vertex 0.0025 0.042381 0.0128466
         vertex 0.0025 0.0424553 0.0127835
         vertex 0.0025 0.0417896 0.0119078
      endloop
   endfacet
   facet normal -1 0 0
      outer loop
         vertex 0.0025 0.0432162 0.0154883
         vertex 0.0025 0.0430973 0.0143948
         vertex 0.0025 0.043 0.0144
      endloop
   endfacet
   facet normal -1 0 0
      outer loop
         vertex 0.0025 0.0432162 0.0154883
         vertex 0.0025 0.0434299 0.0154533
         vertex 0.0025 0.0431934 0.014379
      endloop
   endfacet
   facet normal -1 0 0
      outer loop
         vertex 0.0025 0.0440311 0.0117863
         vertex 0.0025 0.043464 0.0127288
         vertex 0.0025 0.0435446 0.0127835
      endloop
   endfacet
   facet normal -1 0 0
      outer loop
         vertex 0.0025 0.0440311 0.0117863
         vertex 0.0025 0.0438398 0.0116849
         vertex 0.0025 0.0433779 0.0126832
      endloop
   endfacet
   facet normal -1 0 0
      outer loop
         vertex 0.0025 0.0436386 0.0116047
         vertex 0.0025 0.0432873 0.0126471
         vertex 0.0025 0.0433779 0.0126832
      endloop
   endfacet
   facet normal -1 0 0
      outer loop
         vertex 0.0025 0.0430973 0.0126053
         vertex 0.0025 0.0431934 0.0126211
         vertex 0.0025 0.0434299 0.0115468
      endloop
   endfacet
   facet normal -1 0 0
      outer loop
         vertex 0.0025 0.0427126 0.0126471
         vertex 0.0025 0.0428065 0.0126211
         vertex 0.0025 0.04257 0.0115468
      endloop
   endfacet
   facet normal -1 0 0
      outer loop
         vertex 0.0025 0.0423614 0.0116047
         vertex 0.0025 0.0421602 0.0116849
         vertex 0.0025 0.0426221 0.0126832
      endloop
   endfacet
   facet normal -1 0 0
      outer loop
         vertex 0.0025 0.042536 0.0127288
         vertex 0.0025 0.0419689 0.0117863
         vertex 0.0025 0.0417896 0.0119078
      endloop
   endfacet
   facet normal -1 0 0
      outer loop
         vertex 0.0025 0.0416246 0.012048
         vertex 0.0025 0.0414756 0.0122053
         vertex 0.0025 0.042314 0.0129174
      endloop
   endfacet
   facet normal -1 0 0
      outer loop
         vertex 0.0025 0.0431934 0.014379
         vertex 0.0025 0.0430973 0.0143948
         vertex 0.0025 0.0432162 0.0154883
      endloop
   endfacet
   facet normal -1 0 0
      outer loop
         vertex 0.0025 0.0434299 0.0154533
         vertex 0.0025 0.0436386 0.0153953
         vertex 0.0025 0.0432873 0.0143529
      endloop
   endfacet
   facet normal -1 0 0
      outer loop
         vertex 0.0025 0.0433779 0.0126832
         vertex 0.0025 0.043464 0.0127288
         vertex 0.0025 0.0440311 0.0117863
      endloop
   endfacet
   facet normal -1 0 0
      outer loop
         vertex 0.0025 0.0432873 0.0126471
         vertex 0.0025 0.0436386 0.0116047
         vertex 0.0025 0.0434299 0.0115468
      endloop
   endfacet
   facet normal -1 0 0
      outer loop
         vertex 0.0025 0.0426221 0.0126832
         vertex 0.0025 0.0427126 0.0126471
         vertex 0.0025 0.0423614 0.0116047
      endloop
   endfacet
   facet normal -1 0 0
      outer loop
         vertex 0.0025 0.042314 0.0129174
         vertex 0.0025 0.042381 0.0128466
         vertex 0.0025 0.0416246 0.012048
      endloop
   endfacet
   facet normal -1 0 0
      outer loop
         vertex 0.0025 0.0432873 0.0143529
         vertex 0.0025 0.0431934 0.014379
         vertex 0.0025 0.0434299 0.0154533
      endloop
   endfacet
   facet normal -1 0 0
      outer loop
         vertex 0.0025 0.0436386 0.0153953
         vertex 0.0025 0.0438398 0.0153152
         vertex 0.0025 0.0433779 0.0143169
      endloop
   endfacet
   facet normal -1 0 0
      outer loop
         vertex 0.0025 0.0440311 0.0152137
         vertex 0.0025 0.043464 0.0142712
         vertex 0.0025 0.0433779 0.0143169
      endloop
   endfacet
   facet normal -1 0 0
      outer loop
         vertex 0.0025 0.0440311 0.0152137
         vertex 0.0025 0.0442103 0.0150922
         vertex 0.0025 0.0435446 0.0142165
      endloop
   endfacet
   facet normal -1 0 0
      outer loop
         vertex 0.0025 0.0433779 0.0126832
         vertex 0.0025 0.0438398 0.0116849
         vertex 0.0025 0.0436386 0.0116047
      endloop
   endfacet
   facet normal -1 0 0
      outer loop
         vertex 0.0025 0.0426221 0.0126832
         vertex 0.0025 0.0421602 0.0116849
         vertex 0.0025 0.0419689 0.0117863
      endloop
   endfacet
   facet normal -1 0 0
      outer loop
         vertex 0.0025 0.0413446 0.0123777
         vertex 0.0025 0.042255 0.012995
         vertex 0.0025 0.042314 0.0129174
      endloop
   endfacet
   facet normal -1 0 0
      outer loop
         vertex 0.0025 0.0413446 0.0123777
         vertex 0.0025 0.0412329 0.0125632
         vertex 0.0025 0.0422048 0.0130785
      endloop
   endfacet
   facet normal -1 0 0
      outer loop
         vertex 0.0025 0.0433779 0.0143169
         vertex 0.0025 0.0432873 0.0143529
         vertex 0.0025 0.0436386 0.0153953
      endloop
   endfacet
   facet normal -1 0 0
      outer loop
         vertex 0.0025 0.0435446 0.0142165
         vertex 0.0025 0.043464 0.0142712
         vertex 0.0025 0.0440311 0.0152137
      endloop
   endfacet
   facet normal -1 0 0
      outer loop
         vertex 0.0025 0.0443754 0.014952
         vertex 0.0025 0.0436189 0.0141534
         vertex 0.0025 0.0435446 0.0142165
      endloop
   endfacet
   facet normal -1 0 0
      outer loop
         vertex 0.0025 0.0443754 0.014952
         vertex 0.0025 0.0445243 0.0147948
         vertex 0.0025 0.0436859 0.0140827
      endloop
   endfacet
   facet normal -1 0 0
      outer loop
         vertex 0.0025 0.0446554 0.0146224
         vertex 0.0025 0.0437449 0.0140051
         vertex 0.0025 0.0436859 0.0140827
      endloop
   endfacet
   facet normal -1 0 0
      outer loop
         vertex 0.0025 0.044767 0.0144368
         vertex 0.0025 0.0437951 0.0139216
         vertex 0.0025 0.0437449 0.0140051
      endloop
   endfacet
   facet normal -1 0 0
      outer loop
         vertex 0.0025 0.0448579 0.0142403
         vertex 0.0025 0.0438361 0.0138332
         vertex 0.0025 0.0437951 0.0139216
      endloop
   endfacet
   facet normal -1 0 0
      outer loop
         vertex 0.0025 0.0448579 0.0142403
         vertex 0.0025 0.0449271 0.0140351
         vertex 0.0025 0.0438672 0.0137408
      endloop
   endfacet
   facet normal -1 0 0
      outer loop
         vertex 0.0025 0.0449736 0.0138236
         vertex 0.0025 0.0438881 0.0136456
         vertex 0.0025 0.0438672 0.0137408
      endloop
   endfacet
   facet normal -1 0 0
      outer loop
         vertex 0.0025 0.0449736 0.0138236
         vertex 0.0025 0.044997 0.0136083
         vertex 0.0025 0.0438987 0.0135488
      endloop
   endfacet
   facet normal -1 0 0
      outer loop
         vertex 0.0025 0.0443754 0.012048
         vertex 0.0025 0.0436189 0.0128466
         vertex 0.0025 0.0436859 0.0129174
      endloop
   endfacet
   facet normal -1 0 0
      outer loop
         vertex 0.0025 0.0443754 0.012048
         vertex 0.0025 0.0442103 0.0119078
         vertex 0.0025 0.0435446 0.0127835
      endloop
   endfacet
   facet normal -1 0 0
      outer loop
         vertex 0.0025 0.043 0.0126
         vertex 0.0025 0.043 0.0115
         vertex 0.0025 0.0427837 0.0115118
      endloop
   endfacet
   facet normal -1 0 0
      outer loop
         vertex 0.0025 0.0422048 0.0130785
         vertex 0.0025 0.042255 0.012995
         vertex 0.0025 0.0413446 0.0123777
      endloop
   endfacet
   facet normal -1 0 0
      outer loop
         vertex 0.0025 0.04257 0.0154533
         vertex 0.0025 0.0427837 0.0154883
         vertex 0.0025 0.0429027 0.0143948
      endloop
   endfacet
   facet normal -1 0 0
      outer loop
         vertex 0.0025 0.0427837 0.0154883
         vertex 0.0025 0.043 0.0155
         vertex 0.0025 0.043 0.0144
      endloop
   endfacet
   facet normal -1 0 0
      outer loop
         vertex 0.0025 0.0433779 0.0143169
         vertex 0.0025 0.0438398 0.0153152
         vertex 0.0025 0.0440311 0.0152137
      endloop
   endfacet
   facet normal -1 0 0
      outer loop
         vertex 0.0025 0.0436859 0.0140827
         vertex 0.0025 0.0436189 0.0141534
         vertex 0.0025 0.0443754 0.014952
      endloop
   endfacet
   facet normal -1 0 0
      outer loop
         vertex 0.0025 0.0437449 0.0140051
         vertex 0.0025 0.0446554 0.0146224
         vertex 0.0025 0.044767 0.0144368
      endloop
   endfacet
   facet normal -1 0 0
      outer loop
         vertex 0.0025 0.0438672 0.0137408
         vertex 0.0025 0.0438361 0.0138332
         vertex 0.0025 0.0448579 0.0142403
      endloop
   endfacet
   facet normal -1 0 0
      outer loop
         vertex 0.0025 0.0438987 0.0135488
         vertex 0.0025 0.0438881 0.0136456
         vertex 0.0025 0.0449736 0.0138236
      endloop
   endfacet
   facet normal -1 0 0
      outer loop
         vertex 0.0025 0.044997 0.0136083
         vertex 0.0025 0.044997 0.0133918
         vertex 0.0025 0.0438987 0.0134513
      endloop
   endfacet
   facet normal -1 0 0
      outer loop
         vertex 0.0025 0.0449736 0.0131765
         vertex 0.0025 0.0438881 0.0133544
         vertex 0.0025 0.0438987 0.0134513
      endloop
   endfacet
   facet normal -1 0 0
      outer loop
         vertex 0.0025 0.0449736 0.0131765
         vertex 0.0025 0.0449271 0.012965
         vertex 0.0025 0.0438672 0.0132592
      endloop
   endfacet
   facet normal -1 0 0
      outer loop
         vertex 0.0025 0.0448579 0.0127598
         vertex 0.0025 0.0438361 0.0131669
         vertex 0.0025 0.0438672 0.0132592
      endloop
   endfacet
   facet normal -1 0 0
      outer loop
         vertex 0.0025 0.0448579 0.0127598
         vertex 0.0025 0.044767 0.0125632
         vertex 0.0025 0.0437951 0.0130785
      endloop
   endfacet
   facet normal -1 0 0
      outer loop
         vertex 0.0025 0.044767 0.0125632
         vertex 0.0025 0.0446554 0.0123777
         vertex 0.0025 0.0437449 0.012995
      endloop
   endfacet
   facet normal -1 0 0
      outer loop
         vertex 0.0025 0.0446554 0.0123777
         vertex 0.0025 0.0445243 0.0122053
         vertex 0.0025 0.0436859 0.0129174
      endloop
   endfacet
   facet normal -1 0 0
      outer loop
         vertex 0.0025 0.0435446 0.0127835
         vertex 0.0025 0.0436189 0.0128466
         vertex 0.0025 0.0443754 0.012048
      endloop
   endfacet
   facet normal -1 0 0
      outer loop
         vertex 0.0025 0.042314 0.0129174
         vertex 0.0025 0.0414756 0.0122053
         vertex 0.0025 0.0413446 0.0123777
      endloop
   endfacet
   facet normal -1 0 0
      outer loop
         vertex 0.0025 0.041142 0.0127598
         vertex 0.0025 0.0421639 0.0131669
         vertex 0.0025 0.0422048 0.0130785
      endloop
   endfacet
   facet normal -1 0 0
      outer loop
         vertex 0.0025 0.041142 0.0127598
         vertex 0.0025 0.0410729 0.012965
         vertex 0.0025 0.0421328 0.0132592
      endloop
   endfacet
   facet normal -1 0 0
      outer loop
         vertex 0.0025 0.0421602 0.0153152
         vertex 0.0025 0.0426221 0.0143169
         vertex 0.0025 0.042536 0.0142712
      endloop
   endfacet
   facet normal -1 0 0
      outer loop
         vertex 0.0025 0.0423614 0.0153953
         vertex 0.0025 0.0427126 0.0143529
         vertex 0.0025 0.0426221 0.0143169
      endloop
   endfacet
   facet normal -1 0 0
      outer loop
         vertex 0.0025 0.04257 0.0154533
         vertex 0.0025 0.0428065 0.014379
         vertex 0.0025 0.0427126 0.0143529
      endloop
   endfacet
   facet normal -1 0 0
      outer loop
         vertex 0.0025 0.043 0.0144
         vertex 0.0025 0.0429027 0.0143948
         vertex 0.0025 0.0427837 0.0154883
      endloop
   endfacet
   facet normal -1 0 0
      outer loop
         vertex 0.0025 0.0435446 0.0142165
         vertex 0.0025 0.0442103 0.0150922
         vertex 0.0025 0.0443754 0.014952
      endloop
   endfacet
   facet normal -1 0 0
      outer loop
         vertex 0.0025 0.0437951 0.0139216
         vertex 0.0025 0.044767 0.0144368
         vertex 0.0025 0.0448579 0.0142403
      endloop
   endfacet
   facet normal -1 0 0
      outer loop
         vertex 0.0025 0.0438987 0.0134513
         vertex 0.0025 0.0438987 0.0135488
         vertex 0.0025 0.044997 0.0136083
      endloop
   endfacet
   facet normal -1 0 0
      outer loop
         vertex 0.0025 0.0438672 0.0132592
         vertex 0.0025 0.0438881 0.0133544
         vertex 0.0025 0.0449736 0.0131765
      endloop
   endfacet
   facet normal -1 0 0
      outer loop
         vertex 0.0025 0.0437951 0.0130785
         vertex 0.0025 0.0438361 0.0131669
         vertex 0.0025 0.0448579 0.0127598
      endloop
   endfacet
   facet normal -1 0 0
      outer loop
         vertex 0.0025 0.0436859 0.0129174
         vertex 0.0025 0.0437449 0.012995
         vertex 0.0025 0.0446554 0.0123777
      endloop
   endfacet
   facet normal -1 0 0
      outer loop
         vertex 0.0025 0.0435446 0.0127835
         vertex 0.0025 0.0442103 0.0119078
         vertex 0.0025 0.0440311 0.0117863
      endloop
   endfacet
   facet normal -1 0 0
      outer loop
         vertex 0.0025 0.0421328 0.0132592
         vertex 0.0025 0.0421639 0.0131669
         vertex 0.0025 0.041142 0.0127598
      endloop
   endfacet
   facet normal -1 0 0
      outer loop
         vertex 0.0025 0.0410263 0.0131765
         vertex 0.0025 0.0421118 0.0133544
         vertex 0.0025 0.0421328 0.0132592
      endloop
   endfacet
   facet normal -1 0 0
      outer loop
         vertex 0.0025 0.0410263 0.0131765
         vertex 0.0025 0.0410029 0.0133918
         vertex 0.0025 0.0421013 0.0134513
      endloop
   endfacet
   facet normal -1 0 0
      outer loop
         vertex 0.0025 0.0426221 0.0143169
         vertex 0.0025 0.0421602 0.0153152
         vertex 0.0025 0.0423614 0.0153953
      endloop
   endfacet
   facet normal -1 0 0
      outer loop
         vertex 0.0025 0.0429027 0.0143948
         vertex 0.0025 0.0428065 0.014379
         vertex 0.0025 0.04257 0.0154533
      endloop
   endfacet
   facet normal -1 0 0
      outer loop
         vertex 0.0025 0.0436859 0.0140827
         vertex 0.0025 0.0445243 0.0147948
         vertex 0.0025 0.0446554 0.0146224
      endloop
   endfacet
   facet normal -1 0 0
      outer loop
         vertex 0.0025 0.0438987 0.0134513
         vertex 0.0025 0.044997 0.0133918
         vertex 0.0025 0.0449736 0.0131765
      endloop
   endfacet
   facet normal -1 0 0
      outer loop
         vertex 0.0025 0.0437449 0.012995
         vertex 0.0025 0.0437951 0.0130785
         vertex 0.0025 0.044767 0.0125632
      endloop
   endfacet
   facet normal -1 0 0
      outer loop
         vertex 0.0025 0.0422048 0.0130785
         vertex 0.0025 0.0412329 0.0125632
         vertex 0.0025 0.041142 0.0127598
      endloop
   endfacet
   facet normal -1 0 0
      outer loop
         vertex 0.0025 0.0421013 0.0134513
         vertex 0.0025 0.0421118 0.0133544
         vertex 0.0025 0.0410263 0.0131765
      endloop
   endfacet
   facet normal -1 0 0
      outer loop
         vertex 0.0025 0.0410029 0.0136083
         vertex 0.0025 0.0421013 0.0135488
         vertex 0.0025 0.0421013 0.0134513
      endloop
   endfacet
   facet normal -1 0 0
      outer loop
         vertex 0.0025 0.0410263 0.0138236
         vertex 0.0025 0.0421118 0.0136456
         vertex 0.0025 0.0421013 0.0135488
      endloop
   endfacet
   facet normal -1 0 0
      outer loop
         vertex 0.0025 0.0410263 0.0138236
         vertex 0.0025 0.0410729 0.0140351
         vertex 0.0025 0.0421328 0.0137408
      endloop
   endfacet
   facet normal -1 0 0
      outer loop
         vertex 0.0025 0.041142 0.0142403
         vertex 0.0025 0.0421639 0.0138332
         vertex 0.0025 0.0421328 0.0137408
      endloop
   endfacet
   facet normal -1 0 0
      outer loop
         vertex 0.0025 0.041142 0.0142403
         vertex 0.0025 0.0412329 0.0144368
         vertex 0.0025 0.0422048 0.0139216
      endloop
   endfacet
   facet normal -1 0 0
      outer loop
         vertex 0.0025 0.0412329 0.0144368
         vertex 0.0025 0.0413446 0.0146224
         vertex 0.0025 0.042255 0.0140051
      endloop
   endfacet
   facet normal -1 0 0
      outer loop
         vertex 0.0025 0.0413446 0.0146224
         vertex 0.0025 0.0414756 0.0147948
         vertex 0.0025 0.042314 0.0140827
      endloop
   endfacet
   facet normal -1 0 0
      outer loop
         vertex 0.0025 0.0416246 0.014952
         vertex 0.0025 0.042381 0.0141534
         vertex 0.0025 0.042314 0.0140827
      endloop
   endfacet
   facet normal -1 0 0
      outer loop
         vertex 0.0025 0.0416246 0.014952
         vertex 0.0025 0.0417896 0.0150922
         vertex 0.0025 0.0424553 0.0142165
      endloop
   endfacet
   facet normal -1 0 0
      outer loop
         vertex 0.0025 0.0417896 0.0150922
         vertex 0.0025 0.0419689 0.0152137
         vertex 0.0025 0.042536 0.0142712
      endloop
   endfacet
   facet normal -1 0 0
      outer loop
         vertex 0.0025 0.0427126 0.0143529
         vertex 0.0025 0.0423614 0.0153953
         vertex 0.0025 0.04257 0.0154533
      endloop
   endfacet
   facet normal -1 0 0
      outer loop
         vertex 0.0025 0.0438672 0.0137408
         vertex 0.0025 0.0449271 0.0140351
         vertex 0.0025 0.0449736 0.0138236
      endloop
   endfacet
   facet normal -1 0 0
      outer loop
         vertex 0.0025 0.0436859 0.0129174
         vertex 0.0025 0.0445243 0.0122053
         vertex 0.0025 0.0443754 0.012048
      endloop
   endfacet
   facet normal -1 0 0
      outer loop
         vertex 0.0025 0.0421013 0.0134513
         vertex 0.0025 0.0410029 0.0133918
         vertex 0.0025 0.0410029 0.0136083
      endloop
   endfacet
   facet normal -1 0 0
      outer loop
         vertex 0.0025 0.0421328 0.0137408
         vertex 0.0025 0.0421118 0.0136456
         vertex 0.0025 0.0410263 0.0138236
      endloop
   endfacet
   facet normal -1 0 0
      outer loop
         vertex 0.0025 0.0422048 0.0139216
         vertex 0.0025 0.0421639 0.0138332
         vertex 0.0025 0.041142 0.0142403
      endloop
   endfacet
   facet normal -1 0 0
      outer loop
         vertex 0.0025 0.042314 0.0140827
         vertex 0.0025 0.042255 0.0140051
         vertex 0.0025 0.0413446 0.0146224
      endloop
   endfacet
   facet normal -1 0 0
      outer loop
         vertex 0.0025 0.0424553 0.0142165
         vertex 0.0025 0.042381 0.0141534
         vertex 0.0025 0.0416246 0.014952
      endloop
   endfacet
   facet normal -1 0 0
      outer loop
         vertex 0.0025 0.042536 0.0142712
         vertex 0.0025 0.0419689 0.0152137
         vertex 0.0025 0.0421602 0.0153152
      endloop
   endfacet
   facet normal -1 0 0
      outer loop
         vertex 0.0025 0.0438672 0.0132592
         vertex 0.0025 0.0449271 0.012965
         vertex 0.0025 0.0448579 0.0127598
      endloop
   endfacet
   facet normal -1 0 0
      outer loop
         vertex 0.0025 0.0421013 0.0135488
         vertex 0.0025 0.0410029 0.0136083
         vertex 0.0025 0.0410263 0.0138236
      endloop
   endfacet
   facet normal -1 0 0
      outer loop
         vertex 0.0025 0.042255 0.0140051
         vertex 0.0025 0.0422048 0.0139216
         vertex 0.0025 0.0412329 0.0144368
      endloop
   endfacet
   facet normal -1 0 0
      outer loop
         vertex 0.0025 0.042536 0.0142712
         vertex 0.0025 0.0424553 0.0142165
         vertex 0.0025 0.0417896 0.0150922
      endloop
   endfacet
   facet normal -1 0 0
      outer loop
         vertex 0.0025 0.0421328 0.0132592
         vertex 0.0025 0.0410729 0.012965
         vertex 0.0025 0.0410263 0.0131765
      endloop
   endfacet
   facet normal -1 0 0
      outer loop
         vertex 0.0025 0.042314 0.0140827
         vertex 0.0025 0.0414756 0.0147948
         vertex 0.0025 0.0416246 0.014952
      endloop
   endfacet
   facet normal -1 0 0
      outer loop
         vertex 0.0025 0.0421328 0.0137408
         vertex 0.0025 0.0410729 0.0140351
         vertex 0.0025 0.041142 0.0142403
      endloop
   endfacet
   facet normal -1 0 0
      outer loop
         vertex 0.0025 0.043 0.0144
         vertex 0.0025 0.043 0.0155
         vertex 0.0025 0.0432162 0.0154883
      endloop
   endfacet
   facet normal 0 0.108119 -0.994138
      outer loop
         vertex 0 0.0427837 0.0154883
         vertex 0 0.043 0.0155
         vertex 0.0025 0.043 0.0155
      endloop
   endfacet
   facet normal 0 0.21497 -0.976621
      outer loop
         vertex 0 0.04257 0.0154533
         vertex 0 0.0427837 0.0154883
         vertex 0.0025 0.0427837 0.0154883
      endloop
   endfacet
   facet normal 0 0.319302 -0.947653
      outer loop
         vertex 0 0.0423614 0.0153953
         vertex 0 0.04257 0.0154533
         vertex 0.0025 0.04257 0.0154533
      endloop
   endfacet
   facet normal 0 0.419889 -0.907575
      outer loop
         vertex 0 0.0421602 0.0153152
         vertex 0 0.0423614 0.0153953
         vertex 0.0025 0.0423614 0.0153953
      endloop
   endfacet
   facet normal 0 0.515554 -0.856857
      outer loop
         vertex 0 0.0419689 0.0152137
         vertex 0 0.0421602 0.0153152
         vertex 0.0025 0.0421602 0.0153152
      endloop
   endfacet
   facet normal 0 0.605174 -0.796093
      outer loop
         vertex 0 0.0417896 0.0150922
         vertex 0 0.0419689 0.0152137
         vertex 0.0025 0.0419689 0.0152137
      endloop
   endfacet
   facet normal 0 0.687699 -0.725995
      outer loop
         vertex 0 0.0416246 0.014952
         vertex 0 0.0417896 0.0150922
         vertex 0.0025 0.0417896 0.0150922
      endloop
   endfacet
   facet normal 0 0.762162 -0.647386
      outer loop
         vertex 0 0.0414756 0.0147948
         vertex 0 0.0416246 0.014952
         vertex 0.0025 0.0416246 0.014952
      endloop
   endfacet
   facet normal 0 0.827689 -0.561187
      outer loop
         vertex 0 0.0413446 0.0146224
         vertex 0 0.0414756 0.0147948
         vertex 0.0025 0.0414756 0.0147948
      endloop
   endfacet
   facet normal 0 0.883512 -0.468408
      outer loop
         vertex 0 0.0412329 0.0144368
         vertex 0 0.0413446 0.0146224
         vertex 0.0025 0.0413446 0.0146224
      endloop
   endfacet
   facet normal 0 0.928977 -0.370138
      outer loop
         vertex 0 0.041142 0.0142403
         vertex 0 0.0412329 0.0144368
         vertex 0.0025 0.0412329 0.0144368
      endloop
   endfacet
   facet normal 0 0.96355 -0.267528
      outer loop
         vertex 0 0.0410729 0.0140351
         vertex 0 0.041142 0.0142403
         vertex 0.0025 0.041142 0.0142403
      endloop
   endfacet
   facet normal 0 0.986827 -0.161782
      outer loop
         vertex 0 0.0410263 0.0138236
         vertex 0 0.0410729 0.0140351
         vertex 0.0025 0.0410729 0.0140351
      endloop
   endfacet
   facet normal 0 0.998533 -0.0541389
      outer loop
         vertex 0 0.0410029 0.0136083
         vertex 0 0.0410263 0.0138236
         vertex 0.0025 0.0410263 0.0138236
      endloop
   endfacet
   facet normal 0 0.998533 0.0541389
      outer loop
         vertex 0 0.0410029 0.0133918
         vertex 0 0.0410029 0.0136083
         vertex 0.0025 0.0410029 0.0136083
      endloop
   endfacet
   facet normal 0 0.986827 0.161782
      outer loop
         vertex 0 0.0410263 0.0131765
         vertex 0 0.0410029 0.0133918
         vertex 0.0025 0.0410029 0.0133918
      endloop
   endfacet
   facet normal 0 0.96355 0.267528
      outer loop
         vertex 0 0.0410729 0.012965
         vertex 0 0.0410263 0.0131765
         vertex 0.0025 0.0410263 0.0131765
      endloop
   endfacet
   facet normal 0 0.928977 0.370138
      outer loop
         vertex 0 0.041142 0.0127598
         vertex 0 0.0410729 0.012965
         vertex 0.0025 0.0410729 0.012965
      endloop
   endfacet
   facet normal 0 0.883512 0.468408
      outer loop
         vertex 0 0.0412329 0.0125632
         vertex 0 0.041142 0.0127598
         vertex 0.0025 0.041142 0.0127598
      endloop
   endfacet
   facet normal 0 0.827689 0.561187
      outer loop
         vertex 0 0.0413446 0.0123777
         vertex 0 0.0412329 0.0125632
         vertex 0.0025 0.0412329 0.0125632
      endloop
   endfacet
   facet normal 0 0.762162 0.647386
      outer loop
         vertex 0 0.0414756 0.0122053
         vertex 0 0.0413446 0.0123777
         vertex 0.0025 0.0413446 0.0123777
      endloop
   endfacet
   facet normal 0 0.687699 0.725995
      outer loop
         vertex 0 0.0416246 0.012048
         vertex 0 0.0414756 0.0122053
         vertex 0.0025 0.0414756 0.0122053
      endloop
   endfacet
   facet normal 0 0.605174 0.796093
      outer loop
         vertex 0 0.0417896 0.0119078
         vertex 0 0.0416246 0.012048
         vertex 0.0025 0.0416246 0.012048
      endloop
   endfacet
   facet normal 0 0.515554 0.856857
      outer loop
         vertex 0 0.0419689 0.0117863
         vertex 0 0.0417896 0.0119078
         vertex 0.0025 0.0417896 0.0119078
      endloop
   endfacet
   facet normal 0 0.419889 0.907575
      outer loop
         vertex 0 0.0421602 0.0116849
         vertex 0 0.0419689 0.0117863
         vertex 0.0025 0.0419689 0.0117863
      endloop
   endfacet
   facet normal 0 0.319302 0.947653
      outer loop
         vertex 0 0.0423614 0.0116047
         vertex 0 0.0421602 0.0116849
         vertex 0.0025 0.0421602 0.0116849
      endloop
   endfacet
   facet normal 0 0.21497 0.976621
      outer loop
         vertex 0 0.04257 0.0115468
         vertex 0 0.0423614 0.0116047
         vertex 0.0025 0.0423614 0.0116047
      endloop
   endfacet
   facet normal 0 0.108119 0.994138
      outer loop
         vertex 0 0.0427837 0.0115118
         vertex 0 0.04257 0.0115468
         vertex 0.0025 0.04257 0.0115468
      endloop
   endfacet
   facet normal 0 -1.22465e-16 1
      outer loop
         vertex 0 0.043 0.0115
         vertex 0 0.0427837 0.0115118
         vertex 0.0025 0.0427837 0.0115118
      endloop
   endfacet
   facet normal 0 -0.108119 0.994138
      outer loop
         vertex 0 0.0432162 0.0115118
         vertex 0 0.043 0.0115
         vertex 0.0025 0.043 0.0115
      endloop
   endfacet
   facet normal 0 -0.21497 0.976621
      outer loop
         vertex 0 0.0434299 0.0115468
         vertex 0 0.0432162 0.0115118
         vertex 0.0025 0.0432162 0.0115118
      endloop
   endfacet
   facet normal 0 -0.319302 0.947653
      outer loop
         vertex 0 0.0436386 0.0116047
         vertex 0 0.0434299 0.0115468
         vertex 0.0025 0.0434299 0.0115468
      endloop
   endfacet
   facet normal 0 -0.419889 0.907575
      outer loop
         vertex 0 0.0438398 0.0116849
         vertex 0 0.0436386 0.0116047
         vertex 0.0025 0.0436386 0.0116047
      endloop
   endfacet
   facet normal 0 -0.515554 0.856857
      outer loop
         vertex 0 0.0440311 0.0117863
         vertex 0 0.0438398 0.0116849
         vertex 0.0025 0.0438398 0.0116849
      endloop
   endfacet
   facet normal 0 -0.605174 0.796093
      outer loop
         vertex 0 0.0442103 0.0119078
         vertex 0 0.0440311 0.0117863
         vertex 0.0025 0.0440311 0.0117863
      endloop
   endfacet
   facet normal 0 -0.687699 0.725995
      outer loop
         vertex 0 0.0443754 0.012048
         vertex 0 0.0442103 0.0119078
         vertex 0.0025 0.0442103 0.0119078
      endloop
   endfacet
   facet normal 0 -0.762162 0.647386
      outer loop
         vertex 0 0.0445243 0.0122053
         vertex 0 0.0443754 0.012048
         vertex 0.0025 0.0443754 0.012048
      endloop
   endfacet
   facet normal 0 -0.827689 0.561187
      outer loop
         vertex 0 0.0446554 0.0123777
         vertex 0 0.0445243 0.0122053
         vertex 0.0025 0.0445243 0.0122053
      endloop
   endfacet
   facet normal 0 -0.883512 0.468408
      outer loop
         vertex 0 0.044767 0.0125632
         vertex 0 0.0446554 0.0123777
         vertex 0.0025 0.0446554 0.0123777
      endloop
   endfacet
   facet normal 0 -0.928977 0.370138
      outer loop
         vertex 0 0.0448579 0.0127598
         vertex 0 0.044767 0.0125632
         vertex 0.0025 0.044767 0.0125632
      endloop
   endfacet
   facet normal 0 -0.96355 0.267528
      outer loop
         vertex 0 0.0449271 0.012965
         vertex 0 0.0448579 0.0127598
         vertex 0.0025 0.0448579 0.0127598
      endloop
   endfacet
   facet normal 0 -0.986827 0.161782
      outer loop
         vertex 0 0.0449736 0.0131765
         vertex 0 0.0449271 0.012965
         vertex 0.0025 0.0449271 0.012965
      endloop
   endfacet
   facet normal 0 -0.998533 0.0541389
      outer loop
         vertex 0 0.044997 0.0133918
         vertex 0 0.0449736 0.0131765
         vertex 0.0025 0.0449736 0.0131765
      endloop
   endfacet
   facet normal 0 -0.998533 -0.0541389
      outer loop
         vertex 0 0.044997 0.0136083
         vertex 0 0.044997 0.0133918
         vertex 0.0025 0.044997 0.0133918
      endloop
   endfacet
   facet normal 0 -0.986827 -0.161782
      outer loop
         vertex 0 0.0449736 0.0138236
         vertex 0 0.044997 0.0136083
         vertex 0.0025 0.044997 0.0136083
      endloop
   endfacet
   facet normal 0 -0.96355 -0.267528
      outer loop
         vertex 0 0.0449271 0.0140351
         vertex 0 0.0449736 0.0138236
         vertex 0.0025 0.0449736 0.0138236
      endloop
   endfacet
   facet normal 0 -0.928977 -0.370138
      outer loop
         vertex 0 0.0448579 0.0142403
         vertex 0 0.0449271 0.0140351
         vertex 0.0025 0.0449271 0.0140351
      endloop
   endfacet
   facet normal 0 -0.883512 -0.468408
      outer loop
         vertex 0 0.044767 0.0144368
         vertex 0 0.0448579 0.0142403
         vertex 0.0025 0.0448579 0.0142403
      endloop
   endfacet
   facet normal 0 -0.827689 -0.561187
      outer loop
         vertex 0 0.0446554 0.0146224
         vertex 0 0.044767 0.0144368
         vertex 0.0025 0.044767 0.0144368
      endloop
   endfacet
   facet normal 0 -0.762162 -0.647386
      outer loop
         vertex 0 0.0445243 0.0147948
         vertex 0 0.0446554 0.0146224
         vertex 0.0025 0.0446554 0.0146224
      endloop
   endfacet
   facet normal 0 -0.687699 -0.725995
      outer loop
         vertex 0 0.0443754 0.014952
         vertex 0 0.0445243 0.0147948
         vertex 0.0025 0.0445243 0.0147948
      endloop
   endfacet
   facet normal 0 -0.605174 -0.796093
      outer loop
         vertex 0 0.0442103 0.0150922
         vertex 0 0.0443754 0.014952
         vertex 0.0025 0.0443754 0.014952
      endloop
   endfacet
   facet normal 0 -0.515554 -0.856857
      outer loop
         vertex 0 0.0440311 0.0152137
         vertex 0 0.0442103 0.0150922
         vertex 0.0025 0.0442103 0.0150922
      endloop
   endfacet
   facet normal 0 -0.419889 -0.907575
      outer loop
         vertex 0 0.0438398 0.0153152
         vertex 0 0.0440311 0.0152137
         vertex 0.0025 0.0440311 0.0152137
      endloop
   endfacet
   facet normal 0 -0.319302 -0.947653
      outer loop
         vertex 0 0.0436386 0.0153953
         vertex 0 0.0438398 0.0153152
         vertex 0.0025 0.0438398 0.0153152
      endloop
   endfacet
   facet normal 0 -0.21497 -0.976621
      outer loop
         vertex 0 0.0434299 0.0154533
         vertex 0 0.0436386 0.0153953
         vertex 0.0025 0.0436386 0.0153953
      endloop
   endfacet
   facet normal 0 -0.108119 -0.994138
      outer loop
         vertex 0 0.0432162 0.0154883
         vertex 0 0.0434299 0.0154533
         vertex 0.0025 0.0434299 0.0154533
      endloop
   endfacet
   facet normal 0 0 -1
      outer loop
         vertex 0 0.043 0.0155
         vertex 0 0.0432162 0.0154883
         vertex 0.0025 0.0432162 0.0154883
      endloop
   endfacet
   facet normal 0 -0.108119 -0.994138
      outer loop
         vertex 0.0025 0.0432162 0.0154883
         vertex 0.0025 0.043 0.0155
         vertex 0 0.043 0.0155
      endloop
   endfacet
   facet normal 0 -0.21497 -0.976621
      outer loop
         vertex 0.0025 0.0434299 0.0154533
         vertex 0.0025 0.0432162 0.0154883
         vertex 0 0.0432162 0.0154883
      endloop
   endfacet
   facet normal 0 -0.319302 -0.947653
      outer loop
         vertex 0.0025 0.0436386 0.0153953
         vertex 0.0025 0.0434299 0.0154533
         vertex 0 0.0434299 0.0154533
      endloop
   endfacet
   facet normal 0 -0.419889 -0.907575
      outer loop
         vertex 0.0025 0.0438398 0.0153152
         vertex 0.0025 0.0436386 0.0153953
         vertex 0 0.0436386 0.0153953
      endloop
   endfacet
   facet normal 0 -0.515554 -0.856857
      outer loop
         vertex 0.0025 0.0440311 0.0152137
         vertex 0.0025 0.0438398 0.0153152
         vertex 0 0.0438398 0.0153152
      endloop
   endfacet
   facet normal 0 -0.605174 -0.796093
      outer loop
         vertex 0.0025 0.0442103 0.0150922
         vertex 0.0025 0.0440311 0.0152137
         vertex 0 0.0440311 0.0152137
      endloop
   endfacet
   facet normal 0 -0.687699 -0.725995
      outer loop
         vertex 0.0025 0.0443754 0.014952
         vertex 0.0025 0.0442103 0.0150922
         vertex 0 0.0442103 0.0150922
      endloop
   endfacet
   facet normal 0 -0.762162 -0.647386
      outer loop
         vertex 0.0025 0.0445243 0.0147948
         vertex 0.0025 0.0443754 0.014952
         vertex 0 0.0443754 0.014952
      endloop
   endfacet
   facet normal 0 -0.827689 -0.561187
      outer loop
         vertex 0.0025 0.0446554 0.0146224
         vertex 0.0025 0.0445243 0.0147948
         vertex 0 0.0445243 0.0147948
      endloop
   endfacet
   facet normal 0 -0.883512 -0.468408
      outer loop
         vertex 0.0025 0.044767 0.0144368
         vertex 0.0025 0.0446554 0.0146224
         vertex 0 0.0446554 0.0146224
      endloop
   endfacet
   facet normal 0 -0.928977 -0.370138
      outer loop
         vertex 0.0025 0.0448579 0.0142403
         vertex 0.0025 0.044767 0.0144368
         vertex 0 0.044767 0.0144368
      endloop
   endfacet
   facet normal 0 -0.96355 -0.267528
      outer loop
         vertex 0.0025 0.0449271 0.0140351
         vertex 0.0025 0.0448579 0.0142403
         vertex 0 0.0448579 0.0142403
      endloop
   endfacet
   facet normal 0 -0.986827 -0.161782
      outer loop
         vertex 0.0025 0.0449736 0.0138236
         vertex 0.0025 0.0449271 0.0140351
         vertex 0 0.0449271 0.0140351
      endloop
   endfacet
   facet normal 0 -0.998533 -0.0541389
      outer loop
         vertex 0.0025 0.044997 0.0136083
         vertex 0.0025 0.0449736 0.0138236
         vertex 0 0.0449736 0.0138236
      endloop
   endfacet
   facet normal 0 -0.998533 0.0541389
      outer loop
         vertex 0.0025 0.044997 0.0133918
         vertex 0.0025 0.044997 0.0136083
         vertex 0 0.044997 0.0136083
      endloop
   endfacet
   facet normal 0 -0.986827 0.161782
      outer loop
         vertex 0.0025 0.0449736 0.0131765
         vertex 0.0025 0.044997 0.0133918
         vertex 0 0.044997 0.0133918
      endloop
   endfacet
   facet normal 0 -0.96355 0.267528
      outer loop
         vertex 0.0025 0.0449271 0.012965
         vertex 0.0025 0.0449736 0.0131765
         vertex 0 0.0449736 0.0131765
      endloop
   endfacet
   facet normal 0 -0.928977 0.370138
      outer loop
         vertex 0.0025 0.0448579 0.0127598
         vertex 0.0025 0.0449271 0.012965
         vertex 0 0.0449271 0.012965
      endloop
   endfacet
   facet normal 0 -0.883512 0.468408
      outer loop
         vertex 0.0025 0.044767 0.0125632
         vertex 0.0025 0.0448579 0.0127598
         vertex 0 0.0448579 0.0127598
      endloop
   endfacet
   facet normal 0 -0.827689 0.561187
      outer loop
         vertex 0.0025 0.0446554 0.0123777
         vertex 0.0025 0.044767 0.0125632
         vertex 0 0.044767 0.0125632
      endloop
   endfacet
   facet normal 0 -0.762162 0.647386
      outer loop
         vertex 0.0025 0.0445243 0.0122053
         vertex 0.0025 0.0446554 0.0123777
         vertex 0 0.0446554 0.0123777
      endloop
   endfacet
   facet normal 0 -0.687699 0.725995
      outer loop
         vertex 0.0025 0.0443754 0.012048
         vertex 0.0025 0.0445243 0.0122053
         vertex 0 0.0445243 0.0122053
      endloop
   endfacet
   facet normal 0 -0.605174 0.796093
      outer loop
         vertex 0.0025 0.0442103 0.0119078
         vertex 0.0025 0.0443754 0.012048
         vertex 0 0.0443754 0.012048
      endloop
   endfacet
   facet normal 0 -0.515554 0.856857
      outer loop
         vertex 0.0025 0.0440311 0.0117863
         vertex 0.0025 0.0442103 0.0119078
         vertex 0 0.0442103 0.0119078
      endloop
   endfacet
   facet normal 0 -0.419889 0.907575
      outer loop
         vertex 0.0025 0.0438398 0.0116849
         vertex 0.0025 0.0440311 0.0117863
         vertex 0 0.0440311 0.0117863
      endloop
   endfacet
   facet normal 0 -0.319302 0.947653
      outer loop
         vertex 0.0025 0.0436386 0.0116047
         vertex 0.0025 0.0438398 0.0116849
         vertex 0 0.0438398 0.0116849
      endloop
   endfacet
   facet normal 0 -0.21497 0.976621
      outer loop
         vertex 0.0025 0.0434299 0.0115468
         vertex 0.0025 0.0436386 0.0116047
         vertex 0 0.0436386 0.0116047
      endloop
   endfacet
   facet normal 0 -0.108119 0.994138
      outer loop
         vertex 0.0025 0.0432162 0.0115118
         vertex 0.0025 0.0434299 0.0115468
         vertex 0 0.0434299 0.0115468
      endloop
   endfacet
   facet normal 0 -1.22465e-16 1
      outer loop
         vertex 0.0025 0.043 0.0115
         vertex 0.0025 0.0432162 0.0115118
         vertex 0 0.0432162 0.0115118
      endloop
   endfacet
   facet normal 0 0.108119 0.994138
      outer loop
         vertex 0.0025 0.0427837 0.0115118
         vertex 0.0025 0.043 0.0115
         vertex 0 0.043 0.0115
      endloop
   endfacet
   facet normal 0 0.21497 0.976621
      outer loop
         vertex 0.0025 0.04257 0.0115468
         vertex 0.0025 0.0427837 0.0115118
         vertex 0 0.0427837 0.0115118
      endloop
   endfacet
   facet normal 0 0.319302 0.947653
      outer loop
         vertex 0.0025 0.0423614 0.0116047
         vertex 0.0025 0.04257 0.0115468
         vertex 0 0.04257 0.0115468
      endloop
   endfacet
   facet normal 0 0.419889 0.907575
      outer loop
         vertex 0.0025 0.0421602 0.0116849
         vertex 0.0025 0.0423614 0.0116047
         vertex 0 0.0423614 0.0116047
      endloop
   endfacet
   facet normal 0 0.515554 0.856857
      outer loop
         vertex 0.0025 0.0419689 0.0117863
         vertex 0.0025 0.0421602 0.0116849
         vertex 0 0.0421602 0.0116849
      endloop
   endfacet
   facet normal 0 0.605174 0.796093
      outer loop
         vertex 0.0025 0.0417896 0.0119078
         vertex 0.0025 0.0419689 0.0117863
         vertex 0 0.0419689 0.0117863
      endloop
   endfacet
   facet normal 0 0.687699 0.725995
      outer loop
         vertex 0.0025 0.0416246 0.012048
         vertex 0.0025 0.0417896 0.0119078
         vertex 0 0.0417896 0.0119078
      endloop
   endfacet
   facet normal 0 0.762162 0.647386
      outer loop
         vertex 0.0025 0.0414756 0.0122053
         vertex 0.0025 0.0416246 0.012048
         vertex 0 0.0416246 0.012048
      endloop
   endfacet
   facet normal 0 0.827689 0.561187
      outer loop
         vertex 0.0025 0.0413446 0.0123777
         vertex 0.0025 0.0414756 0.0122053
         vertex 0 0.0414756 0.0122053
      endloop
   endfacet
   facet normal 0 0.883512 0.468408
      outer loop
         vertex 0.0025 0.0412329 0.0125632
         vertex 0.0025 0.0413446 0.0123777
         vertex 0 0.0413446 0.0123777
      endloop
   endfacet
   facet normal 0 0.928977 0.370138
      outer loop
         vertex 0.0025 0.041142 0.0127598
         vertex 0.0025 0.0412329 0.0125632
         vertex 0 0.0412329 0.0125632
      endloop
   endfacet
   facet normal 0 0.96355 0.267528
      outer loop
         vertex 0.0025 0.0410729 0.012965
         vertex 0.0025 0.041142 0.0127598
         vertex 0 0.041142 0.0127598
      endloop
   endfacet
   facet normal 0 0.986827 0.161782
      outer loop
         vertex 0.0025 0.0410263 0.0131765
         vertex 0.0025 0.0410729 0.012965
         vertex 0 0.0410729 0.012965
      endloop
   endfacet
   facet normal 0 0.998533 0.0541389
      outer loop
         vertex 0.0025 0.0410029 0.0133918
         vertex 0.0025 0.0410263 0.0131765
         vertex 0 0.0410263 0.0131765
      endloop
   endfacet
   facet normal 0 0.998533 -0.0541389
      outer loop
         vertex 0.0025 0.0410029 0.0136083
         vertex 0.0025 0.0410029 0.0133918
         vertex 0 0.0410029 0.0133918
      endloop
   endfacet
   facet normal 0 0.986827 -0.161782
      outer loop
         vertex 0.0025 0.0410263 0.0138236
         vertex 0.0025 0.0410029 0.0136083
         vertex 0 0.0410029 0.0136083
      endloop
   endfacet
   facet normal 0 0.96355 -0.267528
      outer loop
         vertex 0.0025 0.0410729 0.0140351
         vertex 0.0025 0.0410263 0.0138236
         vertex 0 0.0410263 0.0138236
      endloop
   endfacet
   facet normal 0 0.928977 -0.370138
      outer loop
         vertex 0.0025 0.041142 0.0142403
         vertex 0.0025 0.0410729 0.0140351
         vertex 0 0.0410729 0.0140351
      endloop
   endfacet
   facet normal 0 0.883512 -0.468408
      outer loop
         vertex 0.0025 0.0412329 0.0144368
         vertex 0.0025 0.041142 0.0142403
         vertex 0 0.041142 0.0142403
      endloop
   endfacet
   facet normal 0 0.827689 -0.561187
      outer loop
         vertex 0.0025 0.0413446 0.0146224
         vertex 0.0025 0.0412329 0.0144368
         vertex 0 0.0412329 0.0144368
      endloop
   endfacet
   facet normal 0 0.762162 -0.647386
      outer loop
         vertex 0.0025 0.0414756 0.0147948
         vertex 0.0025 0.0413446 0.0146224
         vertex 0 0.0413446 0.0146224
      endloop
   endfacet
   facet normal 0 0.687699 -0.725995
      outer loop
         vertex 0.0025 0.0416246 0.014952
         vertex 0.0025 0.0414756 0.0147948
         vertex 0 0.0414756 0.0147948
      endloop
   endfacet
   facet normal 0 0.605174 -0.796093
      outer loop
         vertex 0.0025 0.0417896 0.0150922
         vertex 0.0025 0.0416246 0.014952
         vertex 0 0.0416246 0.014952
      endloop
   endfacet
   facet normal 0 0.515554 -0.856857
      outer loop
         vertex 0.0025 0.0419689 0.0152137
         vertex 0.0025 0.0417896 0.0150922
         vertex 0 0.0417896 0.0150922
      endloop
   endfacet
   facet normal 0 0.419889 -0.907575
      outer loop
         vertex 0.0025 0.0421602 0.0153152
         vertex 0.0025 0.0419689 0.0152137
         vertex 0 0.0419689 0.0152137
      endloop
   endfacet
   facet normal 0 0.319302 -0.947653
      outer loop
         vertex 0.0025 0.0423614 0.0153953
         vertex 0.0025 0.0421602 0.0153152
         vertex 0 0.0421602 0.0153152
      endloop
   endfacet
   facet normal 0 0.21497 -0.976621
      outer loop
         vertex 0.0025 0.04257 0.0154533
         vertex 0.0025 0.0423614 0.0153953
         vertex 0 0.0423614 0.0153953
      endloop
   endfacet
   facet normal 0 0.108119 -0.994138
      outer loop
         vertex 0.0025 0.0427837 0.0154883
         vertex 0.0025 0.04257 0.0154533
         vertex 0 0.04257 0.0154533
      endloop
   endfacet
   facet normal 0 0 -1
      outer loop
         vertex 0.0025 0.043 0.0155
         vertex 0.0025 0.0427837 0.0154883
         vertex 0 0.0427837 0.0154883
      endloop
   endfacet
   facet normal 0 -1 0
      outer loop
         vertex 0 0 0.0475001
         vertex 0 -1.73472e-18 0.0365001
         vertex 0.00937239 0 0.043475
      endloop
   endfacet
   facet normal 0 -1 0
      outer loop
         vertex 0.00937239 0 0.043475
         vertex 0.00935249 0 0.043658
         vertex 0 0 0.0475001
      endloop
   endfacet
   facet normal 0 -1 0
      outer loop
         vertex 0 0 0.0475001
         vertex 0.0103362 0 0.0452929
         vertex 0.0105072 0 0.0453611
      endloop
   endfacet
   facet normal 0 -1 0
      outer loop
         vertex 0 -1.73472e-18 0.0365001
         vertex 0.00941197 0 0.0432952
         vertex 0.00937239 0 0.043475
      endloop
   endfacet
   facet normal 0 -1 0
      outer loop
         vertex 0 0 0.0475001
         vertex 0.0101736 0 0.0452067
         vertex 0.0103362 0 0.0452929
      endloop
   endfacet
   facet normal 0 -1 0
      outer loop
         vertex 0 -1.73472e-18 0.0365001
         vertex 0.00947074 0 0.0431208
         vertex 0.00941197 0 0.0432952
      endloop
   endfacet
   facet normal 0 -1 0
      outer loop
         vertex 0 -1.73472e-18 0.0365001
         vertex 0.00964293 0 0.042796
         vertex 0.00954803 0 0.0429538
      endloop
   endfacet
   facet normal 0 -1 0
      outer loop
         vertex 0 0 0.0475001
         vertex 0.01105 0 0.04545
         vertex 0.0112338 0 0.0454401
      endloop
   endfacet
   facet normal 0 -1 0
      outer loop
         vertex 0.0105072 0 0.0453611
         vertex 0.0106846 0 0.0454103
         vertex 0 0 0.0475001
      endloop
   endfacet
   facet normal 0 -1 0
      outer loop
         vertex 0 0 0.0475001
         vertex 0.00935249 0 0.0438421
         vertex 0.00937239 0 0.0440251
      endloop
   endfacet
   facet normal 0 -1 0
      outer loop
         vertex 0.00954803 0 0.0429538
         vertex 0.00947074 0 0.0431208
         vertex 0 -1.73472e-18 0.0365001
      endloop
   endfacet
   facet normal 0 -1 0
      outer loop
         vertex 0.0127475 0 0.043658
         vertex 0.0306846 0 0.0420898
         vertex 0.0305072 0 0.042139
      endloop
   endfacet
   facet normal 0 -1 0
      outer loop
         vertex 0.0127276 0 0.043475
         vertex 0.0308662 0 0.04206
         vertex 0.0306846 0 0.0420898
      endloop
   endfacet
   facet normal 0 -1 0
      outer loop
         vertex 0.0112338 0 0.0454401
         vertex 0.0293724 0 0.0440251
         vertex 0 0 0.0475001
      endloop
   endfacet
   facet normal 0 -1 0
      outer loop
         vertex 0 0 0.0475001
         vertex 0.0100212 0 0.0451034
         vertex 0.0101736 0 0.0452067
      endloop
   endfacet
   facet normal 0 -1 0
      outer loop
         vertex 0.00935249 0 0.043658
         vertex 0.00935249 0 0.0438421
         vertex 0 0 0.0475001
      endloop
   endfacet
   facet normal 0 -1 0
      outer loop
         vertex 0 -1.73472e-18 0.0365001
         vertex 0.0100212 0 0.0423967
         vertex 0.00988091 0 0.0425159
      endloop
   endfacet
   facet normal 0 -1 0
      outer loop
         vertex 0 -1.73472e-18 0.0365001
         vertex 0.0103362 0 0.0422072
         vertex 0.0101736 0 0.0422934
      endloop
   endfacet
   facet normal 0 -1 0
      outer loop
         vertex 0.0306846 0 0.0420898
         vertex 0.0127475 0 0.043658
         vertex 0.0127276 0 0.043475
      endloop
   endfacet
   facet normal 0 -1 0
      outer loop
         vertex 0.0348 -1.73472e-18 0.0365001
         vertex 0.0327276 0 0.043475
         vertex 0.032688 0 0.0432952
      endloop
   endfacet
   facet normal 0 -1 0
      outer loop
         vertex 0.0112338 0 0.0454401
         vertex 0.0293525 0 0.043658
         vertex 0.0293525 0 0.0438421
      endloop
   endfacet
   facet normal 0 -1 0
      outer loop
         vertex 0.0106846 0 0.0454103
         vertex 0.0108662 0 0.0454401
         vertex 0 0 0.0475001
      endloop
   endfacet
   facet normal 0 -1 0
      outer loop
         vertex 0 -1.73472e-18 0.0365001
         vertex 0.00975432 0 0.0426495
         vertex 0.00964293 0 0.042796
      endloop
   endfacet
   facet normal 0 -1 0
      outer loop
         vertex 0.0101736 0 0.0422934
         vertex 0.0100212 0 0.0423967
         vertex 0 -1.73472e-18 0.0365001
      endloop
   endfacet
   facet normal 0 -1 0
      outer loop
         vertex 0.012688 0 0.0432952
         vertex 0.0348 -1.73472e-18 0.0365001
         vertex 0.0308662 0 0.04206
      endloop
   endfacet
   facet normal 0 -1 0
      outer loop
         vertex 0.0303362 0 0.0422072
         vertex 0.0127475 0 0.0438421
         vertex 0.0127475 0 0.043658
      endloop
   endfacet
   facet normal 0 -1 0
      outer loop
         vertex 0.032688 0 0.0432952
         vertex 0.0326293 0 0.0431208
         vertex 0.0348 -1.73472e-18 0.0365001
      endloop
   endfacet
   facet normal 0 -1 0
      outer loop
         vertex 0.0348 -1.73472e-18 0.0365001
         vertex 0.0348 0 0.0475001
         vertex 0.0327475 0 0.043658
      endloop
   endfacet
   facet normal 0 -1 0
      outer loop
         vertex 0.0348 0 0.0475001
         vertex 0.0326293 0 0.0443793
         vertex 0.032688 0 0.0442048
      endloop
   endfacet
   facet normal 0 -1 0
      outer loop
         vertex 0.0108662 0 0.0454401
         vertex 0.01105 0 0.04545
         vertex 0 0 0.0475001
      endloop
   endfacet
   facet normal 0 -1 0
      outer loop
         vertex 0 0 0.0475001
         vertex 0.00975432 0 0.0448506
         vertex 0.00988091 0 0.0449842
      endloop
   endfacet
   facet normal 0 -1 0
      outer loop
         vertex 0 0 0.0475001
         vertex 0.00954803 0 0.0445463
         vertex 0.00964293 0 0.0447041
      endloop
   endfacet
   facet normal 0 -1 0
      outer loop
         vertex 0.00988091 0 0.0425159
         vertex 0.00975432 0 0.0426495
         vertex 0 -1.73472e-18 0.0365001
      endloop
   endfacet
   facet normal 0 -1 0
      outer loop
         vertex 0.0308662 0 0.04206
         vertex 0.0127276 0 0.043475
         vertex 0.012688 0 0.0432952
      endloop
   endfacet
   facet normal 0 -1 0
      outer loop
         vertex 0.0303362 0 0.0422072
         vertex 0.0127276 0 0.0440251
         vertex 0.0127475 0 0.0438421
      endloop
   endfacet
   facet normal 0 -1 0
      outer loop
         vertex 0.0327475 0 0.043658
         vertex 0.0327276 0 0.043475
         vertex 0.0348 -1.73472e-18 0.0365001
      endloop
   endfacet
   facet normal 0 -1 0
      outer loop
         vertex 0.0348 0 0.0475001
         vertex 0.032552 0 0.0445463
         vertex 0.0326293 0 0.0443793
      endloop
   endfacet
   facet normal 0 -1 0
      outer loop
         vertex 0.00988091 0 0.0449842
         vertex 0.0100212 0 0.0451034
         vertex 0 0 0.0475001
      endloop
   endfacet
   facet normal 0 -1 0
      outer loop
         vertex 0.0112338 0 0.0454401
         vertex 0.029412 0 0.0432952
         vertex 0.0293724 0 0.043475
      endloop
   endfacet
   facet normal 0 -1 0
      outer loop
         vertex 0 0 0.0475001
         vertex 0.00947074 0 0.0443793
         vertex 0.00954803 0 0.0445463
      endloop
   endfacet
   facet normal 0 -1 0
      outer loop
         vertex 0.00937239 0 0.0440251
         vertex 0.00941197 0 0.0442048
         vertex 0 0 0.0475001
      endloop
   endfacet
   facet normal 0 -1 0
      outer loop
         vertex 0.0305072 0 0.042139
         vertex 0.0303362 0 0.0422072
         vertex 0.0127475 0 0.043658
      endloop
   endfacet
   facet normal 0 -1 0
      outer loop
         vertex 0.0348 0 0.0475001
         vertex 0.0327475 0 0.0438421
         vertex 0.0327475 0 0.043658
      endloop
   endfacet
   facet normal 0 -1 0
      outer loop
         vertex 0.032688 0 0.0442048
         vertex 0.0327276 0 0.0440251
         vertex 0.0348 0 0.0475001
      endloop
   endfacet
   facet normal 0 -1 0
      outer loop
         vertex 0.0293724 0 0.043475
         vertex 0.0293525 0 0.043658
         vertex 0.0112338 0 0.0454401
      endloop
   endfacet
   facet normal 0 -1 0
      outer loop
         vertex 0.00941197 0 0.0442048
         vertex 0.00947074 0 0.0443793
         vertex 0 0 0.0475001
      endloop
   endfacet
   facet normal 0 -1 0
      outer loop
         vertex 0.0303362 0 0.0422072
         vertex 0.012688 0 0.0442048
         vertex 0.0127276 0 0.0440251
      endloop
   endfacet
   facet normal 0 -1 0
      outer loop
         vertex 0.0348 -1.73472e-18 0.0365001
         vertex 0.032552 0 0.0429538
         vertex 0.0324571 0 0.042796
      endloop
   endfacet
   facet normal 0 -1 0
      outer loop
         vertex 0.0327276 0 0.0440251
         vertex 0.0327475 0 0.0438421
         vertex 0.0348 0 0.0475001
      endloop
   endfacet
   facet normal 0 -1 0
      outer loop
         vertex 0 0 0.0475001
         vertex 0.0294707 0 0.0443793
         vertex 0.029548 0 0.0445463
      endloop
   endfacet
   facet normal 0 -1 0
      outer loop
         vertex 0 0 0.0475001
         vertex 0.0293724 0 0.0440251
         vertex 0.029412 0 0.0442048
      endloop
   endfacet
   facet normal 0 -1 0
      outer loop
         vertex 0.00964293 0 0.0447041
         vertex 0.00975432 0 0.0448506
         vertex 0 0 0.0475001
      endloop
   endfacet
   facet normal 0 -1 0
      outer loop
         vertex 0.0296429 0 0.042796
         vertex 0.0112338 0 0.0454401
         vertex 0.0114154 0 0.0454103
      endloop
   endfacet
   facet normal 0 -1 0
      outer loop
         vertex 0.0348 -1.73472e-18 0.0365001
         vertex 0.0117638 0 0.0422072
         vertex 0.0115928 0 0.042139
      endloop
   endfacet
   facet normal 0 -1 0
      outer loop
         vertex 0.0303362 0 0.0422072
         vertex 0.0126293 0 0.0443793
         vertex 0.012688 0 0.0442048
      endloop
   endfacet
   facet normal 0 -1 0
      outer loop
         vertex 0.0348 -1.73472e-18 0.0365001
         vertex 0.0320788 0 0.0423967
         vertex 0.0319264 0 0.0422934
      endloop
   endfacet
   facet normal 0 -1 0
      outer loop
         vertex 0.0348 -1.73472e-18 0.0365001
         vertex 0.0323457 0 0.0426495
         vertex 0.0322191 0 0.0425159
      endloop
   endfacet
   facet normal 0 -1 0
      outer loop
         vertex 0.0326293 0 0.0431208
         vertex 0.032552 0 0.0429538
         vertex 0.0348 -1.73472e-18 0.0365001
      endloop
   endfacet
   facet normal 0 -1 0
      outer loop
         vertex 0.0348 0 0.0475001
         vertex 0.0323457 0 0.0448506
         vertex 0.0324571 0 0.0447041
      endloop
   endfacet
   facet normal 0 -1 0
      outer loop
         vertex 0 0 0.0475001
         vertex 0.0303362 0 0.0452929
         vertex 0.0305072 0 0.0453611
      endloop
   endfacet
   facet normal 0 -1 0
      outer loop
         vertex 0.029548 0 0.0445463
         vertex 0.0296429 0 0.0447041
         vertex 0 0 0.0475001
      endloop
   endfacet
   facet normal 0 -1 0
      outer loop
         vertex 0.0112338 0 0.0454401
         vertex 0.0293525 0 0.0438421
         vertex 0.0293724 0 0.0440251
      endloop
   endfacet
   facet normal 0 -1 0
      outer loop
         vertex 0.0112338 0 0.0454401
         vertex 0.0296429 0 0.042796
         vertex 0.029548 0 0.0429538
      endloop
   endfacet
   facet normal 0 -1 0
      outer loop
         vertex 0.0114154 0 0.0454103
         vertex 0.0298809 0 0.0425159
         vertex 0.0297543 0 0.0426495
      endloop
   endfacet
   facet normal 0 -1 0
      outer loop
         vertex 0.0348 -1.73472e-18 0.0365001
         vertex 0.0114154 0 0.0420898
         vertex 0.0112338 0 0.04206
      endloop
   endfacet
   facet normal 0 -1 0
      outer loop
         vertex 0.0348 -1.73472e-18 0.0365001
         vertex 0.0119264 0 0.0422934
         vertex 0.0117638 0 0.0422072
      endloop
   endfacet
   facet normal 0 -1 0
      outer loop
         vertex 0.012688 0 0.0432952
         vertex 0.0126293 0 0.0431208
         vertex 0.0348 -1.73472e-18 0.0365001
      endloop
   endfacet
   facet normal 0 -1 0
      outer loop
         vertex 0.0322191 0 0.0425159
         vertex 0.0320788 0 0.0423967
         vertex 0.0348 -1.73472e-18 0.0365001
      endloop
   endfacet
   facet normal 0 -1 0
      outer loop
         vertex 0.0324571 0 0.0447041
         vertex 0.032552 0 0.0445463
         vertex 0.0348 0 0.0475001
      endloop
   endfacet
   facet normal 0 -1 0
      outer loop
         vertex 0.0348 0 0.0475001
         vertex 0.0320788 0 0.0451034
         vertex 0.0322191 0 0.0449842
      endloop
   endfacet
   facet normal 0 -1 0
      outer loop
         vertex 0.0348 0 0.0475001
         vertex 0.0317638 0 0.0452929
         vertex 0.0319264 0 0.0452067
      endloop
   endfacet
   facet normal 0 -1 0
      outer loop
         vertex 0.0348 0 0.0475001
         vertex 0.0314154 0 0.0454103
         vertex 0.0315928 0 0.0453611
      endloop
   endfacet
   facet normal 0 -1 0
      outer loop
         vertex 0.0348 0 0.0475001
         vertex 0.03105 0 0.04545
         vertex 0.0312338 0 0.0454401
      endloop
   endfacet
   facet normal 0 -1 0
      outer loop
         vertex 0.0305072 0 0.0453611
         vertex 0.0348 0 0.0475001
         vertex 0 0 0.0475001
      endloop
   endfacet
   facet normal 0 -1 0
      outer loop
         vertex 0.029412 0 0.0442048
         vertex 0.0294707 0 0.0443793
         vertex 0 0 0.0475001
      endloop
   endfacet
   facet normal 0 -1 0
      outer loop
         vertex 0.029548 0 0.0429538
         vertex 0.0294707 0 0.0431208
         vertex 0.0112338 0 0.0454401
      endloop
   endfacet
   facet normal 0 -1 0
      outer loop
         vertex 0.0114154 0 0.0454103
         vertex 0.0300212 0 0.0423967
         vertex 0.0298809 0 0.0425159
      endloop
   endfacet
   facet normal 0 -1 0
      outer loop
         vertex 0.0114154 0 0.0454103
         vertex 0.0303362 0 0.0422072
         vertex 0.0301736 0 0.0422934
      endloop
   endfacet
   facet normal 0 -1 0
      outer loop
         vertex 0.0115928 0 0.042139
         vertex 0.0114154 0 0.0420898
         vertex 0.0348 -1.73472e-18 0.0365001
      endloop
   endfacet
   facet normal 0 -1 0
      outer loop
         vertex 0.0348 -1.73472e-18 0.0365001
         vertex 0.012552 0 0.0429538
         vertex 0.0124571 0 0.042796
      endloop
   endfacet
   facet normal 0 -1 0
      outer loop
         vertex 0.0303362 0 0.0422072
         vertex 0.012552 0 0.0445463
         vertex 0.0126293 0 0.0443793
      endloop
   endfacet
   facet normal 0 -1 0
      outer loop
         vertex 0.0348 -1.73472e-18 0.0365001
         vertex 0.0314154 0 0.0420898
         vertex 0.0312338 0 0.04206
      endloop
   endfacet
   facet normal 0 -1 0
      outer loop
         vertex 0.0348 -1.73472e-18 0.0365001
         vertex 0.0317638 0 0.0422072
         vertex 0.0315928 0 0.042139
      endloop
   endfacet
   facet normal 0 -1 0
      outer loop
         vertex 0.0324571 0 0.042796
         vertex 0.0323457 0 0.0426495
         vertex 0.0348 -1.73472e-18 0.0365001
      endloop
   endfacet
   facet normal 0 -1 0
      outer loop
         vertex 0.0319264 0 0.0452067
         vertex 0.0320788 0 0.0451034
         vertex 0.0348 0 0.0475001
      endloop
   endfacet
   facet normal 0 -1 0
      outer loop
         vertex 0.0312338 0 0.0454401
         vertex 0.0314154 0 0.0454103
         vertex 0.0348 0 0.0475001
      endloop
   endfacet
   facet normal 0 -1 0
      outer loop
         vertex 0.0305072 0 0.0453611
         vertex 0.0306846 0 0.0454103
         vertex 0.0348 0 0.0475001
      endloop
   endfacet
   facet normal 0 -1 0
      outer loop
         vertex 0 0 0.0475001
         vertex 0.0300212 0 0.0451034
         vertex 0.0301736 0 0.0452067
      endloop
   endfacet
   facet normal 0 -1 0
      outer loop
         vertex 0.0294707 0 0.0431208
         vertex 0.029412 0 0.0432952
         vertex 0.0112338 0 0.0454401
      endloop
   endfacet
   facet normal 0 -1 0
      outer loop
         vertex 0.0301736 0 0.0422934
         vertex 0.0300212 0 0.0423967
         vertex 0.0114154 0 0.0454103
      endloop
   endfacet
   facet normal 0 -1 0
      outer loop
         vertex 0 -1.73472e-18 0.0365001
         vertex 0.0106846 0 0.0420898
         vertex 0.0105072 0 0.042139
      endloop
   endfacet
   facet normal 0 -1 0
      outer loop
         vertex 0.0348 -1.73472e-18 0.0365001
         vertex 0.0120788 0 0.0423967
         vertex 0.0119264 0 0.0422934
      endloop
   endfacet
   facet normal 0 -1 0
      outer loop
         vertex 0.0126293 0 0.0431208
         vertex 0.012552 0 0.0429538
         vertex 0.0348 -1.73472e-18 0.0365001
      endloop
   endfacet
   facet normal 0 -1 0
      outer loop
         vertex 0.0303362 0 0.0422072
         vertex 0.0123457 0 0.0448506
         vertex 0.0124571 0 0.0447041
      endloop
   endfacet
   facet normal 0 -1 0
      outer loop
         vertex 0.0303362 0 0.0422072
         vertex 0.0114154 0 0.0454103
         vertex 0.0115928 0 0.0453611
      endloop
   endfacet
   facet normal 0 -1 0
      outer loop
         vertex 0.0315928 0 0.042139
         vertex 0.0314154 0 0.0420898
         vertex 0.0348 -1.73472e-18 0.0365001
      endloop
   endfacet
   facet normal 0 -1 0
      outer loop
         vertex 0.0322191 0 0.0449842
         vertex 0.0323457 0 0.0448506
         vertex 0.0348 0 0.0475001
      endloop
   endfacet
   facet normal 0 -1 0
      outer loop
         vertex 0.0348 0 0.0475001
         vertex 0.0308662 0 0.0454401
         vertex 0.03105 0 0.04545
      endloop
   endfacet
   facet normal 0 -1 0
      outer loop
         vertex 0.0301736 0 0.0452067
         vertex 0.0303362 0 0.0452929
         vertex 0 0 0.0475001
      endloop
   endfacet
   facet normal 0 -1 0
      outer loop
         vertex 0 0 0.0475001
         vertex 0.0297543 0 0.0448506
         vertex 0.0298809 0 0.0449842
      endloop
   endfacet
   facet normal 0 -1 0
      outer loop
         vertex 0.0114154 0 0.0454103
         vertex 0.0297543 0 0.0426495
         vertex 0.0296429 0 0.042796
      endloop
   endfacet
   facet normal 0 -1 0
      outer loop
         vertex 0 -1.73472e-18 0.0365001
         vertex 0.0108662 0 0.04206
         vertex 0.0106846 0 0.0420898
      endloop
   endfacet
   facet normal 0 -1 0
      outer loop
         vertex 0.0112338 0 0.04206
         vertex 0 -1.73472e-18 0.0365001
         vertex 0.0348 -1.73472e-18 0.0365001
      endloop
   endfacet
   facet normal 0 -1 0
      outer loop
         vertex 0.0348 -1.73472e-18 0.0365001
         vertex 0.0123457 0 0.0426495
         vertex 0.0122191 0 0.0425159
      endloop
   endfacet
   facet normal 0 -1 0
      outer loop
         vertex 0.0124571 0 0.0447041
         vertex 0.012552 0 0.0445463
         vertex 0.0303362 0 0.0422072
      endloop
   endfacet
   facet normal 0 -1 0
      outer loop
         vertex 0.0115928 0 0.0453611
         vertex 0.0117638 0 0.0452929
         vertex 0.0303362 0 0.0422072
      endloop
   endfacet
   facet normal 0 -1 0
      outer loop
         vertex 0.0319264 0 0.0422934
         vertex 0.0317638 0 0.0422072
         vertex 0.0348 -1.73472e-18 0.0365001
      endloop
   endfacet
   facet normal 0 -1 0
      outer loop
         vertex 0.0306846 0 0.0454103
         vertex 0.0308662 0 0.0454401
         vertex 0.0348 0 0.0475001
      endloop
   endfacet
   facet normal 0 -1 0
      outer loop
         vertex 0.0296429 0 0.0447041
         vertex 0.0297543 0 0.0448506
         vertex 0 0 0.0475001
      endloop
   endfacet
   facet normal 0 -1 0
      outer loop
         vertex 0 -1.73472e-18 0.0365001
         vertex 0.01105 0 0.04205
         vertex 0.0108662 0 0.04206
      endloop
   endfacet
   facet normal 0 -1 0
      outer loop
         vertex 0.0122191 0 0.0425159
         vertex 0.0120788 0 0.0423967
         vertex 0.0348 -1.73472e-18 0.0365001
      endloop
   endfacet
   facet normal 0 -1 0
      outer loop
         vertex 0.0348 -1.73472e-18 0.0365001
         vertex 0.03105 0 0.04205
         vertex 0.0308662 0 0.04206
      endloop
   endfacet
   facet normal 0 -1 0
      outer loop
         vertex 0.0303362 0 0.0422072
         vertex 0.0120788 0 0.0451034
         vertex 0.0122191 0 0.0449842
      endloop
   endfacet
   facet normal 0 -1 0
      outer loop
         vertex 0.0117638 0 0.0452929
         vertex 0.0119264 0 0.0452067
         vertex 0.0303362 0 0.0422072
      endloop
   endfacet
   facet normal 0 -1 0
      outer loop
         vertex 0.0315928 0 0.0453611
         vertex 0.0317638 0 0.0452929
         vertex 0.0348 0 0.0475001
      endloop
   endfacet
   facet normal 0 -1 0
      outer loop
         vertex 0.0105072 0 0.042139
         vertex 0.0103362 0 0.0422072
         vertex 0 -1.73472e-18 0.0365001
      endloop
   endfacet
   facet normal 0 -1 0
      outer loop
         vertex 0.0124571 0 0.042796
         vertex 0.0123457 0 0.0426495
         vertex 0.0348 -1.73472e-18 0.0365001
      endloop
   endfacet
   facet normal 0 -1 0
      outer loop
         vertex 0.0119264 0 0.0452067
         vertex 0.0120788 0 0.0451034
         vertex 0.0303362 0 0.0422072
      endloop
   endfacet
   facet normal 0 -1 0
      outer loop
         vertex 0.0298809 0 0.0449842
         vertex 0.0300212 0 0.0451034
         vertex 0 0 0.0475001
      endloop
   endfacet
   facet normal 0 -1 0
      outer loop
         vertex 0.0122191 0 0.0449842
         vertex 0.0123457 0 0.0448506
         vertex 0.0303362 0 0.0422072
      endloop
   endfacet
   facet normal 0 -1 0
      outer loop
         vertex 0.0112338 0 0.04206
         vertex 0.01105 0 0.04205
         vertex 0 -1.73472e-18 0.0365001
      endloop
   endfacet
   facet normal 0 -1 0
      outer loop
         vertex 0.0312338 0 0.04206
         vertex 0.03105 0 0.04205
         vertex 0.0348 -1.73472e-18 0.0365001
      endloop
   endfacet
   facet normal 0 0 1
      outer loop
         vertex 0.0348 0.00349992 0.0475001
         vertex 0 0.00349992 0.0475001
         vertex 0 0 0.0475001
      endloop
   endfacet
   facet normal 0 0 1
      outer loop
         vertex 0 0 0.0475001
         vertex 0.0348 0 0.0475001
         vertex 0.0348 0.00349992 0.0475001
      endloop
   endfacet
   facet normal 0 0.707107 0.707107
      outer loop
         vertex 0.0348 0.004 0.047
         vertex 0 0.004 0.047
         vertex 0 0.00349992 0.0475001
      endloop
   endfacet
   facet normal 0 0.707107 0.707107
      outer loop
         vertex 0 0.00349992 0.0475001
         vertex 0.0348 0.00349992 0.0475001
         vertex 0.0348 0.004 0.047
      endloop
   endfacet
   facet normal 0.108119 0 0.994138
      outer loop
         vertex 0.0108662 0 0.04206
         vertex 0.01105 0 0.04205
         vertex 0.01105 0.004 0.04205
      endloop
   endfacet
   facet normal 0.21497 0 0.976621
      outer loop
         vertex 0.0106846 0 0.0420898
         vertex 0.0108662 0 0.04206
         vertex 0.0108662 0.004 0.04206
      endloop
   endfacet
   facet normal 0.319302 0 0.947653
      outer loop
         vertex 0.0105072 0 0.042139
         vertex 0.0106846 0 0.0420898
         vertex 0.0106846 0.004 0.0420898
      endloop
   endfacet
   facet normal 0.419889 0 0.907575
      outer loop
         vertex 0.0103362 0 0.0422072
         vertex 0.0105072 0 0.042139
         vertex 0.0105072 0.004 0.042139
      endloop
   endfacet
   facet normal 0.515554 0 0.856857
      outer loop
         vertex 0.0101736 0 0.0422934
         vertex 0.0103362 0 0.0422072
         vertex 0.0103362 0.004 0.0422072
      endloop
   endfacet
   facet normal 0.605174 0 0.796093
      outer loop
         vertex 0.0100212 0 0.0423967
         vertex 0.0101736 0 0.0422934
         vertex 0.0101736 0.004 0.0422934
      endloop
   endfacet
   facet normal 0.687699 0 0.725995
      outer loop
         vertex 0.00988091 0 0.0425159
         vertex 0.0100212 0 0.0423967
         vertex 0.0100212 0.004 0.0423967
      endloop
   endfacet
   facet normal 0.762162 0 0.647386
      outer loop
         vertex 0.00975432 0 0.0426495
         vertex 0.00988091 0 0.0425159
         vertex 0.00988091 0.004 0.0425159
      endloop
   endfacet
   facet normal 0.827689 0 0.561187
      outer loop
         vertex 0.00964293 0 0.042796
         vertex 0.00975432 0 0.0426495
         vertex 0.00975432 0.004 0.0426495
      endloop
   endfacet
   facet normal 0.883512 0 0.468408
      outer loop
         vertex 0.00954803 0 0.0429538
         vertex 0.00964293 0 0.042796
         vertex 0.00964293 0.004 0.042796
      endloop
   endfacet
   facet normal 0.928977 0 0.370138
      outer loop
         vertex 0.00947074 0 0.0431208
         vertex 0.00954803 0 0.0429538
         vertex 0.00954803 0.004 0.0429538
      endloop
   endfacet
   facet normal 0.96355 0 0.267528
      outer loop
         vertex 0.00941197 0 0.0432952
         vertex 0.00947074 0 0.0431208
         vertex 0.00947074 0.004 0.0431208
      endloop
   endfacet
   facet normal 0.986827 0 0.161782
      outer loop
         vertex 0.00937239 0 0.043475
         vertex 0.00941197 0 0.0432952
         vertex 0.00941197 0.004 0.0432952
      endloop
   endfacet
   facet normal 0.998533 0 0.0541389
      outer loop
         vertex 0.00935249 0 0.043658
         vertex 0.00937239 0 0.043475
         vertex 0.00937239 0.004 0.043475
      endloop
   endfacet
   facet normal 0.998533 0 -0.0541389
      outer loop
         vertex 0.00935249 0 0.0438421
         vertex 0.00935249 0 0.043658
         vertex 0.00935249 0.004 0.043658
      endloop
   endfacet
   facet normal 0.986827 0 -0.161782
      outer loop
         vertex 0.00937239 0 0.0440251
         vertex 0.00935249 0 0.0438421
         vertex 0.00935249 0.004 0.0438421
      endloop
   endfacet
   facet normal 0.96355 0 -0.267528
      outer loop
         vertex 0.00941197 0 0.0442048
         vertex 0.00937239 0 0.0440251
         vertex 0.00937239 0.004 0.0440251
      endloop
   endfacet
   facet normal 0.928977 0 -0.370138
      outer loop
         vertex 0.00947074 0 0.0443793
         vertex 0.00941197 0 0.0442048
         vertex 0.00941197 0.004 0.0442048
      endloop
   endfacet
   facet normal 0.883512 0 -0.468408
      outer loop
         vertex 0.00954803 0 0.0445463
         vertex 0.00947074 0 0.0443793
         vertex 0.00947074 0.004 0.0443793
      endloop
   endfacet
   facet normal 0.827689 0 -0.561187
      outer loop
         vertex 0.00964293 0 0.0447041
         vertex 0.00954803 0 0.0445463
         vertex 0.00954803 0.004 0.0445463
      endloop
   endfacet
   facet normal 0.762162 0 -0.647386
      outer loop
         vertex 0.00975432 0 0.0448506
         vertex 0.00964293 0 0.0447041
         vertex 0.00964293 0.004 0.0447041
      endloop
   endfacet
   facet normal 0.687699 0 -0.725995
      outer loop
         vertex 0.00988091 0 0.0449842
         vertex 0.00975432 0 0.0448506
         vertex 0.00975432 0.004 0.0448506
      endloop
   endfacet
   facet normal 0.605174 0 -0.796093
      outer loop
         vertex 0.0100212 0 0.0451034
         vertex 0.00988091 0 0.0449842
         vertex 0.00988091 0.004 0.0449842
      endloop
   endfacet
   facet normal 0.515554 0 -0.856857
      outer loop
         vertex 0.0101736 0 0.0452067
         vertex 0.0100212 0 0.0451034
         vertex 0.0100212 0.004 0.0451034
      endloop
   endfacet
   facet normal 0.419889 0 -0.907575
      outer loop
         vertex 0.0103362 0 0.0452929
         vertex 0.0101736 0 0.0452067
         vertex 0.0101736 0.004 0.0452067
      endloop
   endfacet
   facet normal 0.319302 0 -0.947653
      outer loop
         vertex 0.0105072 0 0.0453611
         vertex 0.0103362 0 0.0452929
         vertex 0.0103362 0.004 0.0452929
      endloop
   endfacet
   facet normal 0.21497 0 -0.976621
      outer loop
         vertex 0.0106846 0 0.0454103
         vertex 0.0105072 0 0.0453611
         vertex 0.0105072 0.004 0.0453611
      endloop
   endfacet
   facet normal 0.108119 0 -0.994138
      outer loop
         vertex 0.0108662 0 0.0454401
         vertex 0.0106846 0 0.0454103
         vertex 0.0106846 0.004 0.0454103
      endloop
   endfacet
   facet normal -1.22465e-16 0 -1
      outer loop
         vertex 0.01105 0 0.04545
         vertex 0.0108662 0 0.0454401
         vertex 0.0108662 0.004 0.0454401
      endloop
   endfacet
   facet normal -0.108119 0 -0.994138
      outer loop
         vertex 0.0112338 0 0.0454401
         vertex 0.01105 0 0.04545
         vertex 0.01105 0.004 0.04545
      endloop
   endfacet
   facet normal -0.21497 0 -0.976621
      outer loop
         vertex 0.0114154 0 0.0454103
         vertex 0.0112338 0 0.0454401
         vertex 0.0112338 0.004 0.0454401
      endloop
   endfacet
   facet normal -0.319302 0 -0.947653
      outer loop
         vertex 0.0115928 0 0.0453611
         vertex 0.0114154 0 0.0454103
         vertex 0.0114154 0.004 0.0454103
      endloop
   endfacet
   facet normal -0.419889 0 -0.907575
      outer loop
         vertex 0.0117638 0 0.0452929
         vertex 0.0115928 0 0.0453611
         vertex 0.0115928 0.004 0.0453611
      endloop
   endfacet
   facet normal -0.515554 0 -0.856857
      outer loop
         vertex 0.0119264 0 0.0452067
         vertex 0.0117638 0 0.0452929
         vertex 0.0117638 0.004 0.0452929
      endloop
   endfacet
   facet normal -0.605174 0 -0.796093
      outer loop
         vertex 0.0120788 0 0.0451034
         vertex 0.0119264 0 0.0452067
         vertex 0.0119264 0.004 0.0452067
      endloop
   endfacet
   facet normal -0.687699 0 -0.725995
      outer loop
         vertex 0.0122191 0 0.0449842
         vertex 0.0120788 0 0.0451034
         vertex 0.0120788 0.004 0.0451034
      endloop
   endfacet
   facet normal -0.762162 0 -0.647386
      outer loop
         vertex 0.0123457 0 0.0448506
         vertex 0.0122191 0 0.0449842
         vertex 0.0122191 0.004 0.0449842
      endloop
   endfacet
   facet normal -0.827689 0 -0.561187
      outer loop
         vertex 0.0124571 0 0.0447041
         vertex 0.0123457 0 0.0448506
         vertex 0.0123457 0.004 0.0448506
      endloop
   endfacet
   facet normal -0.883512 0 -0.468408
      outer loop
         vertex 0.012552 0 0.0445463
         vertex 0.0124571 0 0.0447041
         vertex 0.0124571 0.004 0.0447041
      endloop
   endfacet
   facet normal -0.928977 0 -0.370138
      outer loop
         vertex 0.0126293 0 0.0443793
         vertex 0.012552 0 0.0445463
         vertex 0.012552 0.004 0.0445463
      endloop
   endfacet
   facet normal -0.96355 0 -0.267528
      outer loop
         vertex 0.012688 0 0.0442048
         vertex 0.0126293 0 0.0443793
         vertex 0.0126293 0.004 0.0443793
      endloop
   endfacet
   facet normal -0.986827 0 -0.161782
      outer loop
         vertex 0.0127276 0 0.0440251
         vertex 0.012688 0 0.0442048
         vertex 0.012688 0.004 0.0442048
      endloop
   endfacet
   facet normal -0.998533 0 -0.0541389
      outer loop
         vertex 0.0127475 0 0.0438421
         vertex 0.0127276 0 0.0440251
         vertex 0.0127276 0.004 0.0440251
      endloop
   endfacet
   facet normal -0.998533 0 0.0541389
      outer loop
         vertex 0.0127475 0 0.043658
         vertex 0.0127475 0 0.0438421
         vertex 0.0127475 0.004 0.0438421
      endloop
   endfacet
   facet normal -0.986827 0 0.161782
      outer loop
         vertex 0.0127276 0 0.043475
         vertex 0.0127475 0 0.043658
         vertex 0.0127475 0.004 0.043658
      endloop
   endfacet
   facet normal -0.96355 0 0.267528
      outer loop
         vertex 0.012688 0 0.0432952
         vertex 0.0127276 0 0.043475
         vertex 0.0127276 0.004 0.043475
      endloop
   endfacet
   facet normal -0.928977 0 0.370138
      outer loop
         vertex 0.0126293 0 0.0431208
         vertex 0.012688 0 0.0432952
         vertex 0.012688 0.004 0.0432952
      endloop
   endfacet
   facet normal -0.883512 0 0.468408
      outer loop
         vertex 0.012552 0 0.0429538
         vertex 0.0126293 0 0.0431208
         vertex 0.0126293 0.004 0.0431208
      endloop
   endfacet
   facet normal -0.827689 0 0.561187
      outer loop
         vertex 0.0124571 0 0.042796
         vertex 0.012552 0 0.0429538
         vertex 0.012552 0.004 0.0429538
      endloop
   endfacet
   facet normal -0.762162 0 0.647386
      outer loop
         vertex 0.0123457 0 0.0426495
         vertex 0.0124571 0 0.042796
         vertex 0.0124571 0.004 0.042796
      endloop
   endfacet
   facet normal -0.687699 0 0.725995
      outer loop
         vertex 0.0122191 0 0.0425159
         vertex 0.0123457 0 0.0426495
         vertex 0.0123457 0.004 0.0426495
      endloop
   endfacet
   facet normal -0.605174 0 0.796093
      outer loop
         vertex 0.0120788 0 0.0423967
         vertex 0.0122191 0 0.0425159
         vertex 0.0122191 0.004 0.0425159
      endloop
   endfacet
   facet normal -0.515554 0 0.856857
      outer loop
         vertex 0.0119264 0 0.0422934
         vertex 0.0120788 0 0.0423967
         vertex 0.0120788 0.004 0.0423967
      endloop
   endfacet
   facet normal -0.419889 0 0.907575
      outer loop
         vertex 0.0117638 0 0.0422072
         vertex 0.0119264 0 0.0422934
         vertex 0.0119264 0.004 0.0422934
      endloop
   endfacet
   facet normal -0.319302 0 0.947653
      outer loop
         vertex 0.0115928 0 0.042139
         vertex 0.0117638 0 0.0422072
         vertex 0.0117638 0.004 0.0422072
      endloop
   endfacet
   facet normal -0.21497 0 0.976621
      outer loop
         vertex 0.0114154 0 0.0420898
         vertex 0.0115928 0 0.042139
         vertex 0.0115928 0.004 0.042139
      endloop
   endfacet
   facet normal -0.108119 0 0.994138
      outer loop
         vertex 0.0112338 0 0.04206
         vertex 0.0114154 0 0.0420898
         vertex 0.0114154 0.004 0.0420898
      endloop
   endfacet
   facet normal 0 0 1
      outer loop
         vertex 0.01105 0 0.04205
         vertex 0.0112338 0 0.04206
         vertex 0.0112338 0.004 0.04206
      endloop
   endfacet
   facet normal -0.108119 0 0.994138
      outer loop
         vertex 0.0112338 0.004 0.04206
         vertex 0.01105 0.004 0.04205
         vertex 0.01105 0 0.04205
      endloop
   endfacet
   facet normal -0.21497 0 0.976621
      outer loop
         vertex 0.0114154 0.004 0.0420898
         vertex 0.0112338 0.004 0.04206
         vertex 0.0112338 0 0.04206
      endloop
   endfacet
   facet normal -0.319302 0 0.947653
      outer loop
         vertex 0.0115928 0.004 0.042139
         vertex 0.0114154 0.004 0.0420898
         vertex 0.0114154 0 0.0420898
      endloop
   endfacet
   facet normal -0.419889 0 0.907575
      outer loop
         vertex 0.0117638 0.004 0.0422072
         vertex 0.0115928 0.004 0.042139
         vertex 0.0115928 0 0.042139
      endloop
   endfacet
   facet normal -0.515554 0 0.856857
      outer loop
         vertex 0.0119264 0.004 0.0422934
         vertex 0.0117638 0.004 0.0422072
         vertex 0.0117638 0 0.0422072
      endloop
   endfacet
   facet normal -0.605174 0 0.796093
      outer loop
         vertex 0.0120788 0.004 0.0423967
         vertex 0.0119264 0.004 0.0422934
         vertex 0.0119264 0 0.0422934
      endloop
   endfacet
   facet normal -0.687699 0 0.725995
      outer loop
         vertex 0.0122191 0.004 0.0425159
         vertex 0.0120788 0.004 0.0423967
         vertex 0.0120788 0 0.0423967
      endloop
   endfacet
   facet normal -0.762162 0 0.647386
      outer loop
         vertex 0.0123457 0.004 0.0426495
         vertex 0.0122191 0.004 0.0425159
         vertex 0.0122191 0 0.0425159
      endloop
   endfacet
   facet normal -0.827689 0 0.561187
      outer loop
         vertex 0.0124571 0.004 0.042796
         vertex 0.0123457 0.004 0.0426495
         vertex 0.0123457 0 0.0426495
      endloop
   endfacet
   facet normal -0.883512 0 0.468408
      outer loop
         vertex 0.012552 0.004 0.0429538
         vertex 0.0124571 0.004 0.042796
         vertex 0.0124571 0 0.042796
      endloop
   endfacet
   facet normal -0.928977 0 0.370138
      outer loop
         vertex 0.0126293 0.004 0.0431208
         vertex 0.012552 0.004 0.0429538
         vertex 0.012552 0 0.0429538
      endloop
   endfacet
   facet normal -0.96355 0 0.267528
      outer loop
         vertex 0.012688 0.004 0.0432952
         vertex 0.0126293 0.004 0.0431208
         vertex 0.0126293 0 0.0431208
      endloop
   endfacet
   facet normal -0.986827 0 0.161782
      outer loop
         vertex 0.0127276 0.004 0.043475
         vertex 0.012688 0.004 0.0432952
         vertex 0.012688 0 0.0432952
      endloop
   endfacet
   facet normal -0.998533 0 0.0541389
      outer loop
         vertex 0.0127475 0.004 0.043658
         vertex 0.0127276 0.004 0.043475
         vertex 0.0127276 0 0.043475
      endloop
   endfacet
   facet normal -0.998533 0 -0.0541389
      outer loop
         vertex 0.0127475 0.004 0.0438421
         vertex 0.0127475 0.004 0.043658
         vertex 0.0127475 0 0.043658
      endloop
   endfacet
   facet normal -0.986827 0 -0.161782
      outer loop
         vertex 0.0127276 0.004 0.0440251
         vertex 0.0127475 0.004 0.0438421
         vertex 0.0127475 0 0.0438421
      endloop
   endfacet
   facet normal -0.96355 0 -0.267528
      outer loop
         vertex 0.012688 0.004 0.0442048
         vertex 0.0127276 0.004 0.0440251
         vertex 0.0127276 0 0.0440251
      endloop
   endfacet
   facet normal -0.928977 0 -0.370138
      outer loop
         vertex 0.0126293 0.004 0.0443793
         vertex 0.012688 0.004 0.0442048
         vertex 0.012688 0 0.0442048
      endloop
   endfacet
   facet normal -0.883512 0 -0.468408
      outer loop
         vertex 0.012552 0.004 0.0445463
         vertex 0.0126293 0.004 0.0443793
         vertex 0.0126293 0 0.0443793
      endloop
   endfacet
   facet normal -0.827689 0 -0.561187
      outer loop
         vertex 0.0124571 0.004 0.0447041
         vertex 0.012552 0.004 0.0445463
         vertex 0.012552 0 0.0445463
      endloop
   endfacet
   facet normal -0.762162 0 -0.647386
      outer loop
         vertex 0.0123457 0.004 0.0448506
         vertex 0.0124571 0.004 0.0447041
         vertex 0.0124571 0 0.0447041
      endloop
   endfacet
   facet normal -0.687699 0 -0.725995
      outer loop
         vertex 0.0122191 0.004 0.0449842
         vertex 0.0123457 0.004 0.0448506
         vertex 0.0123457 0 0.0448506
      endloop
   endfacet
   facet normal -0.605174 0 -0.796093
      outer loop
         vertex 0.0120788 0.004 0.0451034
         vertex 0.0122191 0.004 0.0449842
         vertex 0.0122191 0 0.0449842
      endloop
   endfacet
   facet normal -0.515554 0 -0.856857
      outer loop
         vertex 0.0119264 0.004 0.0452067
         vertex 0.0120788 0.004 0.0451034
         vertex 0.0120788 0 0.0451034
      endloop
   endfacet
   facet normal -0.419889 0 -0.907575
      outer loop
         vertex 0.0117638 0.004 0.0452929
         vertex 0.0119264 0.004 0.0452067
         vertex 0.0119264 0 0.0452067
      endloop
   endfacet
   facet normal -0.319302 0 -0.947653
      outer loop
         vertex 0.0115928 0.004 0.0453611
         vertex 0.0117638 0.004 0.0452929
         vertex 0.0117638 0 0.0452929
      endloop
   endfacet
   facet normal -0.21497 0 -0.976621
      outer loop
         vertex 0.0114154 0.004 0.0454103
         vertex 0.0115928 0.004 0.0453611
         vertex 0.0115928 0 0.0453611
      endloop
   endfacet
   facet normal -0.108119 0 -0.994138
      outer loop
         vertex 0.0112338 0.004 0.0454401
         vertex 0.0114154 0.004 0.0454103
         vertex 0.0114154 0 0.0454103
      endloop
   endfacet
   facet normal -1.22465e-16 0 -1
      outer loop
         vertex 0.01105 0.004 0.04545
         vertex 0.0112338 0.004 0.0454401
         vertex 0.0112338 0 0.0454401
      endloop
   endfacet
   facet normal 0.108119 0 -0.994138
      outer loop
         vertex 0.0108662 0.004 0.0454401
         vertex 0.01105 0.004 0.04545
         vertex 0.01105 0 0.04545
      endloop
   endfacet
   facet normal 0.21497 0 -0.976621
      outer loop
         vertex 0.0106846 0.004 0.0454103
         vertex 0.0108662 0.004 0.0454401
         vertex 0.0108662 0 0.0454401
      endloop
   endfacet
   facet normal 0.319302 0 -0.947653
      outer loop
         vertex 0.0105072 0.004 0.0453611
         vertex 0.0106846 0.004 0.0454103
         vertex 0.0106846 0 0.0454103
      endloop
   endfacet
   facet normal 0.419889 0 -0.907575
      outer loop
         vertex 0.0103362 0.004 0.0452929
         vertex 0.0105072 0.004 0.0453611
         vertex 0.0105072 0 0.0453611
      endloop
   endfacet
   facet normal 0.515554 0 -0.856857
      outer loop
         vertex 0.0101736 0.004 0.0452067
         vertex 0.0103362 0.004 0.0452929
         vertex 0.0103362 0 0.0452929
      endloop
   endfacet
   facet normal 0.605174 0 -0.796093
      outer loop
         vertex 0.0100212 0.004 0.0451034
         vertex 0.0101736 0.004 0.0452067
         vertex 0.0101736 0 0.0452067
      endloop
   endfacet
   facet normal 0.687699 0 -0.725995
      outer loop
         vertex 0.00988091 0.004 0.0449842
         vertex 0.0100212 0.004 0.0451034
         vertex 0.0100212 0 0.0451034
      endloop
   endfacet
   facet normal 0.762162 0 -0.647386
      outer loop
         vertex 0.00975432 0.004 0.0448506
         vertex 0.00988091 0.004 0.0449842
         vertex 0.00988091 0 0.0449842
      endloop
   endfacet
   facet normal 0.827689 0 -0.561187
      outer loop
         vertex 0.00964293 0.004 0.0447041
         vertex 0.00975432 0.004 0.0448506
         vertex 0.00975432 0 0.0448506
      endloop
   endfacet
   facet normal 0.883512 0 -0.468408
      outer loop
         vertex 0.00954803 0.004 0.0445463
         vertex 0.00964293 0.004 0.0447041
         vertex 0.00964293 0 0.0447041
      endloop
   endfacet
   facet normal 0.928977 0 -0.370138
      outer loop
         vertex 0.00947074 0.004 0.0443793
         vertex 0.00954803 0.004 0.0445463
         vertex 0.00954803 0 0.0445463
      endloop
   endfacet
   facet normal 0.96355 0 -0.267528
      outer loop
         vertex 0.00941197 0.004 0.0442048
         vertex 0.00947074 0.004 0.0443793
         vertex 0.00947074 0 0.0443793
      endloop
   endfacet
   facet normal 0.986827 0 -0.161782
      outer loop
         vertex 0.00937239 0.004 0.0440251
         vertex 0.00941197 0.004 0.0442048
         vertex 0.00941197 0 0.0442048
      endloop
   endfacet
   facet normal 0.998533 0 -0.0541389
      outer loop
         vertex 0.00935249 0.004 0.0438421
         vertex 0.00937239 0.004 0.0440251
         vertex 0.00937239 0 0.0440251
      endloop
   endfacet
   facet normal 0.998533 0 0.0541389
      outer loop
         vertex 0.00935249 0.004 0.043658
         vertex 0.00935249 0.004 0.0438421
         vertex 0.00935249 0 0.0438421
      endloop
   endfacet
   facet normal 0.986827 0 0.161782
      outer loop
         vertex 0.00937239 0.004 0.043475
         vertex 0.00935249 0.004 0.043658
         vertex 0.00935249 0 0.043658
      endloop
   endfacet
   facet normal 0.96355 0 0.267528
      outer loop
         vertex 0.00941197 0.004 0.0432952
         vertex 0.00937239 0.004 0.043475
         vertex 0.00937239 0 0.043475
      endloop
   endfacet
   facet normal 0.928977 0 0.370138
      outer loop
         vertex 0.00947074 0.004 0.0431208
         vertex 0.00941197 0.004 0.0432952
         vertex 0.00941197 0 0.0432952
      endloop
   endfacet
   facet normal 0.883512 0 0.468408
      outer loop
         vertex 0.00954803 0.004 0.0429538
         vertex 0.00947074 0.004 0.0431208
         vertex 0.00947074 0 0.0431208
      endloop
   endfacet
   facet normal 0.827689 0 0.561187
      outer loop
         vertex 0.00964293 0.004 0.042796
         vertex 0.00954803 0.004 0.0429538
         vertex 0.00954803 0 0.0429538
      endloop
   endfacet
   facet normal 0.762162 0 0.647386
      outer loop
         vertex 0.00975432 0.004 0.0426495
         vertex 0.00964293 0.004 0.042796
         vertex 0.00964293 0 0.042796
      endloop
   endfacet
   facet normal 0.687699 0 0.725995
      outer loop
         vertex 0.00988091 0.004 0.0425159
         vertex 0.00975432 0.004 0.0426495
         vertex 0.00975432 0 0.0426495
      endloop
   endfacet
   facet normal 0.605174 0 0.796093
      outer loop
         vertex 0.0100212 0.004 0.0423967
         vertex 0.00988091 0.004 0.0425159
         vertex 0.00988091 0 0.0425159
      endloop
   endfacet
   facet normal 0.515554 0 0.856857
      outer loop
         vertex 0.0101736 0.004 0.0422934
         vertex 0.0100212 0.004 0.0423967
         vertex 0.0100212 0 0.0423967
      endloop
   endfacet
   facet normal 0.419889 0 0.907575
      outer loop
         vertex 0.0103362 0.004 0.0422072
         vertex 0.0101736 0.004 0.0422934
         vertex 0.0101736 0 0.0422934
      endloop
   endfacet
   facet normal 0.319302 0 0.947653
      outer loop
         vertex 0.0105072 0.004 0.042139
         vertex 0.0103362 0.004 0.0422072
         vertex 0.0103362 0 0.0422072
      endloop
   endfacet
   facet normal 0.21497 0 0.976621
      outer loop
         vertex 0.0106846 0.004 0.0420898
         vertex 0.0105072 0.004 0.042139
         vertex 0.0105072 0 0.042139
      endloop
   endfacet
   facet normal 0.108119 0 0.994138
      outer loop
         vertex 0.0108662 0.004 0.04206
         vertex 0.0106846 0.004 0.0420898
         vertex 0.0106846 0 0.0420898
      endloop
   endfacet
   facet normal 0 0 1
      outer loop
         vertex 0.01105 0.004 0.04205
         vertex 0.0108662 0.004 0.04206
         vertex 0.0108662 0 0.04206
      endloop
   endfacet
   facet normal 0.108119 0 0.994138
      outer loop
         vertex 0.0308662 0 0.04206
         vertex 0.03105 0 0.04205
         vertex 0.03105 0.004 0.04205
      endloop
   endfacet
   facet normal 0.21497 0 0.976621
      outer loop
         vertex 0.0306846 0 0.0420898
         vertex 0.0308662 0 0.04206
         vertex 0.0308662 0.004 0.04206
      endloop
   endfacet
   facet normal 0.319302 0 0.947653
      outer loop
         vertex 0.0305072 0 0.042139
         vertex 0.0306846 0 0.0420898
         vertex 0.0306846 0.004 0.0420898
      endloop
   endfacet
   facet normal 0.419889 0 0.907575
      outer loop
         vertex 0.0303362 0 0.0422072
         vertex 0.0305072 0 0.042139
         vertex 0.0305072 0.004 0.042139
      endloop
   endfacet
   facet normal 0.515554 0 0.856857
      outer loop
         vertex 0.0301736 0 0.0422934
         vertex 0.0303362 0 0.0422072
         vertex 0.0303362 0.004 0.0422072
      endloop
   endfacet
   facet normal 0.605174 0 0.796093
      outer loop
         vertex 0.0300212 0 0.0423967
         vertex 0.0301736 0 0.0422934
         vertex 0.0301736 0.004 0.0422934
      endloop
   endfacet
   facet normal 0.687699 0 0.725995
      outer loop
         vertex 0.0298809 0 0.0425159
         vertex 0.0300212 0 0.0423967
         vertex 0.0300212 0.004 0.0423967
      endloop
   endfacet
   facet normal 0.762162 0 0.647386
      outer loop
         vertex 0.0297543 0 0.0426495
         vertex 0.0298809 0 0.0425159
         vertex 0.0298809 0.004 0.0425159
      endloop
   endfacet
   facet normal 0.827689 0 0.561187
      outer loop
         vertex 0.0296429 0 0.042796
         vertex 0.0297543 0 0.0426495
         vertex 0.0297543 0.004 0.0426495
      endloop
   endfacet
   facet normal 0.883512 0 0.468408
      outer loop
         vertex 0.029548 0 0.0429538
         vertex 0.0296429 0 0.042796
         vertex 0.0296429 0.004 0.042796
      endloop
   endfacet
   facet normal 0.928977 0 0.370138
      outer loop
         vertex 0.0294707 0 0.0431208
         vertex 0.029548 0 0.0429538
         vertex 0.029548 0.004 0.0429538
      endloop
   endfacet
   facet normal 0.96355 0 0.267528
      outer loop
         vertex 0.029412 0 0.0432952
         vertex 0.0294707 0 0.0431208
         vertex 0.0294707 0.004 0.0431208
      endloop
   endfacet
   facet normal 0.986827 0 0.161782
      outer loop
         vertex 0.0293724 0 0.043475
         vertex 0.029412 0 0.0432952
         vertex 0.029412 0.004 0.0432952
      endloop
   endfacet
   facet normal 0.998533 0 0.0541389
      outer loop
         vertex 0.0293525 0 0.043658
         vertex 0.0293724 0 0.043475
         vertex 0.0293724 0.004 0.043475
      endloop
   endfacet
   facet normal 0.998533 0 -0.0541389
      outer loop
         vertex 0.0293525 0 0.0438421
         vertex 0.0293525 0 0.043658
         vertex 0.0293525 0.004 0.043658
      endloop
   endfacet
   facet normal 0.986827 0 -0.161782
      outer loop
         vertex 0.0293724 0 0.0440251
         vertex 0.0293525 0 0.0438421
         vertex 0.0293525 0.004 0.0438421
      endloop
   endfacet
   facet normal 0.96355 0 -0.267528
      outer loop
         vertex 0.029412 0 0.0442048
         vertex 0.0293724 0 0.0440251
         vertex 0.0293724 0.004 0.0440251
      endloop
   endfacet
   facet normal 0.928977 0 -0.370138
      outer loop
         vertex 0.0294707 0 0.0443793
         vertex 0.029412 0 0.0442048
         vertex 0.029412 0.004 0.0442048
      endloop
   endfacet
   facet normal 0.883512 0 -0.468408
      outer loop
         vertex 0.029548 0 0.0445463
         vertex 0.0294707 0 0.0443793
         vertex 0.0294707 0.004 0.0443793
      endloop
   endfacet
   facet normal 0.827689 0 -0.561187
      outer loop
         vertex 0.0296429 0 0.0447041
         vertex 0.029548 0 0.0445463
         vertex 0.029548 0.004 0.0445463
      endloop
   endfacet
   facet normal 0.762162 0 -0.647386
      outer loop
         vertex 0.0297543 0 0.0448506
         vertex 0.0296429 0 0.0447041
         vertex 0.0296429 0.004 0.0447041
      endloop
   endfacet
   facet normal 0.687699 0 -0.725995
      outer loop
         vertex 0.0298809 0 0.0449842
         vertex 0.0297543 0 0.0448506
         vertex 0.0297543 0.004 0.0448506
      endloop
   endfacet
   facet normal 0.605174 0 -0.796093
      outer loop
         vertex 0.0300212 0 0.0451034
         vertex 0.0298809 0 0.0449842
         vertex 0.0298809 0.004 0.0449842
      endloop
   endfacet
   facet normal 0.515554 0 -0.856857
      outer loop
         vertex 0.0301736 0 0.0452067
         vertex 0.0300212 0 0.0451034
         vertex 0.0300212 0.004 0.0451034
      endloop
   endfacet
   facet normal 0.419889 0 -0.907575
      outer loop
         vertex 0.0303362 0 0.0452929
         vertex 0.0301736 0 0.0452067
         vertex 0.0301736 0.004 0.0452067
      endloop
   endfacet
   facet normal 0.319302 0 -0.947653
      outer loop
         vertex 0.0305072 0 0.0453611
         vertex 0.0303362 0 0.0452929
         vertex 0.0303362 0.004 0.0452929
      endloop
   endfacet
   facet normal 0.21497 0 -0.976621
      outer loop
         vertex 0.0306846 0 0.0454103
         vertex 0.0305072 0 0.0453611
         vertex 0.0305072 0.004 0.0453611
      endloop
   endfacet
   facet normal 0.108119 0 -0.994138
      outer loop
         vertex 0.0308662 0 0.0454401
         vertex 0.0306846 0 0.0454103
         vertex 0.0306846 0.004 0.0454103
      endloop
   endfacet
   facet normal -1.22465e-16 0 -1
      outer loop
         vertex 0.03105 0 0.04545
         vertex 0.0308662 0 0.0454401
         vertex 0.0308662 0.004 0.0454401
      endloop
   endfacet
   facet normal -0.108119 0 -0.994138
      outer loop
         vertex 0.0312338 0 0.0454401
         vertex 0.03105 0 0.04545
         vertex 0.03105 0.004 0.04545
      endloop
   endfacet
   facet normal -0.21497 0 -0.976621
      outer loop
         vertex 0.0314154 0 0.0454103
         vertex 0.0312338 0 0.0454401
         vertex 0.0312338 0.004 0.0454401
      endloop
   endfacet
   facet normal -0.319302 0 -0.947653
      outer loop
         vertex 0.0315928 0 0.0453611
         vertex 0.0314154 0 0.0454103
         vertex 0.0314154 0.004 0.0454103
      endloop
   endfacet
   facet normal -0.419889 0 -0.907575
      outer loop
         vertex 0.0317638 0 0.0452929
         vertex 0.0315928 0 0.0453611
         vertex 0.0315928 0.004 0.0453611
      endloop
   endfacet
   facet normal -0.515554 0 -0.856857
      outer loop
         vertex 0.0319264 0 0.0452067
         vertex 0.0317638 0 0.0452929
         vertex 0.0317638 0.004 0.0452929
      endloop
   endfacet
   facet normal -0.605174 0 -0.796093
      outer loop
         vertex 0.0320788 0 0.0451034
         vertex 0.0319264 0 0.0452067
         vertex 0.0319264 0.004 0.0452067
      endloop
   endfacet
   facet normal -0.687699 0 -0.725995
      outer loop
         vertex 0.0322191 0 0.0449842
         vertex 0.0320788 0 0.0451034
         vertex 0.0320788 0.004 0.0451034
      endloop
   endfacet
   facet normal -0.762162 0 -0.647386
      outer loop
         vertex 0.0323457 0 0.0448506
         vertex 0.0322191 0 0.0449842
         vertex 0.0322191 0.004 0.0449842
      endloop
   endfacet
   facet normal -0.827689 0 -0.561187
      outer loop
         vertex 0.0324571 0 0.0447041
         vertex 0.0323457 0 0.0448506
         vertex 0.0323457 0.004 0.0448506
      endloop
   endfacet
   facet normal -0.883512 0 -0.468408
      outer loop
         vertex 0.032552 0 0.0445463
         vertex 0.0324571 0 0.0447041
         vertex 0.0324571 0.004 0.0447041
      endloop
   endfacet
   facet normal -0.928977 0 -0.370138
      outer loop
         vertex 0.0326293 0 0.0443793
         vertex 0.032552 0 0.0445463
         vertex 0.032552 0.004 0.0445463
      endloop
   endfacet
   facet normal -0.96355 0 -0.267528
      outer loop
         vertex 0.032688 0 0.0442048
         vertex 0.0326293 0 0.0443793
         vertex 0.0326293 0.004 0.0443793
      endloop
   endfacet
   facet normal -0.986827 0 -0.161782
      outer loop
         vertex 0.0327276 0 0.0440251
         vertex 0.032688 0 0.0442048
         vertex 0.032688 0.004 0.0442048
      endloop
   endfacet
   facet normal -0.998533 0 -0.0541389
      outer loop
         vertex 0.0327475 0 0.0438421
         vertex 0.0327276 0 0.0440251
         vertex 0.0327276 0.004 0.0440251
      endloop
   endfacet
   facet normal -0.998533 0 0.0541389
      outer loop
         vertex 0.0327475 0 0.043658
         vertex 0.0327475 0 0.0438421
         vertex 0.0327475 0.004 0.0438421
      endloop
   endfacet
   facet normal -0.986827 0 0.161782
      outer loop
         vertex 0.0327276 0 0.043475
         vertex 0.0327475 0 0.043658
         vertex 0.0327475 0.004 0.043658
      endloop
   endfacet
   facet normal -0.96355 0 0.267528
      outer loop
         vertex 0.032688 0 0.0432952
         vertex 0.0327276 0 0.043475
         vertex 0.0327276 0.004 0.043475
      endloop
   endfacet
   facet normal -0.928977 0 0.370138
      outer loop
         vertex 0.0326293 0 0.0431208
         vertex 0.032688 0 0.0432952
         vertex 0.032688 0.004 0.0432952
      endloop
   endfacet
   facet normal -0.883512 0 0.468408
      outer loop
         vertex 0.032552 0 0.0429538
         vertex 0.0326293 0 0.0431208
         vertex 0.0326293 0.004 0.0431208
      endloop
   endfacet
   facet normal -0.827689 0 0.561187
      outer loop
         vertex 0.0324571 0 0.042796
         vertex 0.032552 0 0.0429538
         vertex 0.032552 0.004 0.0429538
      endloop
   endfacet
   facet normal -0.762162 0 0.647386
      outer loop
         vertex 0.0323457 0 0.0426495
         vertex 0.0324571 0 0.042796
         vertex 0.0324571 0.004 0.042796
      endloop
   endfacet
   facet normal -0.687699 0 0.725995
      outer loop
         vertex 0.0322191 0 0.0425159
         vertex 0.0323457 0 0.0426495
         vertex 0.0323457 0.004 0.0426495
      endloop
   endfacet
   facet normal -0.605174 0 0.796093
      outer loop
         vertex 0.0320788 0 0.0423967
         vertex 0.0322191 0 0.0425159
         vertex 0.0322191 0.004 0.0425159
      endloop
   endfacet
   facet normal -0.515554 0 0.856857
      outer loop
         vertex 0.0319264 0 0.0422934
         vertex 0.0320788 0 0.0423967
         vertex 0.0320788 0.004 0.0423967
      endloop
   endfacet
   facet normal -0.419889 0 0.907575
      outer loop
         vertex 0.0317638 0 0.0422072
         vertex 0.0319264 0 0.0422934
         vertex 0.0319264 0.004 0.0422934
      endloop
   endfacet
   facet normal -0.319302 0 0.947653
      outer loop
         vertex 0.0315928 0 0.042139
         vertex 0.0317638 0 0.0422072
         vertex 0.0317638 0.004 0.0422072
      endloop
   endfacet
   facet normal -0.21497 0 0.976621
      outer loop
         vertex 0.0314154 0 0.0420898
         vertex 0.0315928 0 0.042139
         vertex 0.0315928 0.004 0.042139
      endloop
   endfacet
   facet normal -0.108119 0 0.994138
      outer loop
         vertex 0.0312338 0 0.04206
         vertex 0.0314154 0 0.0420898
         vertex 0.0314154 0.004 0.0420898
      endloop
   endfacet
   facet normal 0 0 1
      outer loop
         vertex 0.03105 0 0.04205
         vertex 0.0312338 0 0.04206
         vertex 0.0312338 0.004 0.04206
      endloop
   endfacet
   facet normal -0.108119 0 0.994138
      outer loop
         vertex 0.0312338 0.004 0.04206
         vertex 0.03105 0.004 0.04205
         vertex 0.03105 0 0.04205
      endloop
   endfacet
   facet normal -0.21497 0 0.976621
      outer loop
         vertex 0.0314154 0.004 0.0420898
         vertex 0.0312338 0.004 0.04206
         vertex 0.0312338 0 0.04206
      endloop
   endfacet
   facet normal -0.319302 0 0.947653
      outer loop
         vertex 0.0315928 0.004 0.042139
         vertex 0.0314154 0.004 0.0420898
         vertex 0.0314154 0 0.0420898
      endloop
   endfacet
   facet normal -0.419889 0 0.907575
      outer loop
         vertex 0.0317638 0.004 0.0422072
         vertex 0.0315928 0.004 0.042139
         vertex 0.0315928 0 0.042139
      endloop
   endfacet
   facet normal -0.515554 0 0.856857
      outer loop
         vertex 0.0319264 0.004 0.0422934
         vertex 0.0317638 0.004 0.0422072
         vertex 0.0317638 0 0.0422072
      endloop
   endfacet
   facet normal -0.605174 0 0.796093
      outer loop
         vertex 0.0320788 0.004 0.0423967
         vertex 0.0319264 0.004 0.0422934
         vertex 0.0319264 0 0.0422934
      endloop
   endfacet
   facet normal -0.687699 0 0.725995
      outer loop
         vertex 0.0322191 0.004 0.0425159
         vertex 0.0320788 0.004 0.0423967
         vertex 0.0320788 0 0.0423967
      endloop
   endfacet
   facet normal -0.762162 0 0.647386
      outer loop
         vertex 0.0323457 0.004 0.0426495
         vertex 0.0322191 0.004 0.0425159
         vertex 0.0322191 0 0.0425159
      endloop
   endfacet
   facet normal -0.827689 0 0.561187
      outer loop
         vertex 0.0324571 0.004 0.042796
         vertex 0.0323457 0.004 0.0426495
         vertex 0.0323457 0 0.0426495
      endloop
   endfacet
   facet normal -0.883512 0 0.468408
      outer loop
         vertex 0.032552 0.004 0.0429538
         vertex 0.0324571 0.004 0.042796
         vertex 0.0324571 0 0.042796
      endloop
   endfacet
   facet normal -0.928977 0 0.370138
      outer loop
         vertex 0.0326293 0.004 0.0431208
         vertex 0.032552 0.004 0.0429538
         vertex 0.032552 0 0.0429538
      endloop
   endfacet
   facet normal -0.96355 0 0.267528
      outer loop
         vertex 0.032688 0.004 0.0432952
         vertex 0.0326293 0.004 0.0431208
         vertex 0.0326293 0 0.0431208
      endloop
   endfacet
   facet normal -0.986827 0 0.161782
      outer loop
         vertex 0.0327276 0.004 0.043475
         vertex 0.032688 0.004 0.0432952
         vertex 0.032688 0 0.0432952
      endloop
   endfacet
   facet normal -0.998533 0 0.0541389
      outer loop
         vertex 0.0327475 0.004 0.043658
         vertex 0.0327276 0.004 0.043475
         vertex 0.0327276 0 0.043475
      endloop
   endfacet
   facet normal -0.998533 0 -0.0541389
      outer loop
         vertex 0.0327475 0.004 0.0438421
         vertex 0.0327475 0.004 0.043658
         vertex 0.0327475 0 0.043658
      endloop
   endfacet
   facet normal -0.986827 0 -0.161782
      outer loop
         vertex 0.0327276 0.004 0.0440251
         vertex 0.0327475 0.004 0.0438421
         vertex 0.0327475 0 0.0438421
      endloop
   endfacet
   facet normal -0.96355 0 -0.267528
      outer loop
         vertex 0.032688 0.004 0.0442048
         vertex 0.0327276 0.004 0.0440251
         vertex 0.0327276 0 0.0440251
      endloop
   endfacet
   facet normal -0.928977 0 -0.370138
      outer loop
         vertex 0.0326293 0.004 0.0443793
         vertex 0.032688 0.004 0.0442048
         vertex 0.032688 0 0.0442048
      endloop
   endfacet
   facet normal -0.883512 0 -0.468408
      outer loop
         vertex 0.032552 0.004 0.0445463
         vertex 0.0326293 0.004 0.0443793
         vertex 0.0326293 0 0.0443793
      endloop
   endfacet
   facet normal -0.827689 0 -0.561187
      outer loop
         vertex 0.0324571 0.004 0.0447041
         vertex 0.032552 0.004 0.0445463
         vertex 0.032552 0 0.0445463
      endloop
   endfacet
   facet normal -0.762162 0 -0.647386
      outer loop
         vertex 0.0323457 0.004 0.0448506
         vertex 0.0324571 0.004 0.0447041
         vertex 0.0324571 0 0.0447041
      endloop
   endfacet
   facet normal -0.687699 0 -0.725995
      outer loop
         vertex 0.0322191 0.004 0.0449842
         vertex 0.0323457 0.004 0.0448506
         vertex 0.0323457 0 0.0448506
      endloop
   endfacet
   facet normal -0.605174 0 -0.796093
      outer loop
         vertex 0.0320788 0.004 0.0451034
         vertex 0.0322191 0.004 0.0449842
         vertex 0.0322191 0 0.0449842
      endloop
   endfacet
   facet normal -0.515554 0 -0.856857
      outer loop
         vertex 0.0319264 0.004 0.0452067
         vertex 0.0320788 0.004 0.0451034
         vertex 0.0320788 0 0.0451034
      endloop
   endfacet
   facet normal -0.419889 0 -0.907575
      outer loop
         vertex 0.0317638 0.004 0.0452929
         vertex 0.0319264 0.004 0.0452067
         vertex 0.0319264 0 0.0452067
      endloop
   endfacet
   facet normal -0.319302 0 -0.947653
      outer loop
         vertex 0.0315928 0.004 0.0453611
         vertex 0.0317638 0.004 0.0452929
         vertex 0.0317638 0 0.0452929
      endloop
   endfacet
   facet normal -0.21497 0 -0.976621
      outer loop
         vertex 0.0314154 0.004 0.0454103
         vertex 0.0315928 0.004 0.0453611
         vertex 0.0315928 0 0.0453611
      endloop
   endfacet
   facet normal -0.108119 0 -0.994138
      outer loop
         vertex 0.0312338 0.004 0.0454401
         vertex 0.0314154 0.004 0.0454103
         vertex 0.0314154 0 0.0454103
      endloop
   endfacet
   facet normal -1.22465e-16 0 -1
      outer loop
         vertex 0.03105 0.004 0.04545
         vertex 0.0312338 0.004 0.0454401
         vertex 0.0312338 0 0.0454401
      endloop
   endfacet
   facet normal 0.108119 0 -0.994138
      outer loop
         vertex 0.0308662 0.004 0.0454401
         vertex 0.03105 0.004 0.04545
         vertex 0.03105 0 0.04545
      endloop
   endfacet
   facet normal 0.21497 0 -0.976621
      outer loop
         vertex 0.0306846 0.004 0.0454103
         vertex 0.0308662 0.004 0.0454401
         vertex 0.0308662 0 0.0454401
      endloop
   endfacet
   facet normal 0.319302 0 -0.947653
      outer loop
         vertex 0.0305072 0.004 0.0453611
         vertex 0.0306846 0.004 0.0454103
         vertex 0.0306846 0 0.0454103
      endloop
   endfacet
   facet normal 0.419889 0 -0.907575
      outer loop
         vertex 0.0303362 0.004 0.0452929
         vertex 0.0305072 0.004 0.0453611
         vertex 0.0305072 0 0.0453611
      endloop
   endfacet
   facet normal 0.515554 0 -0.856857
      outer loop
         vertex 0.0301736 0.004 0.0452067
         vertex 0.0303362 0.004 0.0452929
         vertex 0.0303362 0 0.0452929
      endloop
   endfacet
   facet normal 0.605174 0 -0.796093
      outer loop
         vertex 0.0300212 0.004 0.0451034
         vertex 0.0301736 0.004 0.0452067
         vertex 0.0301736 0 0.0452067
      endloop
   endfacet
   facet normal 0.687699 0 -0.725995
      outer loop
         vertex 0.0298809 0.004 0.0449842
         vertex 0.0300212 0.004 0.0451034
         vertex 0.0300212 0 0.0451034
      endloop
   endfacet
   facet normal 0.762162 0 -0.647386
      outer loop
         vertex 0.0297543 0.004 0.0448506
         vertex 0.0298809 0.004 0.0449842
         vertex 0.0298809 0 0.0449842
      endloop
   endfacet
   facet normal 0.827689 0 -0.561187
      outer loop
         vertex 0.0296429 0.004 0.0447041
         vertex 0.0297543 0.004 0.0448506
         vertex 0.0297543 0 0.0448506
      endloop
   endfacet
   facet normal 0.883512 0 -0.468408
      outer loop
         vertex 0.029548 0.004 0.0445463
         vertex 0.0296429 0.004 0.0447041
         vertex 0.0296429 0 0.0447041
      endloop
   endfacet
   facet normal 0.928977 0 -0.370138
      outer loop
         vertex 0.0294707 0.004 0.0443793
         vertex 0.029548 0.004 0.0445463
         vertex 0.029548 0 0.0445463
      endloop
   endfacet
   facet normal 0.96355 0 -0.267528
      outer loop
         vertex 0.029412 0.004 0.0442048
         vertex 0.0294707 0.004 0.0443793
         vertex 0.0294707 0 0.0443793
      endloop
   endfacet
   facet normal 0.986827 0 -0.161782
      outer loop
         vertex 0.0293724 0.004 0.0440251
         vertex 0.029412 0.004 0.0442048
         vertex 0.029412 0 0.0442048
      endloop
   endfacet
   facet normal 0.998533 0 -0.0541389
      outer loop
         vertex 0.0293525 0.004 0.0438421
         vertex 0.0293724 0.004 0.0440251
         vertex 0.0293724 0 0.0440251
      endloop
   endfacet
   facet normal 0.998533 0 0.0541389
      outer loop
         vertex 0.0293525 0.004 0.043658
         vertex 0.0293525 0.004 0.0438421
         vertex 0.0293525 0 0.0438421
      endloop
   endfacet
   facet normal 0.986827 0 0.161782
      outer loop
         vertex 0.0293724 0.004 0.043475
         vertex 0.0293525 0.004 0.043658
         vertex 0.0293525 0 0.043658
      endloop
   endfacet
   facet normal 0.96355 0 0.267528
      outer loop
         vertex 0.029412 0.004 0.0432952
         vertex 0.0293724 0.004 0.043475
         vertex 0.0293724 0 0.043475
      endloop
   endfacet
   facet normal 0.928977 0 0.370138
      outer loop
         vertex 0.0294707 0.004 0.0431208
         vertex 0.029412 0.004 0.0432952
         vertex 0.029412 0 0.0432952
      endloop
   endfacet
   facet normal 0.883512 0 0.468408
      outer loop
         vertex 0.029548 0.004 0.0429538
         vertex 0.0294707 0.004 0.0431208
         vertex 0.0294707 0 0.0431208
      endloop
   endfacet
   facet normal 0.827689 0 0.561187
      outer loop
         vertex 0.0296429 0.004 0.042796
         vertex 0.029548 0.004 0.0429538
         vertex 0.029548 0 0.0429538
      endloop
   endfacet
   facet normal 0.762162 0 0.647386
      outer loop
         vertex 0.0297543 0.004 0.0426495
         vertex 0.0296429 0.004 0.042796
         vertex 0.0296429 0 0.042796
      endloop
   endfacet
   facet normal 0.687699 0 0.725995
      outer loop
         vertex 0.0298809 0.004 0.0425159
         vertex 0.0297543 0.004 0.0426495
         vertex 0.0297543 0 0.0426495
      endloop
   endfacet
   facet normal 0.605174 0 0.796093
      outer loop
         vertex 0.0300212 0.004 0.0423967
         vertex 0.0298809 0.004 0.0425159
         vertex 0.0298809 0 0.0425159
      endloop
   endfacet
   facet normal 0.515554 0 0.856857
      outer loop
         vertex 0.0301736 0.004 0.0422934
         vertex 0.0300212 0.004 0.0423967
         vertex 0.0300212 0 0.0423967
      endloop
   endfacet
   facet normal 0.419889 0 0.907575
      outer loop
         vertex 0.0303362 0.004 0.0422072
         vertex 0.0301736 0.004 0.0422934
         vertex 0.0301736 0 0.0422934
      endloop
   endfacet
   facet normal 0.319302 0 0.947653
      outer loop
         vertex 0.0305072 0.004 0.042139
         vertex 0.0303362 0.004 0.0422072
         vertex 0.0303362 0 0.0422072
      endloop
   endfacet
   facet normal 0.21497 0 0.976621
      outer loop
         vertex 0.0306846 0.004 0.0420898
         vertex 0.0305072 0.004 0.042139
         vertex 0.0305072 0 0.042139
      endloop
   endfacet
   facet normal 0.108119 0 0.994138
      outer loop
         vertex 0.0308662 0.004 0.04206
         vertex 0.0306846 0.004 0.0420898
         vertex 0.0306846 0 0.0420898
      endloop
   endfacet
   facet normal 0 0 1
      outer loop
         vertex 0.03105 0.004 0.04205
         vertex 0.0308662 0.004 0.04206
         vertex 0.0308662 0 0.04206
      endloop
   endfacet
   facet normal 0 1 3.40208e-16
      outer loop
         vertex 0.0127276 0.004 0.0440251
         vertex 0.0303362 0.004 0.0452929
         vertex 0.0301736 0.004 0.0452067
      endloop
   endfacet
   facet normal 0 1 3.40208e-16
      outer loop
         vertex 0.0301736 0.004 0.0452067
         vertex 0.0127475 0.004 0.0438421
         vertex 0.0127276 0.004 0.0440251
      endloop
   endfacet
   facet normal 0 1 3.40208e-16
      outer loop
         vertex 0.0300212 0.004 0.0451034
         vertex 0.0127475 0.004 0.043658
         vertex 0.0127475 0.004 0.0438421
      endloop
   endfacet
   facet normal 0 1 3.40208e-16
      outer loop
         vertex 0.0303362 0.004 0.0452929
         vertex 0.0127276 0.004 0.0440251
         vertex 0.012688 0.004 0.0442048
      endloop
   endfacet
   facet normal 0 1 3.40208e-16
      outer loop
         vertex 0.0300212 0.004 0.0451034
         vertex 0.0127276 0.004 0.043475
         vertex 0.0127475 0.004 0.043658
      endloop
   endfacet
   facet normal 0 1 3.40208e-16
      outer loop
         vertex 0.0301736 0.004 0.0452067
         vertex 0.0300212 0.004 0.0451034
         vertex 0.0127475 0.004 0.0438421
      endloop
   endfacet
   facet normal 0 1 3.40208e-16
      outer loop
         vertex 0.0348 0.004 0.047
         vertex 0.0327276 0.004 0.0440251
         vertex 0.032688 0.004 0.0442048
      endloop
   endfacet
   facet normal 0 1 3.40208e-16
      outer loop
         vertex 0 0.004 0.041901
         vertex 0.00937239 0.004 0.043475
         vertex 0.00941197 0.004 0.0432952
      endloop
   endfacet
   facet normal 0 1 3.40208e-16
      outer loop
         vertex 0 0.004 0.041901
         vertex 0.00935249 0.004 0.0438421
         vertex 0.00935249 0.004 0.043658
      endloop
   endfacet
   facet normal 0 1 3.40208e-16
      outer loop
         vertex 0.0300212 0.004 0.0451034
         vertex 0.012688 0.004 0.0432952
         vertex 0.0127276 0.004 0.043475
      endloop
   endfacet
   facet normal 0 1 3.40208e-16
      outer loop
         vertex 0.032688 0.004 0.0442048
         vertex 0.0326293 0.004 0.0443793
         vertex 0.0348 0.004 0.047
      endloop
   endfacet
   facet normal 0 1 3.40208e-16
      outer loop
         vertex 0.0348 0.004 0.047
         vertex 0.0348 0.004 0.041901
         vertex 0.0327475 0.004 0.0438421
      endloop
   endfacet
   facet normal 0 1 3.40208e-16
      outer loop
         vertex 0.0348 0.004 0.041901
         vertex 0.0326293 0.004 0.0431208
         vertex 0.032688 0.004 0.0432952
      endloop
   endfacet
   facet normal 0 1 3.40208e-16
      outer loop
         vertex 0.0303362 0.004 0.0422072
         vertex 0 0.004 0.041901
         vertex 0.01105 0.004 0.04205
      endloop
   endfacet
   facet normal 0 1 3.40208e-16
      outer loop
         vertex 0 0.004 0.041901
         vertex 0.00947074 0.004 0.0431208
         vertex 0.00954803 0.004 0.0429538
      endloop
   endfacet
   facet normal 0 1 3.40208e-16
      outer loop
         vertex 0.00935249 0.004 0.043658
         vertex 0.00937239 0.004 0.043475
         vertex 0 0.004 0.041901
      endloop
   endfacet
   facet normal 0 1 3.40208e-16
      outer loop
         vertex 0 0.004 0.047
         vertex 0.00937239 0.004 0.0440251
         vertex 0.00935249 0.004 0.0438421
      endloop
   endfacet
   facet normal 0 1 3.40208e-16
      outer loop
         vertex 0.0300212 0.004 0.0451034
         vertex 0.0126293 0.004 0.0431208
         vertex 0.012688 0.004 0.0432952
      endloop
   endfacet
   facet normal 0 1 3.40208e-16
      outer loop
         vertex 0.0327475 0.004 0.0438421
         vertex 0.0327276 0.004 0.0440251
         vertex 0.0348 0.004 0.047
      endloop
   endfacet
   facet normal 0 1 3.40208e-16
      outer loop
         vertex 0.0348 0.004 0.041901
         vertex 0.032552 0.004 0.0429538
         vertex 0.0326293 0.004 0.0431208
      endloop
   endfacet
   facet normal 0 1 3.40208e-16
      outer loop
         vertex 0 0.004 0.041901
         vertex 0.0108662 0.004 0.04206
         vertex 0.01105 0.004 0.04205
      endloop
   endfacet
   facet normal 0 1 3.40208e-16
      outer loop
         vertex 0 0.004 0.041901
         vertex 0.0103362 0.004 0.0422072
         vertex 0.0105072 0.004 0.042139
      endloop
   endfacet
   facet normal 0 1 3.40208e-16
      outer loop
         vertex 0.00941197 0.004 0.0432952
         vertex 0.00947074 0.004 0.0431208
         vertex 0 0.004 0.041901
      endloop
   endfacet
   facet normal 0 1 3.40208e-16
      outer loop
         vertex 0 0.004 0.047
         vertex 0.00941197 0.004 0.0442048
         vertex 0.00937239 0.004 0.0440251
      endloop
   endfacet
   facet normal 0 1 3.40208e-16
      outer loop
         vertex 0.012688 0.004 0.0442048
         vertex 0.0126293 0.004 0.0443793
         vertex 0.0303362 0.004 0.0452929
      endloop
   endfacet
   facet normal 0 1 3.40208e-16
      outer loop
         vertex 0.0348 0.004 0.041901
         vertex 0.0327475 0.004 0.043658
         vertex 0.0327475 0.004 0.0438421
      endloop
   endfacet
   facet normal 0 1 3.40208e-16
      outer loop
         vertex 0.032688 0.004 0.0432952
         vertex 0.0327276 0.004 0.043475
         vertex 0.0348 0.004 0.041901
      endloop
   endfacet
   facet normal 0 1 3.40208e-16
      outer loop
         vertex 0.01105 0.004 0.04205
         vertex 0.0300212 0.004 0.0423967
         vertex 0.0301736 0.004 0.0422934
      endloop
   endfacet
   facet normal 0 1 3.40208e-16
      outer loop
         vertex 0.0105072 0.004 0.042139
         vertex 0.0106846 0.004 0.0420898
         vertex 0 0.004 0.041901
      endloop
   endfacet
   facet normal 0 1 3.40208e-16
      outer loop
         vertex 0.01105 0.004 0.04205
         vertex 0.0296429 0.004 0.042796
         vertex 0.0297543 0.004 0.0426495
      endloop
   endfacet
   facet normal 0 1 3.40208e-16
      outer loop
         vertex 0.029548 0.004 0.0429538
         vertex 0.01105 0.004 0.04205
         vertex 0.0112338 0.004 0.04206
      endloop
   endfacet
   facet normal 0 1 3.40208e-16
      outer loop
         vertex 0.0112338 0.004 0.04206
         vertex 0.0293525 0.004 0.043658
         vertex 0.0293724 0.004 0.043475
      endloop
   endfacet
   facet normal 0 1 3.40208e-16
      outer loop
         vertex 0.0112338 0.004 0.04206
         vertex 0.0293724 0.004 0.0440251
         vertex 0.0293525 0.004 0.0438421
      endloop
   endfacet
   facet normal 0 1 3.40208e-16
      outer loop
         vertex 0 0.004 0.041901
         vertex 0.0100212 0.004 0.0423967
         vertex 0.0101736 0.004 0.0422934
      endloop
   endfacet
   facet normal 0 1 3.40208e-16
      outer loop
         vertex 0 0.004 0.041901
         vertex 0.00975432 0.004 0.0426495
         vertex 0.00988091 0.004 0.0425159
      endloop
   endfacet
   facet normal 0 1 3.40208e-16
      outer loop
         vertex 0.00935249 0.004 0.0438421
         vertex 0 0.004 0.041901
         vertex 0 0.004 0.047
      endloop
   endfacet
   facet normal 0 1 3.40208e-16
      outer loop
         vertex 0 0.004 0.047
         vertex 0.0106846 0.004 0.0454103
         vertex 0.0105072 0.004 0.0453611
      endloop
   endfacet
   facet normal 0 1 3.40208e-16
      outer loop
         vertex 0.0348 0.004 0.047
         vertex 0.0119264 0.004 0.0452067
         vertex 0.0117638 0.004 0.0452929
      endloop
   endfacet
   facet normal 0 1 3.40208e-16
      outer loop
         vertex 0.0303362 0.004 0.0452929
         vertex 0.012552 0.004 0.0445463
         vertex 0.0124571 0.004 0.0447041
      endloop
   endfacet
   facet normal 0 1 3.40208e-16
      outer loop
         vertex 0.0300212 0.004 0.0451034
         vertex 0.012552 0.004 0.0429538
         vertex 0.0126293 0.004 0.0431208
      endloop
   endfacet
   facet normal 0 1 3.40208e-16
      outer loop
         vertex 0.0348 0.004 0.047
         vertex 0.032552 0.004 0.0445463
         vertex 0.0324571 0.004 0.0447041
      endloop
   endfacet
   facet normal 0 1 3.40208e-16
      outer loop
         vertex 0.0327276 0.004 0.043475
         vertex 0.0327475 0.004 0.043658
         vertex 0.0348 0.004 0.041901
      endloop
   endfacet
   facet normal 0 1 3.40208e-16
      outer loop
         vertex 0.0106846 0.004 0.0420898
         vertex 0.0108662 0.004 0.04206
         vertex 0 0.004 0.041901
      endloop
   endfacet
   facet normal 0 1 3.40208e-16
      outer loop
         vertex 0.0297543 0.004 0.0426495
         vertex 0.0298809 0.004 0.0425159
         vertex 0.01105 0.004 0.04205
      endloop
   endfacet
   facet normal 0 1 3.40208e-16
      outer loop
         vertex 0.0112338 0.004 0.04206
         vertex 0.0294707 0.004 0.0431208
         vertex 0.029548 0.004 0.0429538
      endloop
   endfacet
   facet normal 0 1 3.40208e-16
      outer loop
         vertex 0.0293525 0.004 0.0438421
         vertex 0.0293525 0.004 0.043658
         vertex 0.0112338 0.004 0.04206
      endloop
   endfacet
   facet normal 0 1 3.40208e-16
      outer loop
         vertex 0.0112338 0.004 0.04206
         vertex 0.0294707 0.004 0.0443793
         vertex 0.029412 0.004 0.0442048
      endloop
   endfacet
   facet normal 0 1 3.40208e-16
      outer loop
         vertex 0.0112338 0.004 0.04206
         vertex 0.0296429 0.004 0.0447041
         vertex 0.029548 0.004 0.0445463
      endloop
   endfacet
   facet normal 0 1 3.40208e-16
      outer loop
         vertex 0.00988091 0.004 0.0425159
         vertex 0.0100212 0.004 0.0423967
         vertex 0 0.004 0.041901
      endloop
   endfacet
   facet normal 0 1 3.40208e-16
      outer loop
         vertex 0.00954803 0.004 0.0429538
         vertex 0.00964293 0.004 0.042796
         vertex 0 0.004 0.041901
      endloop
   endfacet
   facet normal 0 1 3.40208e-16
      outer loop
         vertex 0.0105072 0.004 0.0453611
         vertex 0.0103362 0.004 0.0452929
         vertex 0 0.004 0.047
      endloop
   endfacet
   facet normal 0 1 3.40208e-16
      outer loop
         vertex 0.0117638 0.004 0.0452929
         vertex 0.0115928 0.004 0.0453611
         vertex 0.0348 0.004 0.047
      endloop
   endfacet
   facet normal 0 1 3.40208e-16
      outer loop
         vertex 0.0126293 0.004 0.0443793
         vertex 0.012552 0.004 0.0445463
         vertex 0.0303362 0.004 0.0452929
      endloop
   endfacet
   facet normal 0 1 3.40208e-16
      outer loop
         vertex 0.0300212 0.004 0.0451034
         vertex 0.0123457 0.004 0.0426495
         vertex 0.0124571 0.004 0.042796
      endloop
   endfacet
   facet normal 0 1 3.40208e-16
      outer loop
         vertex 0.0123457 0.004 0.0448506
         vertex 0.0306846 0.004 0.0454103
         vertex 0.0305072 0.004 0.0453611
      endloop
   endfacet
   facet normal 0 1 3.40208e-16
      outer loop
         vertex 0.0348 0.004 0.047
         vertex 0.0308662 0.004 0.0454401
         vertex 0.0306846 0.004 0.0454103
      endloop
   endfacet
   facet normal 0 1 3.40208e-16
      outer loop
         vertex 0.0300212 0.004 0.0451034
         vertex 0.0114154 0.004 0.0420898
         vertex 0.0115928 0.004 0.042139
      endloop
   endfacet
   facet normal 0 1 3.40208e-16
      outer loop
         vertex 0.0348 0.004 0.047
         vertex 0.0320788 0.004 0.0451034
         vertex 0.0319264 0.004 0.0452067
      endloop
   endfacet
   facet normal 0 1 3.40208e-16
      outer loop
         vertex 0.0348 0.004 0.047
         vertex 0.0323457 0.004 0.0448506
         vertex 0.0322191 0.004 0.0449842
      endloop
   endfacet
   facet normal 0 1 3.40208e-16
      outer loop
         vertex 0.0326293 0.004 0.0443793
         vertex 0.032552 0.004 0.0445463
         vertex 0.0348 0.004 0.047
      endloop
   endfacet
   facet normal 0 1 3.40208e-16
      outer loop
         vertex 0.0348 0.004 0.041901
         vertex 0.0323457 0.004 0.0426495
         vertex 0.0324571 0.004 0.042796
      endloop
   endfacet
   facet normal 0 1 3.40208e-16
      outer loop
         vertex 0 0.004 0.041901
         vertex 0.0303362 0.004 0.0422072
         vertex 0.0305072 0.004 0.042139
      endloop
   endfacet
   facet normal 0 1 3.40208e-16
      outer loop
         vertex 0.0298809 0.004 0.0425159
         vertex 0.0300212 0.004 0.0423967
         vertex 0.01105 0.004 0.04205
      endloop
   endfacet
   facet normal 0 1 3.40208e-16
      outer loop
         vertex 0.0112338 0.004 0.04206
         vertex 0.029412 0.004 0.0432952
         vertex 0.0294707 0.004 0.0431208
      endloop
   endfacet
   facet normal 0 1 3.40208e-16
      outer loop
         vertex 0.029412 0.004 0.0442048
         vertex 0.0293724 0.004 0.0440251
         vertex 0.0112338 0.004 0.04206
      endloop
   endfacet
   facet normal 0 1 3.40208e-16
      outer loop
         vertex 0.0112338 0.004 0.04206
         vertex 0.0297543 0.004 0.0448506
         vertex 0.0296429 0.004 0.0447041
      endloop
   endfacet
   facet normal 0 1 3.40208e-16
      outer loop
         vertex 0.00964293 0.004 0.042796
         vertex 0.00975432 0.004 0.0426495
         vertex 0 0.004 0.041901
      endloop
   endfacet
   facet normal 0 1 3.40208e-16
      outer loop
         vertex 0 0.004 0.047
         vertex 0.00975432 0.004 0.0448506
         vertex 0.00964293 0.004 0.0447041
      endloop
   endfacet
   facet normal 0 1 3.40208e-16
      outer loop
         vertex 0.0103362 0.004 0.0452929
         vertex 0.0101736 0.004 0.0452067
         vertex 0 0.004 0.047
      endloop
   endfacet
   facet normal 0 1 3.40208e-16
      outer loop
         vertex 0 0.004 0.047
         vertex 0.01105 0.004 0.04545
         vertex 0.0108662 0.004 0.0454401
      endloop
   endfacet
   facet normal 0 1 3.40208e-16
      outer loop
         vertex 0.0115928 0.004 0.0453611
         vertex 0.0114154 0.004 0.0454103
         vertex 0.0348 0.004 0.047
      endloop
   endfacet
   facet normal 0 1 3.40208e-16
      outer loop
         vertex 0.0124571 0.004 0.042796
         vertex 0.012552 0.004 0.0429538
         vertex 0.0300212 0.004 0.0451034
      endloop
   endfacet
   facet normal 0 1 3.40208e-16
      outer loop
         vertex 0.0306846 0.004 0.0454103
         vertex 0.0123457 0.004 0.0448506
         vertex 0.0348 0.004 0.047
      endloop
   endfacet
   facet normal 0 1 3.40208e-16
      outer loop
         vertex 0.0115928 0.004 0.042139
         vertex 0.0117638 0.004 0.0422072
         vertex 0.0300212 0.004 0.0451034
      endloop
   endfacet
   facet normal 0 1 3.40208e-16
      outer loop
         vertex 0.0322191 0.004 0.0449842
         vertex 0.0320788 0.004 0.0451034
         vertex 0.0348 0.004 0.047
      endloop
   endfacet
   facet normal 0 1 3.40208e-16
      outer loop
         vertex 0.0324571 0.004 0.042796
         vertex 0.032552 0.004 0.0429538
         vertex 0.0348 0.004 0.041901
      endloop
   endfacet
   facet normal 0 1 3.40208e-16
      outer loop
         vertex 0.0348 0.004 0.041901
         vertex 0.0320788 0.004 0.0423967
         vertex 0.0322191 0.004 0.0425159
      endloop
   endfacet
   facet normal 0 1 3.40208e-16
      outer loop
         vertex 0.0348 0.004 0.041901
         vertex 0.0317638 0.004 0.0422072
         vertex 0.0319264 0.004 0.0422934
      endloop
   endfacet
   facet normal 0 1 3.40208e-16
      outer loop
         vertex 0.0305072 0.004 0.042139
         vertex 0.0306846 0.004 0.0420898
         vertex 0 0.004 0.041901
      endloop
   endfacet
   facet normal 0 1 3.40208e-16
      outer loop
         vertex 0.029548 0.004 0.0429538
         vertex 0.0296429 0.004 0.042796
         vertex 0.01105 0.004 0.04205
      endloop
   endfacet
   facet normal 0 1 3.40208e-16
      outer loop
         vertex 0.029548 0.004 0.0445463
         vertex 0.0294707 0.004 0.0443793
         vertex 0.0112338 0.004 0.04206
      endloop
   endfacet
   facet normal 0 1 3.40208e-16
      outer loop
         vertex 0.0297543 0.004 0.0448506
         vertex 0.0112338 0.004 0.04206
         vertex 0.0114154 0.004 0.0420898
      endloop
   endfacet
   facet normal 0 1 3.40208e-16
      outer loop
         vertex 0 0.004 0.047
         vertex 0.00947074 0.004 0.0443793
         vertex 0.00941197 0.004 0.0442048
      endloop
   endfacet
   facet normal 0 1 3.40208e-16
      outer loop
         vertex 0.00964293 0.004 0.0447041
         vertex 0.00954803 0.004 0.0445463
         vertex 0 0.004 0.047
      endloop
   endfacet
   facet normal 0 1 3.40208e-16
      outer loop
         vertex 0 0.004 0.047
         vertex 0.0100212 0.004 0.0451034
         vertex 0.00988091 0.004 0.0449842
      endloop
   endfacet
   facet normal 0 1 3.40208e-16
      outer loop
         vertex 0.0108662 0.004 0.0454401
         vertex 0.0106846 0.004 0.0454103
         vertex 0 0.004 0.047
      endloop
   endfacet
   facet normal 0 1 3.40208e-16
      outer loop
         vertex 0.0348 0.004 0.047
         vertex 0.0112338 0.004 0.0454401
         vertex 0.01105 0.004 0.04545
      endloop
   endfacet
   facet normal 0 1 3.40208e-16
      outer loop
         vertex 0.0348 0.004 0.047
         vertex 0.0120788 0.004 0.0451034
         vertex 0.0119264 0.004 0.0452067
      endloop
   endfacet
   facet normal 0 1 3.40208e-16
      outer loop
         vertex 0.0305072 0.004 0.0453611
         vertex 0.0303362 0.004 0.0452929
         vertex 0.0123457 0.004 0.0448506
      endloop
   endfacet
   facet normal 0 1 3.40208e-16
      outer loop
         vertex 0.0300212 0.004 0.0451034
         vertex 0.0120788 0.004 0.0423967
         vertex 0.0122191 0.004 0.0425159
      endloop
   endfacet
   facet normal 0 1 3.40208e-16
      outer loop
         vertex 0.0117638 0.004 0.0422072
         vertex 0.0119264 0.004 0.0422934
         vertex 0.0300212 0.004 0.0451034
      endloop
   endfacet
   facet normal 0 1 3.40208e-16
      outer loop
         vertex 0.0348 0.004 0.047
         vertex 0.0314154 0.004 0.0454103
         vertex 0.0312338 0.004 0.0454401
      endloop
   endfacet
   facet normal 0 1 3.40208e-16
      outer loop
         vertex 0.0348 0.004 0.047
         vertex 0.0317638 0.004 0.0452929
         vertex 0.0315928 0.004 0.0453611
      endloop
   endfacet
   facet normal 0 1 3.40208e-16
      outer loop
         vertex 0.0324571 0.004 0.0447041
         vertex 0.0323457 0.004 0.0448506
         vertex 0.0348 0.004 0.047
      endloop
   endfacet
   facet normal 0 1 3.40208e-16
      outer loop
         vertex 0.0319264 0.004 0.0422934
         vertex 0.0320788 0.004 0.0423967
         vertex 0.0348 0.004 0.041901
      endloop
   endfacet
   facet normal 0 1 3.40208e-16
      outer loop
         vertex 0.0348 0.004 0.041901
         vertex 0.0314154 0.004 0.0420898
         vertex 0.0315928 0.004 0.042139
      endloop
   endfacet
   facet normal 0 1 3.40208e-16
      outer loop
         vertex 0.0348 0.004 0.041901
         vertex 0.03105 0.004 0.04205
         vertex 0.0312338 0.004 0.04206
      endloop
   endfacet
   facet normal 0 1 3.40208e-16
      outer loop
         vertex 0.0306846 0.004 0.0420898
         vertex 0.0308662 0.004 0.04206
         vertex 0 0.004 0.041901
      endloop
   endfacet
   facet normal 0 1 3.40208e-16
      outer loop
         vertex 0.0293724 0.004 0.043475
         vertex 0.029412 0.004 0.0432952
         vertex 0.0112338 0.004 0.04206
      endloop
   endfacet
   facet normal 0 1 3.40208e-16
      outer loop
         vertex 0.0114154 0.004 0.0420898
         vertex 0.0300212 0.004 0.0451034
         vertex 0.0298809 0.004 0.0449842
      endloop
   endfacet
   facet normal 0 1 3.40208e-16
      outer loop
         vertex 0.00954803 0.004 0.0445463
         vertex 0.00947074 0.004 0.0443793
         vertex 0 0.004 0.047
      endloop
   endfacet
   facet normal 0 1 3.40208e-16
      outer loop
         vertex 0.0101736 0.004 0.0452067
         vertex 0.0100212 0.004 0.0451034
         vertex 0 0.004 0.047
      endloop
   endfacet
   facet normal 0 1 3.40208e-16
      outer loop
         vertex 0.0114154 0.004 0.0454103
         vertex 0.0112338 0.004 0.0454401
         vertex 0.0348 0.004 0.047
      endloop
   endfacet
   facet normal 0 1 3.40208e-16
      outer loop
         vertex 0.0348 0.004 0.047
         vertex 0.0123457 0.004 0.0448506
         vertex 0.0122191 0.004 0.0449842
      endloop
   endfacet
   facet normal 0 1 3.40208e-16
      outer loop
         vertex 0.0348 0.004 0.047
         vertex 0.03105 0.004 0.04545
         vertex 0.0308662 0.004 0.0454401
      endloop
   endfacet
   facet normal 0 1 3.40208e-16
      outer loop
         vertex 0.0119264 0.004 0.0422934
         vertex 0.0120788 0.004 0.0423967
         vertex 0.0300212 0.004 0.0451034
      endloop
   endfacet
   facet normal 0 1 3.40208e-16
      outer loop
         vertex 0.0315928 0.004 0.0453611
         vertex 0.0314154 0.004 0.0454103
         vertex 0.0348 0.004 0.047
      endloop
   endfacet
   facet normal 0 1 3.40208e-16
      outer loop
         vertex 0.0322191 0.004 0.0425159
         vertex 0.0323457 0.004 0.0426495
         vertex 0.0348 0.004 0.041901
      endloop
   endfacet
   facet normal 0 1 3.40208e-16
      outer loop
         vertex 0.0312338 0.004 0.04206
         vertex 0.0314154 0.004 0.0420898
         vertex 0.0348 0.004 0.041901
      endloop
   endfacet
   facet normal 0 1 3.40208e-16
      outer loop
         vertex 0.0308662 0.004 0.04206
         vertex 0.03105 0.004 0.04205
         vertex 0 0.004 0.041901
      endloop
   endfacet
   facet normal 0 1 3.40208e-16
      outer loop
         vertex 0.0114154 0.004 0.0420898
         vertex 0.0298809 0.004 0.0449842
         vertex 0.0297543 0.004 0.0448506
      endloop
   endfacet
   facet normal 0 1 3.40208e-16
      outer loop
         vertex 0.00988091 0.004 0.0449842
         vertex 0.00975432 0.004 0.0448506
         vertex 0 0.004 0.047
      endloop
   endfacet
   facet normal 0 1 3.40208e-16
      outer loop
         vertex 0.0122191 0.004 0.0449842
         vertex 0.0120788 0.004 0.0451034
         vertex 0.0348 0.004 0.047
      endloop
   endfacet
   facet normal 0 1 3.40208e-16
      outer loop
         vertex 0.0122191 0.004 0.0425159
         vertex 0.0123457 0.004 0.0426495
         vertex 0.0300212 0.004 0.0451034
      endloop
   endfacet
   facet normal 0 1 3.40208e-16
      outer loop
         vertex 0.0319264 0.004 0.0452067
         vertex 0.0317638 0.004 0.0452929
         vertex 0.0348 0.004 0.047
      endloop
   endfacet
   facet normal 0 1 3.40208e-16
      outer loop
         vertex 0.03105 0.004 0.04205
         vertex 0.0348 0.004 0.041901
         vertex 0 0.004 0.041901
      endloop
   endfacet
   facet normal 0 1 3.40208e-16
      outer loop
         vertex 0.0101736 0.004 0.0422934
         vertex 0.0103362 0.004 0.0422072
         vertex 0 0.004 0.041901
      endloop
   endfacet
   facet normal 0 1 3.40208e-16
      outer loop
         vertex 0.0124571 0.004 0.0447041
         vertex 0.0123457 0.004 0.0448506
         vertex 0.0303362 0.004 0.0452929
      endloop
   endfacet
   facet normal 0 1 3.40208e-16
      outer loop
         vertex 0.0315928 0.004 0.042139
         vertex 0.0317638 0.004 0.0422072
         vertex 0.0348 0.004 0.041901
      endloop
   endfacet
   facet normal 0 1 3.40208e-16
      outer loop
         vertex 0.01105 0.004 0.04545
         vertex 0 0.004 0.047
         vertex 0.0348 0.004 0.047
      endloop
   endfacet
   facet normal 0 1 3.40208e-16
      outer loop
         vertex 0.01105 0.004 0.04205
         vertex 0.0301736 0.004 0.0422934
         vertex 0.0303362 0.004 0.0422072
      endloop
   endfacet
   facet normal 0 1 3.40208e-16
      outer loop
         vertex 0.0312338 0.004 0.0454401
         vertex 0.03105 0.004 0.04545
         vertex 0.0348 0.004 0.047
      endloop
   endfacet
   facet normal 0 0.707107 0.707107
      outer loop
         vertex 0.0348 0.00550091 0.0404001
         vertex 0 0.00550091 0.0404001
         vertex 0 0.004 0.041901
      endloop
   endfacet
   facet normal 0 0.707107 0.707107
      outer loop
         vertex 0 0.004 0.041901
         vertex 0.0348 0.004 0.041901
         vertex 0.0348 0.00550091 0.0404001
      endloop
   endfacet
   facet normal 0 0 1
      outer loop
         vertex 0.0348 0.0399998 0.0404001
         vertex 0 0.0399998 0.0404001
         vertex 0 0.00550091 0.0404001
      endloop
   endfacet
   facet normal 0 0 1
      outer loop
         vertex 0 0.00550091 0.0404001
         vertex 0.0348 0.00550091 0.0404001
         vertex 0.0348 0.0399998 0.0404001
      endloop
   endfacet
   facet normal 0 -0.707107 0.707107
      outer loop
         vertex 0.0348 0.0415 0.0419003
         vertex 0 0.0415 0.0419003
         vertex 0 0.0399998 0.0404001
      endloop
   endfacet
   facet normal 0 -0.707107 0.707107
      outer loop
         vertex 0 0.0399998 0.0404001
         vertex 0.0348 0.0399998 0.0404001
         vertex 0.0348 0.0415 0.0419003
      endloop
   endfacet
   facet normal 1 0 0
      outer loop
         vertex 0.0348 0 0.0475001
         vertex 0.0348 0.004 0.041901
         vertex 0.0348 0.004 0.047
      endloop
   endfacet
   facet normal 1 0 0
      outer loop
         vertex 0.0348 0 0.0475001
         vertex 0.0348 -1.73472e-18 0.0365001
         vertex 0.0348 0.004 0.041901
      endloop
   endfacet
   facet normal 1 0 0
      outer loop
         vertex 0.0348 0.0399998 0.0404001
         vertex 0.0348 0.00550091 0.0404001
         vertex 0.0348 0.0112237 0.0365001
      endloop
   endfacet
   facet normal 1 0 0
      outer loop
         vertex 0.0348 0.0415 0.0419003
         vertex 0.0348 0.0455 0.0475001
         vertex 0.0348 0.0420022 0.0475001
      endloop
   endfacet
   facet normal 1 0 0
      outer loop
         vertex 0.0348 -1.73472e-18 0.0365001
         vertex 0.0348 0.00550091 0.0404001
         vertex 0.0348 0.004 0.041901
      endloop
   endfacet
   facet normal 1 0 0
      outer loop
         vertex 0.0348 0.00550091 0.0404001
         vertex 0.0348 -1.73472e-18 0.0365001
         vertex 0.0348 0.0112237 0.0365001
      endloop
   endfacet
   facet normal 1 0 0
      outer loop
         vertex 0.0348 0.0420022 0.0475001
         vertex 0.0348 0.0415 0.0469979
         vertex 0.0348 0.0415 0.0419003
      endloop
   endfacet
   facet normal 1 0 0
      outer loop
         vertex 0.0348 0.0112237 0.0365001
         vertex 0.0348 0.0455 0.0364999
         vertex 0.0348 0.0399998 0.0404001
      endloop
   endfacet
   facet normal 1 0 0
      outer loop
         vertex 0.0348 0.0415 0.0419003
         vertex 0.0348 0.0455 0.0364999
         vertex 0.0348 0.0455 0.0475001
      endloop
   endfacet
   facet normal 1 0 0
      outer loop
         vertex 0.0348 0.0415 0.0419003
         vertex 0.0348 0.0399998 0.0404001
         vertex 0.0348 0.0455 0.0364999
      endloop
   endfacet
   facet normal 1 0 0
      outer loop
         vertex 0.0348 0.004 0.047
         vertex 0.0348 0.00349992 0.0475001
         vertex 0.0348 0 0.0475001
      endloop
   endfacet
   facet normal 0 0 1
      outer loop
         vertex 0.0348 0.0455 0.0475001
         vertex 0 0.0455 0.0475001
         vertex 0 0.0420022 0.0475001
      endloop
   endfacet
   facet normal 0 0 1
      outer loop
         vertex 0 0.0420022 0.0475001
         vertex 0.0348 0.0420022 0.0475001
         vertex 0.0348 0.0455 0.0475001
      endloop
   endfacet
   facet normal 0 -0.707107 0.707107
      outer loop
         vertex 0.0348 0.0420022 0.0475001
         vertex 0 0.0420022 0.0475001
         vertex 0 0.0415 0.0469979
      endloop
   endfacet
   facet normal 0 -0.707107 0.707107
      outer loop
         vertex 0 0.0415 0.0469979
         vertex 0.0348 0.0415 0.0469979
         vertex 0.0348 0.0420022 0.0475001
      endloop
   endfacet
   facet normal 0 -1 0
      outer loop
         vertex 0 0.0415 0.0419003
         vertex 0.00937239 0.0415 0.043475
         vertex 0.00935249 0.0415 0.043658
      endloop
   endfacet
   facet normal 0 -1 0
      outer loop
         vertex 0 0.0415 0.0469979
         vertex 0.0103362 0.0415 0.0452929
         vertex 0.0105072 0.0415 0.0453611
      endloop
   endfacet
   facet normal 0 -1 0
      outer loop
         vertex 0 0.0415 0.0419003
         vertex 0.00941197 0.0415 0.0432952
         vertex 0.00937239 0.0415 0.043475
      endloop
   endfacet
   facet normal 0 -1 0
      outer loop
         vertex 0 0.0415 0.0469979
         vertex 0.0101736 0.0415 0.0452067
         vertex 0.0103362 0.0415 0.0452929
      endloop
   endfacet
   facet normal 0 -1 0
      outer loop
         vertex 0 0.0415 0.0469979
         vertex 0 0.0415 0.0419003
         vertex 0.00935249 0.0415 0.0438421
      endloop
   endfacet
   facet normal 0 -1 0
      outer loop
         vertex 0 0.0415 0.0419003
         vertex 0.00947074 0.0415 0.0431208
         vertex 0.00941197 0.0415 0.0432952
      endloop
   endfacet
   facet normal 0 -1 0
      outer loop
         vertex 0 0.0415 0.0419003
         vertex 0.00964293 0.0415 0.042796
         vertex 0.00954803 0.0415 0.0429538
      endloop
   endfacet
   facet normal 0 -1 0
      outer loop
         vertex 0 0.0415 0.0469979
         vertex 0.01105 0.0415 0.04545
         vertex 0.0112338 0.0415 0.0454401
      endloop
   endfacet
   facet normal 0 -1 0
      outer loop
         vertex 0.0105072 0.0415 0.0453611
         vertex 0.0106846 0.0415 0.0454103
         vertex 0 0.0415 0.0469979
      endloop
   endfacet
   facet normal 0 -1 0
      outer loop
         vertex 0.00935249 0.0415 0.0438421
         vertex 0.00937239 0.0415 0.0440251
         vertex 0 0.0415 0.0469979
      endloop
   endfacet
   facet normal 0 -1 0
      outer loop
         vertex 0.00954803 0.0415 0.0429538
         vertex 0.00947074 0.0415 0.0431208
         vertex 0 0.0415 0.0419003
      endloop
   endfacet
   facet normal 0 -1 0
      outer loop
         vertex 0.0112338 0.0415 0.0454401
         vertex 0.0293724 0.0415 0.0440251
         vertex 0 0.0415 0.0469979
      endloop
   endfacet
   facet normal 0 -1 0
      outer loop
         vertex 0 0.0415 0.0469979
         vertex 0.0100212 0.0415 0.0451034
         vertex 0.0101736 0.0415 0.0452067
      endloop
   endfacet
   facet normal 0 -1 0
      outer loop
         vertex 0.00935249 0.0415 0.043658
         vertex 0.00935249 0.0415 0.0438421
         vertex 0 0.0415 0.0419003
      endloop
   endfacet
   facet normal 0 -1 0
      outer loop
         vertex 0 0.0415 0.0419003
         vertex 0.0100212 0.0415 0.0423967
         vertex 0.00988091 0.0415 0.0425159
      endloop
   endfacet
   facet normal 0 -1 0
      outer loop
         vertex 0 0.0415 0.0419003
         vertex 0.0103362 0.0415 0.0422072
         vertex 0.0101736 0.0415 0.0422934
      endloop
   endfacet
   facet normal 0 -1 0
      outer loop
         vertex 0.0348 0.0415 0.0419003
         vertex 0.0327276 0.0415 0.043475
         vertex 0.032688 0.0415 0.0432952
      endloop
   endfacet
   facet normal 0 -1 0
      outer loop
         vertex 0.0112338 0.0415 0.0454401
         vertex 0.0293525 0.0415 0.043658
         vertex 0.0293525 0.0415 0.0438421
      endloop
   endfacet
   facet normal 0 -1 0
      outer loop
         vertex 0.0106846 0.0415 0.0454103
         vertex 0.0108662 0.0415 0.0454401
         vertex 0 0.0415 0.0469979
      endloop
   endfacet
   facet normal 0 -1 0
      outer loop
         vertex 0 0.0415 0.0419003
         vertex 0.00975432 0.0415 0.0426495
         vertex 0.00964293 0.0415 0.042796
      endloop
   endfacet
   facet normal 0 -1 0
      outer loop
         vertex 0.0101736 0.0415 0.0422934
         vertex 0.0100212 0.0415 0.0423967
         vertex 0 0.0415 0.0419003
      endloop
   endfacet
   facet normal 0 -1 0
      outer loop
         vertex 0.032688 0.0415 0.0432952
         vertex 0.0326293 0.0415 0.0431208
         vertex 0.0348 0.0415 0.0419003
      endloop
   endfacet
   facet normal 0 -1 0
      outer loop
         vertex 0.0348 0.0415 0.0469979
         vertex 0.0326293 0.0415 0.0443793
         vertex 0.032688 0.0415 0.0442048
      endloop
   endfacet
   facet normal 0 -1 0
      outer loop
         vertex 0.0108662 0.0415 0.0454401
         vertex 0.01105 0.0415 0.04545
         vertex 0 0.0415 0.0469979
      endloop
   endfacet
   facet normal 0 -1 0
      outer loop
         vertex 0 0.0415 0.0469979
         vertex 0.00975432 0.0415 0.0448506
         vertex 0.00988091 0.0415 0.0449842
      endloop
   endfacet
   facet normal 0 -1 0
      outer loop
         vertex 0 0.0415 0.0469979
         vertex 0.00954803 0.0415 0.0445463
         vertex 0.00964293 0.0415 0.0447041
      endloop
   endfacet
   facet normal 0 -1 0
      outer loop
         vertex 0.00988091 0.0415 0.0425159
         vertex 0.00975432 0.0415 0.0426495
         vertex 0 0.0415 0.0419003
      endloop
   endfacet
   facet normal 0 -1 0
      outer loop
         vertex 0.0308662 0.0415 0.04206
         vertex 0.0127475 0.0415 0.0438421
         vertex 0.0127475 0.0415 0.043658
      endloop
   endfacet
   facet normal 0 -1 0
      outer loop
         vertex 0.0348 0.0415 0.0419003
         vertex 0.0327475 0.0415 0.043658
         vertex 0.0327276 0.0415 0.043475
      endloop
   endfacet
   facet normal 0 -1 0
      outer loop
         vertex 0.0348 0.0415 0.0469979
         vertex 0.0327276 0.0415 0.0440251
         vertex 0.0327475 0.0415 0.0438421
      endloop
   endfacet
   facet normal 0 -1 0
      outer loop
         vertex 0.0348 0.0415 0.0469979
         vertex 0.032552 0.0415 0.0445463
         vertex 0.0326293 0.0415 0.0443793
      endloop
   endfacet
   facet normal 0 -1 0
      outer loop
         vertex 0.00988091 0.0415 0.0449842
         vertex 0.0100212 0.0415 0.0451034
         vertex 0 0.0415 0.0469979
      endloop
   endfacet
   facet normal 0 -1 0
      outer loop
         vertex 0.0112338 0.0415 0.0454401
         vertex 0.029412 0.0415 0.0432952
         vertex 0.0293724 0.0415 0.043475
      endloop
   endfacet
   facet normal 0 -1 0
      outer loop
         vertex 0 0.0415 0.0469979
         vertex 0.00947074 0.0415 0.0443793
         vertex 0.00954803 0.0415 0.0445463
      endloop
   endfacet
   facet normal 0 -1 0
      outer loop
         vertex 0.00937239 0.0415 0.0440251
         vertex 0.00941197 0.0415 0.0442048
         vertex 0 0.0415 0.0469979
      endloop
   endfacet
   facet normal 0 -1 0
      outer loop
         vertex 0.0308662 0.0415 0.04206
         vertex 0.0127276 0.0415 0.043475
         vertex 0.012688 0.0415 0.0432952
      endloop
   endfacet
   facet normal 0 -1 0
      outer loop
         vertex 0.0308662 0.0415 0.04206
         vertex 0.0127276 0.0415 0.0440251
         vertex 0.0127475 0.0415 0.0438421
      endloop
   endfacet
   facet normal 0 -1 0
      outer loop
         vertex 0.0348 0.0415 0.0419003
         vertex 0.0327475 0.0415 0.0438421
         vertex 0.0327475 0.0415 0.043658
      endloop
   endfacet
   facet normal 0 -1 0
      outer loop
         vertex 0.032688 0.0415 0.0442048
         vertex 0.0327276 0.0415 0.0440251
         vertex 0.0348 0.0415 0.0469979
      endloop
   endfacet
   facet normal 0 -1 0
      outer loop
         vertex 0.0293724 0.0415 0.043475
         vertex 0.0293525 0.0415 0.043658
         vertex 0.0112338 0.0415 0.0454401
      endloop
   endfacet
   facet normal 0 -1 0
      outer loop
         vertex 0.00941197 0.0415 0.0442048
         vertex 0.00947074 0.0415 0.0443793
         vertex 0 0.0415 0.0469979
      endloop
   endfacet
   facet normal 0 -1 0
      outer loop
         vertex 0.0127475 0.0415 0.043658
         vertex 0.0127276 0.0415 0.043475
         vertex 0.0308662 0.0415 0.04206
      endloop
   endfacet
   facet normal 0 -1 0
      outer loop
         vertex 0.0348 0.0415 0.0419003
         vertex 0.032552 0.0415 0.0429538
         vertex 0.0324571 0.0415 0.042796
      endloop
   endfacet
   facet normal 0 -1 0
      outer loop
         vertex 0.0327475 0.0415 0.0438421
         vertex 0.0348 0.0415 0.0419003
         vertex 0.0348 0.0415 0.0469979
      endloop
   endfacet
   facet normal 0 -1 0
      outer loop
         vertex 0 0.0415 0.0469979
         vertex 0.0294707 0.0415 0.0443793
         vertex 0.029548 0.0415 0.0445463
      endloop
   endfacet
   facet normal 0 -1 0
      outer loop
         vertex 0 0.0415 0.0469979
         vertex 0.0293724 0.0415 0.0440251
         vertex 0.029412 0.0415 0.0442048
      endloop
   endfacet
   facet normal 0 -1 0
      outer loop
         vertex 0.00964293 0.0415 0.0447041
         vertex 0.00975432 0.0415 0.0448506
         vertex 0 0.0415 0.0469979
      endloop
   endfacet
   facet normal 0 -1 0
      outer loop
         vertex 0.0296429 0.0415 0.042796
         vertex 0.0112338 0.0415 0.0454401
         vertex 0.0114154 0.0415 0.0454103
      endloop
   endfacet
   facet normal 0 -1 0
      outer loop
         vertex 0.0308662 0.0415 0.04206
         vertex 0.012688 0.0415 0.0442048
         vertex 0.0127276 0.0415 0.0440251
      endloop
   endfacet
   facet normal 0 -1 0
      outer loop
         vertex 0.0348 0.0415 0.0419003
         vertex 0.0320788 0.0415 0.0423967
         vertex 0.0319264 0.0415 0.0422934
      endloop
   endfacet
   facet normal 0 -1 0
      outer loop
         vertex 0.0348 0.0415 0.0419003
         vertex 0.0323457 0.0415 0.0426495
         vertex 0.0322191 0.0415 0.0425159
      endloop
   endfacet
   facet normal 0 -1 0
      outer loop
         vertex 0.0326293 0.0415 0.0431208
         vertex 0.032552 0.0415 0.0429538
         vertex 0.0348 0.0415 0.0419003
      endloop
   endfacet
   facet normal 0 -1 0
      outer loop
         vertex 0.0348 0.0415 0.0469979
         vertex 0.0323457 0.0415 0.0448506
         vertex 0.0324571 0.0415 0.0447041
      endloop
   endfacet
   facet normal 0 -1 0
      outer loop
         vertex 0 0.0415 0.0469979
         vertex 0.0303362 0.0415 0.0452929
         vertex 0.0305072 0.0415 0.0453611
      endloop
   endfacet
   facet normal 0 -1 0
      outer loop
         vertex 0.029548 0.0415 0.0445463
         vertex 0.0296429 0.0415 0.0447041
         vertex 0 0.0415 0.0469979
      endloop
   endfacet
   facet normal 0 -1 0
      outer loop
         vertex 0.0112338 0.0415 0.0454401
         vertex 0.0293525 0.0415 0.0438421
         vertex 0.0293724 0.0415 0.0440251
      endloop
   endfacet
   facet normal 0 -1 0
      outer loop
         vertex 0.0112338 0.0415 0.0454401
         vertex 0.0296429 0.0415 0.042796
         vertex 0.029548 0.0415 0.0429538
      endloop
   endfacet
   facet normal 0 -1 0
      outer loop
         vertex 0.0114154 0.0415 0.0454103
         vertex 0.0298809 0.0415 0.0425159
         vertex 0.0297543 0.0415 0.0426495
      endloop
   endfacet
   facet normal 0 -1 0
      outer loop
         vertex 0.0348 0.0415 0.0419003
         vertex 0.0117638 0.0415 0.0422072
         vertex 0.0115928 0.0415 0.042139
      endloop
   endfacet
   facet normal 0 -1 0
      outer loop
         vertex 0.012552 0.0415 0.0429538
         vertex 0.03105 0.0415 0.04205
         vertex 0.0308662 0.0415 0.04206
      endloop
   endfacet
   facet normal 0 -1 0
      outer loop
         vertex 0.0308662 0.0415 0.04206
         vertex 0.0126293 0.0415 0.0443793
         vertex 0.012688 0.0415 0.0442048
      endloop
   endfacet
   facet normal 0 -1 0
      outer loop
         vertex 0.0322191 0.0415 0.0425159
         vertex 0.0320788 0.0415 0.0423967
         vertex 0.0348 0.0415 0.0419003
      endloop
   endfacet
   facet normal 0 -1 0
      outer loop
         vertex 0.0324571 0.0415 0.0447041
         vertex 0.032552 0.0415 0.0445463
         vertex 0.0348 0.0415 0.0469979
      endloop
   endfacet
   facet normal 0 -1 0
      outer loop
         vertex 0.0348 0.0415 0.0469979
         vertex 0.0320788 0.0415 0.0451034
         vertex 0.0322191 0.0415 0.0449842
      endloop
   endfacet
   facet normal 0 -1 0
      outer loop
         vertex 0.0348 0.0415 0.0469979
         vertex 0.0317638 0.0415 0.0452929
         vertex 0.0319264 0.0415 0.0452067
      endloop
   endfacet
   facet normal 0 -1 0
      outer loop
         vertex 0.0348 0.0415 0.0469979
         vertex 0.0314154 0.0415 0.0454103
         vertex 0.0315928 0.0415 0.0453611
      endloop
   endfacet
   facet normal 0 -1 0
      outer loop
         vertex 0.0348 0.0415 0.0469979
         vertex 0.03105 0.0415 0.04545
         vertex 0.0312338 0.0415 0.0454401
      endloop
   endfacet
   facet normal 0 -1 0
      outer loop
         vertex 0.0305072 0.0415 0.0453611
         vertex 0.0348 0.0415 0.0469979
         vertex 0 0.0415 0.0469979
      endloop
   endfacet
   facet normal 0 -1 0
      outer loop
         vertex 0.029412 0.0415 0.0442048
         vertex 0.0294707 0.0415 0.0443793
         vertex 0 0.0415 0.0469979
      endloop
   endfacet
   facet normal 0 -1 0
      outer loop
         vertex 0.029548 0.0415 0.0429538
         vertex 0.0294707 0.0415 0.0431208
         vertex 0.0112338 0.0415 0.0454401
      endloop
   endfacet
   facet normal 0 -1 0
      outer loop
         vertex 0.0114154 0.0415 0.0454103
         vertex 0.0300212 0.0415 0.0423967
         vertex 0.0298809 0.0415 0.0425159
      endloop
   endfacet
   facet normal 0 -1 0
      outer loop
         vertex 0.0114154 0.0415 0.0454103
         vertex 0.0303362 0.0415 0.0422072
         vertex 0.0301736 0.0415 0.0422934
      endloop
   endfacet
   facet normal 0 -1 0
      outer loop
         vertex 0.0115928 0.0415 0.042139
         vertex 0.0114154 0.0415 0.0420898
         vertex 0.0348 0.0415 0.0419003
      endloop
   endfacet
   facet normal 0 -1 0
      outer loop
         vertex 0.0348 0.0415 0.0419003
         vertex 0.0120788 0.0415 0.0423967
         vertex 0.0119264 0.0415 0.0422934
      endloop
   endfacet
   facet normal 0 -1 0
      outer loop
         vertex 0.0123457 0.0415 0.0426495
         vertex 0.0348 0.0415 0.0419003
         vertex 0.03105 0.0415 0.04205
      endloop
   endfacet
   facet normal 0 -1 0
      outer loop
         vertex 0.012688 0.0415 0.0432952
         vertex 0.0126293 0.0415 0.0431208
         vertex 0.0308662 0.0415 0.04206
      endloop
   endfacet
   facet normal 0 -1 0
      outer loop
         vertex 0.0348 0.0415 0.0419003
         vertex 0.0314154 0.0415 0.0420898
         vertex 0.0312338 0.0415 0.04206
      endloop
   endfacet
   facet normal 0 -1 0
      outer loop
         vertex 0.0348 0.0415 0.0419003
         vertex 0.0317638 0.0415 0.0422072
         vertex 0.0315928 0.0415 0.042139
      endloop
   endfacet
   facet normal 0 -1 0
      outer loop
         vertex 0.0324571 0.0415 0.042796
         vertex 0.0323457 0.0415 0.0426495
         vertex 0.0348 0.0415 0.0419003
      endloop
   endfacet
   facet normal 0 -1 0
      outer loop
         vertex 0.0319264 0.0415 0.0452067
         vertex 0.0320788 0.0415 0.0451034
         vertex 0.0348 0.0415 0.0469979
      endloop
   endfacet
   facet normal 0 -1 0
      outer loop
         vertex 0.0312338 0.0415 0.0454401
         vertex 0.0314154 0.0415 0.0454103
         vertex 0.0348 0.0415 0.0469979
      endloop
   endfacet
   facet normal 0 -1 0
      outer loop
         vertex 0.0305072 0.0415 0.0453611
         vertex 0.0306846 0.0415 0.0454103
         vertex 0.0348 0.0415 0.0469979
      endloop
   endfacet
   facet normal 0 -1 0
      outer loop
         vertex 0 0.0415 0.0469979
         vertex 0.0300212 0.0415 0.0451034
         vertex 0.0301736 0.0415 0.0452067
      endloop
   endfacet
   facet normal 0 -1 0
      outer loop
         vertex 0.0294707 0.0415 0.0431208
         vertex 0.029412 0.0415 0.0432952
         vertex 0.0112338 0.0415 0.0454401
      endloop
   endfacet
   facet normal 0 -1 0
      outer loop
         vertex 0.0301736 0.0415 0.0422934
         vertex 0.0300212 0.0415 0.0423967
         vertex 0.0114154 0.0415 0.0454103
      endloop
   endfacet
   facet normal 0 -1 0
      outer loop
         vertex 0 0.0415 0.0419003
         vertex 0.0108662 0.0415 0.04206
         vertex 0.0106846 0.0415 0.0420898
      endloop
   endfacet
   facet normal 0 -1 0
      outer loop
         vertex 0.0348 0.0415 0.0419003
         vertex 0.0112338 0.0415 0.04206
         vertex 0.01105 0.0415 0.04205
      endloop
   endfacet
   facet normal 0 -1 0
      outer loop
         vertex 0.0119264 0.0415 0.0422934
         vertex 0.0117638 0.0415 0.0422072
         vertex 0.0348 0.0415 0.0419003
      endloop
   endfacet
   facet normal 0 -1 0
      outer loop
         vertex 0.03105 0.0415 0.04205
         vertex 0.012552 0.0415 0.0429538
         vertex 0.0124571 0.0415 0.042796
      endloop
   endfacet
   facet normal 0 -1 0
      outer loop
         vertex 0.0308662 0.0415 0.04206
         vertex 0.012552 0.0415 0.0445463
         vertex 0.0126293 0.0415 0.0443793
      endloop
   endfacet
   facet normal 0 -1 0
      outer loop
         vertex 0.0123457 0.0415 0.0448506
         vertex 0.0308662 0.0415 0.04206
         vertex 0.0306846 0.0415 0.0420898
      endloop
   endfacet
   facet normal 0 -1 0
      outer loop
         vertex 0.0303362 0.0415 0.0422072
         vertex 0.0114154 0.0415 0.0454103
         vertex 0.0115928 0.0415 0.0453611
      endloop
   endfacet
   facet normal 0 -1 0
      outer loop
         vertex 0.0315928 0.0415 0.042139
         vertex 0.0314154 0.0415 0.0420898
         vertex 0.0348 0.0415 0.0419003
      endloop
   endfacet
   facet normal 0 -1 0
      outer loop
         vertex 0.0322191 0.0415 0.0449842
         vertex 0.0323457 0.0415 0.0448506
         vertex 0.0348 0.0415 0.0469979
      endloop
   endfacet
   facet normal 0 -1 0
      outer loop
         vertex 0.0348 0.0415 0.0469979
         vertex 0.0308662 0.0415 0.0454401
         vertex 0.03105 0.0415 0.04545
      endloop
   endfacet
   facet normal 0 -1 0
      outer loop
         vertex 0.0301736 0.0415 0.0452067
         vertex 0.0303362 0.0415 0.0452929
         vertex 0 0.0415 0.0469979
      endloop
   endfacet
   facet normal 0 -1 0
      outer loop
         vertex 0 0.0415 0.0469979
         vertex 0.0297543 0.0415 0.0448506
         vertex 0.0298809 0.0415 0.0449842
      endloop
   endfacet
   facet normal 0 -1 0
      outer loop
         vertex 0.0114154 0.0415 0.0454103
         vertex 0.0297543 0.0415 0.0426495
         vertex 0.0296429 0.0415 0.042796
      endloop
   endfacet
   facet normal 0 -1 0
      outer loop
         vertex 0 0.0415 0.0419003
         vertex 0.01105 0.0415 0.04205
         vertex 0.0108662 0.0415 0.04206
      endloop
   endfacet
   facet normal 0 -1 0
      outer loop
         vertex 0.0114154 0.0415 0.0420898
         vertex 0.0112338 0.0415 0.04206
         vertex 0.0348 0.0415 0.0419003
      endloop
   endfacet
   facet normal 0 -1 0
      outer loop
         vertex 0.0348 0.0415 0.0419003
         vertex 0.0123457 0.0415 0.0426495
         vertex 0.0122191 0.0415 0.0425159
      endloop
   endfacet
   facet normal 0 -1 0
      outer loop
         vertex 0.0308662 0.0415 0.04206
         vertex 0.0126293 0.0415 0.0431208
         vertex 0.012552 0.0415 0.0429538
      endloop
   endfacet
   facet normal 0 -1 0
      outer loop
         vertex 0.0308662 0.0415 0.04206
         vertex 0.0123457 0.0415 0.0448506
         vertex 0.0124571 0.0415 0.0447041
      endloop
   endfacet
   facet normal 0 -1 0
      outer loop
         vertex 0.0120788 0.0415 0.0451034
         vertex 0.0306846 0.0415 0.0420898
         vertex 0.0305072 0.0415 0.042139
      endloop
   endfacet
   facet normal 0 -1 0
      outer loop
         vertex 0.0306846 0.0415 0.0420898
         vertex 0.0120788 0.0415 0.0451034
         vertex 0.0122191 0.0415 0.0449842
      endloop
   endfacet
   facet normal 0 -1 0
      outer loop
         vertex 0.0115928 0.0415 0.0453611
         vertex 0.0117638 0.0415 0.0452929
         vertex 0.0303362 0.0415 0.0422072
      endloop
   endfacet
   facet normal 0 -1 0
      outer loop
         vertex 0.0319264 0.0415 0.0422934
         vertex 0.0317638 0.0415 0.0422072
         vertex 0.0348 0.0415 0.0419003
      endloop
   endfacet
   facet normal 0 -1 0
      outer loop
         vertex 0.0306846 0.0415 0.0454103
         vertex 0.0308662 0.0415 0.0454401
         vertex 0.0348 0.0415 0.0469979
      endloop
   endfacet
   facet normal 0 -1 0
      outer loop
         vertex 0.0296429 0.0415 0.0447041
         vertex 0.0297543 0.0415 0.0448506
         vertex 0 0.0415 0.0469979
      endloop
   endfacet
   facet normal 0 -1 0
      outer loop
         vertex 0.0106846 0.0415 0.0420898
         vertex 0.0105072 0.0415 0.042139
         vertex 0 0.0415 0.0419003
      endloop
   endfacet
   facet normal 0 -1 0
      outer loop
         vertex 0.0122191 0.0415 0.0425159
         vertex 0.0120788 0.0415 0.0423967
         vertex 0.0348 0.0415 0.0419003
      endloop
   endfacet
   facet normal 0 -1 0
      outer loop
         vertex 0.0124571 0.0415 0.0447041
         vertex 0.012552 0.0415 0.0445463
         vertex 0.0308662 0.0415 0.04206
      endloop
   endfacet
   facet normal 0 -1 0
      outer loop
         vertex 0.0306846 0.0415 0.0420898
         vertex 0.0122191 0.0415 0.0449842
         vertex 0.0123457 0.0415 0.0448506
      endloop
   endfacet
   facet normal 0 -1 0
      outer loop
         vertex 0.0117638 0.0415 0.0452929
         vertex 0.0119264 0.0415 0.0452067
         vertex 0.0303362 0.0415 0.0422072
      endloop
   endfacet
   facet normal 0 -1 0
      outer loop
         vertex 0.0315928 0.0415 0.0453611
         vertex 0.0317638 0.0415 0.0452929
         vertex 0.0348 0.0415 0.0469979
      endloop
   endfacet
   facet normal 0 -1 0
      outer loop
         vertex 0.0105072 0.0415 0.042139
         vertex 0.0103362 0.0415 0.0422072
         vertex 0 0.0415 0.0419003
      endloop
   endfacet
   facet normal 0 -1 0
      outer loop
         vertex 0.03105 0.0415 0.04205
         vertex 0.0124571 0.0415 0.042796
         vertex 0.0123457 0.0415 0.0426495
      endloop
   endfacet
   facet normal 0 -1 0
      outer loop
         vertex 0.0119264 0.0415 0.0452067
         vertex 0.0120788 0.0415 0.0451034
         vertex 0.0303362 0.0415 0.0422072
      endloop
   endfacet
   facet normal 0 -1 0
      outer loop
         vertex 0.0298809 0.0415 0.0449842
         vertex 0.0300212 0.0415 0.0451034
         vertex 0 0.0415 0.0469979
      endloop
   endfacet
   facet normal 0 -1 0
      outer loop
         vertex 0.0305072 0.0415 0.042139
         vertex 0.0303362 0.0415 0.0422072
         vertex 0.0120788 0.0415 0.0451034
      endloop
   endfacet
   facet normal 0 -1 0
      outer loop
         vertex 0.01105 0.0415 0.04205
         vertex 0 0.0415 0.0419003
         vertex 0.0348 0.0415 0.0419003
      endloop
   endfacet
   facet normal 0 -1 0
      outer loop
         vertex 0.0312338 0.0415 0.04206
         vertex 0.03105 0.0415 0.04205
         vertex 0.0348 0.0415 0.0419003
      endloop
   endfacet
   facet normal 0.108119 0 0.994138
      outer loop
         vertex 0.0108662 0.0415 0.04206
         vertex 0.01105 0.0415 0.04205
         vertex 0.01105 0.0455 0.04205
      endloop
   endfacet
   facet normal 0.21497 0 0.976621
      outer loop
         vertex 0.0106846 0.0415 0.0420898
         vertex 0.0108662 0.0415 0.04206
         vertex 0.0108662 0.0455 0.04206
      endloop
   endfacet
   facet normal 0.319302 0 0.947653
      outer loop
         vertex 0.0105072 0.0415 0.042139
         vertex 0.0106846 0.0415 0.0420898
         vertex 0.0106846 0.0455 0.0420898
      endloop
   endfacet
   facet normal 0.419889 0 0.907575
      outer loop
         vertex 0.0103362 0.0415 0.0422072
         vertex 0.0105072 0.0415 0.042139
         vertex 0.0105072 0.0455 0.042139
      endloop
   endfacet
   facet normal 0.515554 0 0.856857
      outer loop
         vertex 0.0101736 0.0415 0.0422934
         vertex 0.0103362 0.0415 0.0422072
         vertex 0.0103362 0.0455 0.0422072
      endloop
   endfacet
   facet normal 0.605174 0 0.796093
      outer loop
         vertex 0.0100212 0.0415 0.0423967
         vertex 0.0101736 0.0415 0.0422934
         vertex 0.0101736 0.0455 0.0422934
      endloop
   endfacet
   facet normal 0.687699 0 0.725995
      outer loop
         vertex 0.00988091 0.0415 0.0425159
         vertex 0.0100212 0.0415 0.0423967
         vertex 0.0100212 0.0455 0.0423967
      endloop
   endfacet
   facet normal 0.762162 0 0.647386
      outer loop
         vertex 0.00975432 0.0415 0.0426495
         vertex 0.00988091 0.0415 0.0425159
         vertex 0.00988091 0.0455 0.0425159
      endloop
   endfacet
   facet normal 0.827689 0 0.561187
      outer loop
         vertex 0.00964293 0.0415 0.042796
         vertex 0.00975432 0.0415 0.0426495
         vertex 0.00975432 0.0455 0.0426495
      endloop
   endfacet
   facet normal 0.883512 0 0.468408
      outer loop
         vertex 0.00954803 0.0415 0.0429538
         vertex 0.00964293 0.0415 0.042796
         vertex 0.00964293 0.0455 0.042796
      endloop
   endfacet
   facet normal 0.928977 0 0.370138
      outer loop
         vertex 0.00947074 0.0415 0.0431208
         vertex 0.00954803 0.0415 0.0429538
         vertex 0.00954803 0.0455 0.0429538
      endloop
   endfacet
   facet normal 0.96355 0 0.267528
      outer loop
         vertex 0.00941197 0.0415 0.0432952
         vertex 0.00947074 0.0415 0.0431208
         vertex 0.00947074 0.0455 0.0431208
      endloop
   endfacet
   facet normal 0.986827 0 0.161782
      outer loop
         vertex 0.00937239 0.0415 0.043475
         vertex 0.00941197 0.0415 0.0432952
         vertex 0.00941197 0.0455 0.0432952
      endloop
   endfacet
   facet normal 0.998533 0 0.0541389
      outer loop
         vertex 0.00935249 0.0415 0.043658
         vertex 0.00937239 0.0415 0.043475
         vertex 0.00937239 0.0455 0.043475
      endloop
   endfacet
   facet normal 0.998533 0 -0.0541389
      outer loop
         vertex 0.00935249 0.0415 0.0438421
         vertex 0.00935249 0.0415 0.043658
         vertex 0.00935249 0.0455 0.043658
      endloop
   endfacet
   facet normal 0.986827 0 -0.161782
      outer loop
         vertex 0.00937239 0.0415 0.0440251
         vertex 0.00935249 0.0415 0.0438421
         vertex 0.00935249 0.0455 0.0438421
      endloop
   endfacet
   facet normal 0.96355 0 -0.267528
      outer loop
         vertex 0.00941197 0.0415 0.0442048
         vertex 0.00937239 0.0415 0.0440251
         vertex 0.00937239 0.0455 0.0440251
      endloop
   endfacet
   facet normal 0.928977 0 -0.370138
      outer loop
         vertex 0.00947074 0.0415 0.0443793
         vertex 0.00941197 0.0415 0.0442048
         vertex 0.00941197 0.0455 0.0442048
      endloop
   endfacet
   facet normal 0.883512 0 -0.468408
      outer loop
         vertex 0.00954803 0.0415 0.0445463
         vertex 0.00947074 0.0415 0.0443793
         vertex 0.00947074 0.0455 0.0443793
      endloop
   endfacet
   facet normal 0.827689 0 -0.561187
      outer loop
         vertex 0.00964293 0.0415 0.0447041
         vertex 0.00954803 0.0415 0.0445463
         vertex 0.00954803 0.0455 0.0445463
      endloop
   endfacet
   facet normal 0.762162 0 -0.647386
      outer loop
         vertex 0.00975432 0.0415 0.0448506
         vertex 0.00964293 0.0415 0.0447041
         vertex 0.00964293 0.0455 0.0447041
      endloop
   endfacet
   facet normal 0.687699 0 -0.725995
      outer loop
         vertex 0.00988091 0.0415 0.0449842
         vertex 0.00975432 0.0415 0.0448506
         vertex 0.00975432 0.0455 0.0448506
      endloop
   endfacet
   facet normal 0.605174 0 -0.796093
      outer loop
         vertex 0.0100212 0.0415 0.0451034
         vertex 0.00988091 0.0415 0.0449842
         vertex 0.00988091 0.0455 0.0449842
      endloop
   endfacet
   facet normal 0.515554 0 -0.856857
      outer loop
         vertex 0.0101736 0.0415 0.0452067
         vertex 0.0100212 0.0415 0.0451034
         vertex 0.0100212 0.0455 0.0451034
      endloop
   endfacet
   facet normal 0.419889 0 -0.907575
      outer loop
         vertex 0.0103362 0.0415 0.0452929
         vertex 0.0101736 0.0415 0.0452067
         vertex 0.0101736 0.0455 0.0452067
      endloop
   endfacet
   facet normal 0.319302 0 -0.947653
      outer loop
         vertex 0.0105072 0.0415 0.0453611
         vertex 0.0103362 0.0415 0.0452929
         vertex 0.0103362 0.0455 0.0452929
      endloop
   endfacet
   facet normal 0.21497 0 -0.976621
      outer loop
         vertex 0.0106846 0.0415 0.0454103
         vertex 0.0105072 0.0415 0.0453611
         vertex 0.0105072 0.0455 0.0453611
      endloop
   endfacet
   facet normal 0.108119 0 -0.994138
      outer loop
         vertex 0.0108662 0.0415 0.0454401
         vertex 0.0106846 0.0415 0.0454103
         vertex 0.0106846 0.0455 0.0454103
      endloop
   endfacet
   facet normal 0 0 -1
      outer loop
         vertex 0.01105 0.0415 0.04545
         vertex 0.0108662 0.0415 0.0454401
         vertex 0.0108662 0.0455 0.0454401
      endloop
   endfacet
   facet normal -0.108119 0 -0.994138
      outer loop
         vertex 0.0112338 0.0415 0.0454401
         vertex 0.01105 0.0415 0.04545
         vertex 0.01105 0.0455 0.04545
      endloop
   endfacet
   facet normal -0.21497 0 -0.976621
      outer loop
         vertex 0.0114154 0.0415 0.0454103
         vertex 0.0112338 0.0415 0.0454401
         vertex 0.0112338 0.0455 0.0454401
      endloop
   endfacet
   facet normal -0.319302 0 -0.947653
      outer loop
         vertex 0.0115928 0.0415 0.0453611
         vertex 0.0114154 0.0415 0.0454103
         vertex 0.0114154 0.0455 0.0454103
      endloop
   endfacet
   facet normal -0.419889 0 -0.907575
      outer loop
         vertex 0.0117638 0.0415 0.0452929
         vertex 0.0115928 0.0415 0.0453611
         vertex 0.0115928 0.0455 0.0453611
      endloop
   endfacet
   facet normal -0.515554 0 -0.856857
      outer loop
         vertex 0.0119264 0.0415 0.0452067
         vertex 0.0117638 0.0415 0.0452929
         vertex 0.0117638 0.0455 0.0452929
      endloop
   endfacet
   facet normal -0.605174 0 -0.796093
      outer loop
         vertex 0.0120788 0.0415 0.0451034
         vertex 0.0119264 0.0415 0.0452067
         vertex 0.0119264 0.0455 0.0452067
      endloop
   endfacet
   facet normal -0.687699 0 -0.725995
      outer loop
         vertex 0.0122191 0.0415 0.0449842
         vertex 0.0120788 0.0415 0.0451034
         vertex 0.0120788 0.0455 0.0451034
      endloop
   endfacet
   facet normal -0.762162 0 -0.647386
      outer loop
         vertex 0.0123457 0.0415 0.0448506
         vertex 0.0122191 0.0415 0.0449842
         vertex 0.0122191 0.0455 0.0449842
      endloop
   endfacet
   facet normal -0.827689 0 -0.561187
      outer loop
         vertex 0.0124571 0.0415 0.0447041
         vertex 0.0123457 0.0415 0.0448506
         vertex 0.0123457 0.0455 0.0448506
      endloop
   endfacet
   facet normal -0.883512 0 -0.468408
      outer loop
         vertex 0.012552 0.0415 0.0445463
         vertex 0.0124571 0.0415 0.0447041
         vertex 0.0124571 0.0455 0.0447041
      endloop
   endfacet
   facet normal -0.928977 0 -0.370138
      outer loop
         vertex 0.0126293 0.0415 0.0443793
         vertex 0.012552 0.0415 0.0445463
         vertex 0.012552 0.0455 0.0445463
      endloop
   endfacet
   facet normal -0.96355 0 -0.267528
      outer loop
         vertex 0.012688 0.0415 0.0442048
         vertex 0.0126293 0.0415 0.0443793
         vertex 0.0126293 0.0455 0.0443793
      endloop
   endfacet
   facet normal -0.986827 0 -0.161782
      outer loop
         vertex 0.0127276 0.0415 0.0440251
         vertex 0.012688 0.0415 0.0442048
         vertex 0.012688 0.0455 0.0442048
      endloop
   endfacet
   facet normal -0.998533 0 -0.0541389
      outer loop
         vertex 0.0127475 0.0415 0.0438421
         vertex 0.0127276 0.0415 0.0440251
         vertex 0.0127276 0.0455 0.0440251
      endloop
   endfacet
   facet normal -0.998533 0 0.0541389
      outer loop
         vertex 0.0127475 0.0415 0.043658
         vertex 0.0127475 0.0415 0.0438421
         vertex 0.0127475 0.0455 0.0438421
      endloop
   endfacet
   facet normal -0.986827 0 0.161782
      outer loop
         vertex 0.0127276 0.0415 0.043475
         vertex 0.0127475 0.0415 0.043658
         vertex 0.0127475 0.0455 0.043658
      endloop
   endfacet
   facet normal -0.96355 0 0.267528
      outer loop
         vertex 0.012688 0.0415 0.0432952
         vertex 0.0127276 0.0415 0.043475
         vertex 0.0127276 0.0455 0.043475
      endloop
   endfacet
   facet normal -0.928977 0 0.370138
      outer loop
         vertex 0.0126293 0.0415 0.0431208
         vertex 0.012688 0.0415 0.0432952
         vertex 0.012688 0.0455 0.0432952
      endloop
   endfacet
   facet normal -0.883512 0 0.468408
      outer loop
         vertex 0.012552 0.0415 0.0429538
         vertex 0.0126293 0.0415 0.0431208
         vertex 0.0126293 0.0455 0.0431208
      endloop
   endfacet
   facet normal -0.827689 0 0.561187
      outer loop
         vertex 0.0124571 0.0415 0.042796
         vertex 0.012552 0.0415 0.0429538
         vertex 0.012552 0.0455 0.0429538
      endloop
   endfacet
   facet normal -0.762162 0 0.647386
      outer loop
         vertex 0.0123457 0.0415 0.0426495
         vertex 0.0124571 0.0415 0.042796
         vertex 0.0124571 0.0455 0.042796
      endloop
   endfacet
   facet normal -0.687699 0 0.725995
      outer loop
         vertex 0.0122191 0.0415 0.0425159
         vertex 0.0123457 0.0415 0.0426495
         vertex 0.0123457 0.0455 0.0426495
      endloop
   endfacet
   facet normal -0.605174 0 0.796093
      outer loop
         vertex 0.0120788 0.0415 0.0423967
         vertex 0.0122191 0.0415 0.0425159
         vertex 0.0122191 0.0455 0.0425159
      endloop
   endfacet
   facet normal -0.515554 0 0.856857
      outer loop
         vertex 0.0119264 0.0415 0.0422934
         vertex 0.0120788 0.0415 0.0423967
         vertex 0.0120788 0.0455 0.0423967
      endloop
   endfacet
   facet normal -0.419889 0 0.907575
      outer loop
         vertex 0.0117638 0.0415 0.0422072
         vertex 0.0119264 0.0415 0.0422934
         vertex 0.0119264 0.0455 0.0422934
      endloop
   endfacet
   facet normal -0.319302 0 0.947653
      outer loop
         vertex 0.0115928 0.0415 0.042139
         vertex 0.0117638 0.0415 0.0422072
         vertex 0.0117638 0.0455 0.0422072
      endloop
   endfacet
   facet normal -0.21497 0 0.976621
      outer loop
         vertex 0.0114154 0.0415 0.0420898
         vertex 0.0115928 0.0415 0.042139
         vertex 0.0115928 0.0455 0.042139
      endloop
   endfacet
   facet normal -0.108119 0 0.994138
      outer loop
         vertex 0.0112338 0.0415 0.04206
         vertex 0.0114154 0.0415 0.0420898
         vertex 0.0114154 0.0455 0.0420898
      endloop
   endfacet
   facet normal 2.44929e-16 0 1
      outer loop
         vertex 0.01105 0.0415 0.04205
         vertex 0.0112338 0.0415 0.04206
         vertex 0.0112338 0.0455 0.04206
      endloop
   endfacet
   facet normal -0.108119 0 0.994138
      outer loop
         vertex 0.0112338 0.0455 0.04206
         vertex 0.01105 0.0455 0.04205
         vertex 0.01105 0.0415 0.04205
      endloop
   endfacet
   facet normal -0.21497 0 0.976621
      outer loop
         vertex 0.0114154 0.0455 0.0420898
         vertex 0.0112338 0.0455 0.04206
         vertex 0.0112338 0.0415 0.04206
      endloop
   endfacet
   facet normal -0.319302 0 0.947653
      outer loop
         vertex 0.0115928 0.0455 0.042139
         vertex 0.0114154 0.0455 0.0420898
         vertex 0.0114154 0.0415 0.0420898
      endloop
   endfacet
   facet normal -0.419889 0 0.907575
      outer loop
         vertex 0.0117638 0.0455 0.0422072
         vertex 0.0115928 0.0455 0.042139
         vertex 0.0115928 0.0415 0.042139
      endloop
   endfacet
   facet normal -0.515554 0 0.856857
      outer loop
         vertex 0.0119264 0.0455 0.0422934
         vertex 0.0117638 0.0455 0.0422072
         vertex 0.0117638 0.0415 0.0422072
      endloop
   endfacet
   facet normal -0.605174 0 0.796093
      outer loop
         vertex 0.0120788 0.0455 0.0423967
         vertex 0.0119264 0.0455 0.0422934
         vertex 0.0119264 0.0415 0.0422934
      endloop
   endfacet
   facet normal -0.687699 0 0.725995
      outer loop
         vertex 0.0122191 0.0455 0.0425159
         vertex 0.0120788 0.0455 0.0423967
         vertex 0.0120788 0.0415 0.0423967
      endloop
   endfacet
   facet normal -0.762162 0 0.647386
      outer loop
         vertex 0.0123457 0.0455 0.0426495
         vertex 0.0122191 0.0455 0.0425159
         vertex 0.0122191 0.0415 0.0425159
      endloop
   endfacet
   facet normal -0.827689 0 0.561187
      outer loop
         vertex 0.0124571 0.0455 0.042796
         vertex 0.0123457 0.0455 0.0426495
         vertex 0.0123457 0.0415 0.0426495
      endloop
   endfacet
   facet normal -0.883512 0 0.468408
      outer loop
         vertex 0.012552 0.0455 0.0429538
         vertex 0.0124571 0.0455 0.042796
         vertex 0.0124571 0.0415 0.042796
      endloop
   endfacet
   facet normal -0.928977 0 0.370138
      outer loop
         vertex 0.0126293 0.0455 0.0431208
         vertex 0.012552 0.0455 0.0429538
         vertex 0.012552 0.0415 0.0429538
      endloop
   endfacet
   facet normal -0.96355 0 0.267528
      outer loop
         vertex 0.012688 0.0455 0.0432952
         vertex 0.0126293 0.0455 0.0431208
         vertex 0.0126293 0.0415 0.0431208
      endloop
   endfacet
   facet normal -0.986827 0 0.161782
      outer loop
         vertex 0.0127276 0.0455 0.043475
         vertex 0.012688 0.0455 0.0432952
         vertex 0.012688 0.0415 0.0432952
      endloop
   endfacet
   facet normal -0.998533 0 0.0541389
      outer loop
         vertex 0.0127475 0.0455 0.043658
         vertex 0.0127276 0.0455 0.043475
         vertex 0.0127276 0.0415 0.043475
      endloop
   endfacet
   facet normal -0.998533 0 -0.0541389
      outer loop
         vertex 0.0127475 0.0455 0.0438421
         vertex 0.0127475 0.0455 0.043658
         vertex 0.0127475 0.0415 0.043658
      endloop
   endfacet
   facet normal -0.986827 0 -0.161782
      outer loop
         vertex 0.0127276 0.0455 0.0440251
         vertex 0.0127475 0.0455 0.0438421
         vertex 0.0127475 0.0415 0.0438421
      endloop
   endfacet
   facet normal -0.96355 0 -0.267528
      outer loop
         vertex 0.012688 0.0455 0.0442048
         vertex 0.0127276 0.0455 0.0440251
         vertex 0.0127276 0.0415 0.0440251
      endloop
   endfacet
   facet normal -0.928977 0 -0.370138
      outer loop
         vertex 0.0126293 0.0455 0.0443793
         vertex 0.012688 0.0455 0.0442048
         vertex 0.012688 0.0415 0.0442048
      endloop
   endfacet
   facet normal -0.883512 0 -0.468408
      outer loop
         vertex 0.012552 0.0455 0.0445463
         vertex 0.0126293 0.0455 0.0443793
         vertex 0.0126293 0.0415 0.0443793
      endloop
   endfacet
   facet normal -0.827689 0 -0.561187
      outer loop
         vertex 0.0124571 0.0455 0.0447041
         vertex 0.012552 0.0455 0.0445463
         vertex 0.012552 0.0415 0.0445463
      endloop
   endfacet
   facet normal -0.762162 0 -0.647386
      outer loop
         vertex 0.0123457 0.0455 0.0448506
         vertex 0.0124571 0.0455 0.0447041
         vertex 0.0124571 0.0415 0.0447041
      endloop
   endfacet
   facet normal -0.687699 0 -0.725995
      outer loop
         vertex 0.0122191 0.0455 0.0449842
         vertex 0.0123457 0.0455 0.0448506
         vertex 0.0123457 0.0415 0.0448506
      endloop
   endfacet
   facet normal -0.605174 0 -0.796093
      outer loop
         vertex 0.0120788 0.0455 0.0451034
         vertex 0.0122191 0.0455 0.0449842
         vertex 0.0122191 0.0415 0.0449842
      endloop
   endfacet
   facet normal -0.515554 0 -0.856857
      outer loop
         vertex 0.0119264 0.0455 0.0452067
         vertex 0.0120788 0.0455 0.0451034
         vertex 0.0120788 0.0415 0.0451034
      endloop
   endfacet
   facet normal -0.419889 0 -0.907575
      outer loop
         vertex 0.0117638 0.0455 0.0452929
         vertex 0.0119264 0.0455 0.0452067
         vertex 0.0119264 0.0415 0.0452067
      endloop
   endfacet
   facet normal -0.319302 0 -0.947653
      outer loop
         vertex 0.0115928 0.0455 0.0453611
         vertex 0.0117638 0.0455 0.0452929
         vertex 0.0117638 0.0415 0.0452929
      endloop
   endfacet
   facet normal -0.21497 0 -0.976621
      outer loop
         vertex 0.0114154 0.0455 0.0454103
         vertex 0.0115928 0.0455 0.0453611
         vertex 0.0115928 0.0415 0.0453611
      endloop
   endfacet
   facet normal -0.108119 0 -0.994138
      outer loop
         vertex 0.0112338 0.0455 0.0454401
         vertex 0.0114154 0.0455 0.0454103
         vertex 0.0114154 0.0415 0.0454103
      endloop
   endfacet
   facet normal 0 0 -1
      outer loop
         vertex 0.01105 0.0455 0.04545
         vertex 0.0112338 0.0455 0.0454401
         vertex 0.0112338 0.0415 0.0454401
      endloop
   endfacet
   facet normal 0.108119 0 -0.994138
      outer loop
         vertex 0.0108662 0.0455 0.0454401
         vertex 0.01105 0.0455 0.04545
         vertex 0.01105 0.0415 0.04545
      endloop
   endfacet
   facet normal 0.21497 0 -0.976621
      outer loop
         vertex 0.0106846 0.0455 0.0454103
         vertex 0.0108662 0.0455 0.0454401
         vertex 0.0108662 0.0415 0.0454401
      endloop
   endfacet
   facet normal 0.319302 0 -0.947653
      outer loop
         vertex 0.0105072 0.0455 0.0453611
         vertex 0.0106846 0.0455 0.0454103
         vertex 0.0106846 0.0415 0.0454103
      endloop
   endfacet
   facet normal 0.419889 0 -0.907575
      outer loop
         vertex 0.0103362 0.0455 0.0452929
         vertex 0.0105072 0.0455 0.0453611
         vertex 0.0105072 0.0415 0.0453611
      endloop
   endfacet
   facet normal 0.515554 0 -0.856857
      outer loop
         vertex 0.0101736 0.0455 0.0452067
         vertex 0.0103362 0.0455 0.0452929
         vertex 0.0103362 0.0415 0.0452929
      endloop
   endfacet
   facet normal 0.605174 0 -0.796093
      outer loop
         vertex 0.0100212 0.0455 0.0451034
         vertex 0.0101736 0.0455 0.0452067
         vertex 0.0101736 0.0415 0.0452067
      endloop
   endfacet
   facet normal 0.687699 0 -0.725995
      outer loop
         vertex 0.00988091 0.0455 0.0449842
         vertex 0.0100212 0.0455 0.0451034
         vertex 0.0100212 0.0415 0.0451034
      endloop
   endfacet
   facet normal 0.762162 0 -0.647386
      outer loop
         vertex 0.00975432 0.0455 0.0448506
         vertex 0.00988091 0.0455 0.0449842
         vertex 0.00988091 0.0415 0.0449842
      endloop
   endfacet
   facet normal 0.827689 0 -0.561187
      outer loop
         vertex 0.00964293 0.0455 0.0447041
         vertex 0.00975432 0.0455 0.0448506
         vertex 0.00975432 0.0415 0.0448506
      endloop
   endfacet
   facet normal 0.883512 0 -0.468408
      outer loop
         vertex 0.00954803 0.0455 0.0445463
         vertex 0.00964293 0.0455 0.0447041
         vertex 0.00964293 0.0415 0.0447041
      endloop
   endfacet
   facet normal 0.928977 0 -0.370138
      outer loop
         vertex 0.00947074 0.0455 0.0443793
         vertex 0.00954803 0.0455 0.0445463
         vertex 0.00954803 0.0415 0.0445463
      endloop
   endfacet
   facet normal 0.96355 0 -0.267528
      outer loop
         vertex 0.00941197 0.0455 0.0442048
         vertex 0.00947074 0.0455 0.0443793
         vertex 0.00947074 0.0415 0.0443793
      endloop
   endfacet
   facet normal 0.986827 0 -0.161782
      outer loop
         vertex 0.00937239 0.0455 0.0440251
         vertex 0.00941197 0.0455 0.0442048
         vertex 0.00941197 0.0415 0.0442048
      endloop
   endfacet
   facet normal 0.998533 0 -0.0541389
      outer loop
         vertex 0.00935249 0.0455 0.0438421
         vertex 0.00937239 0.0455 0.0440251
         vertex 0.00937239 0.0415 0.0440251
      endloop
   endfacet
   facet normal 0.998533 0 0.0541389
      outer loop
         vertex 0.00935249 0.0455 0.043658
         vertex 0.00935249 0.0455 0.0438421
         vertex 0.00935249 0.0415 0.0438421
      endloop
   endfacet
   facet normal 0.986827 0 0.161782
      outer loop
         vertex 0.00937239 0.0455 0.043475
         vertex 0.00935249 0.0455 0.043658
         vertex 0.00935249 0.0415 0.043658
      endloop
   endfacet
   facet normal 0.96355 0 0.267528
      outer loop
         vertex 0.00941197 0.0455 0.0432952
         vertex 0.00937239 0.0455 0.043475
         vertex 0.00937239 0.0415 0.043475
      endloop
   endfacet
   facet normal 0.928977 0 0.370138
      outer loop
         vertex 0.00947074 0.0455 0.0431208
         vertex 0.00941197 0.0455 0.0432952
         vertex 0.00941197 0.0415 0.0432952
      endloop
   endfacet
   facet normal 0.883512 0 0.468408
      outer loop
         vertex 0.00954803 0.0455 0.0429538
         vertex 0.00947074 0.0455 0.0431208
         vertex 0.00947074 0.0415 0.0431208
      endloop
   endfacet
   facet normal 0.827689 0 0.561187
      outer loop
         vertex 0.00964293 0.0455 0.042796
         vertex 0.00954803 0.0455 0.0429538
         vertex 0.00954803 0.0415 0.0429538
      endloop
   endfacet
   facet normal 0.762162 0 0.647386
      outer loop
         vertex 0.00975432 0.0455 0.0426495
         vertex 0.00964293 0.0455 0.042796
         vertex 0.00964293 0.0415 0.042796
      endloop
   endfacet
   facet normal 0.687699 0 0.725995
      outer loop
         vertex 0.00988091 0.0455 0.0425159
         vertex 0.00975432 0.0455 0.0426495
         vertex 0.00975432 0.0415 0.0426495
      endloop
   endfacet
   facet normal 0.605174 0 0.796093
      outer loop
         vertex 0.0100212 0.0455 0.0423967
         vertex 0.00988091 0.0455 0.0425159
         vertex 0.00988091 0.0415 0.0425159
      endloop
   endfacet
   facet normal 0.515554 0 0.856857
      outer loop
         vertex 0.0101736 0.0455 0.0422934
         vertex 0.0100212 0.0455 0.0423967
         vertex 0.0100212 0.0415 0.0423967
      endloop
   endfacet
   facet normal 0.419889 0 0.907575
      outer loop
         vertex 0.0103362 0.0455 0.0422072
         vertex 0.0101736 0.0455 0.0422934
         vertex 0.0101736 0.0415 0.0422934
      endloop
   endfacet
   facet normal 0.319302 0 0.947653
      outer loop
         vertex 0.0105072 0.0455 0.042139
         vertex 0.0103362 0.0455 0.0422072
         vertex 0.0103362 0.0415 0.0422072
      endloop
   endfacet
   facet normal 0.21497 0 0.976621
      outer loop
         vertex 0.0106846 0.0455 0.0420898
         vertex 0.0105072 0.0455 0.042139
         vertex 0.0105072 0.0415 0.042139
      endloop
   endfacet
   facet normal 0.108119 0 0.994138
      outer loop
         vertex 0.0108662 0.0455 0.04206
         vertex 0.0106846 0.0455 0.0420898
         vertex 0.0106846 0.0415 0.0420898
      endloop
   endfacet
   facet normal 2.44929e-16 0 1
      outer loop
         vertex 0.01105 0.0455 0.04205
         vertex 0.0108662 0.0455 0.04206
         vertex 0.0108662 0.0415 0.04206
      endloop
   endfacet
   facet normal 0.108119 0 0.994138
      outer loop
         vertex 0.0308662 0.0415 0.04206
         vertex 0.03105 0.0415 0.04205
         vertex 0.03105 0.0455 0.04205
      endloop
   endfacet
   facet normal 0.21497 0 0.976621
      outer loop
         vertex 0.0306846 0.0415 0.0420898
         vertex 0.0308662 0.0415 0.04206
         vertex 0.0308662 0.0455 0.04206
      endloop
   endfacet
   facet normal 0.319302 0 0.947653
      outer loop
         vertex 0.0305072 0.0415 0.042139
         vertex 0.0306846 0.0415 0.0420898
         vertex 0.0306846 0.0455 0.0420898
      endloop
   endfacet
   facet normal 0.419889 0 0.907575
      outer loop
         vertex 0.0303362 0.0415 0.0422072
         vertex 0.0305072 0.0415 0.042139
         vertex 0.0305072 0.0455 0.042139
      endloop
   endfacet
   facet normal 0.515554 0 0.856857
      outer loop
         vertex 0.0301736 0.0415 0.0422934
         vertex 0.0303362 0.0415 0.0422072
         vertex 0.0303362 0.0455 0.0422072
      endloop
   endfacet
   facet normal 0.605174 0 0.796093
      outer loop
         vertex 0.0300212 0.0415 0.0423967
         vertex 0.0301736 0.0415 0.0422934
         vertex 0.0301736 0.0455 0.0422934
      endloop
   endfacet
   facet normal 0.687699 0 0.725995
      outer loop
         vertex 0.0298809 0.0415 0.0425159
         vertex 0.0300212 0.0415 0.0423967
         vertex 0.0300212 0.0455 0.0423967
      endloop
   endfacet
   facet normal 0.762162 0 0.647386
      outer loop
         vertex 0.0297543 0.0415 0.0426495
         vertex 0.0298809 0.0415 0.0425159
         vertex 0.0298809 0.0455 0.0425159
      endloop
   endfacet
   facet normal 0.827689 0 0.561187
      outer loop
         vertex 0.0296429 0.0415 0.042796
         vertex 0.0297543 0.0415 0.0426495
         vertex 0.0297543 0.0455 0.0426495
      endloop
   endfacet
   facet normal 0.883512 0 0.468408
      outer loop
         vertex 0.029548 0.0415 0.0429538
         vertex 0.0296429 0.0415 0.042796
         vertex 0.0296429 0.0455 0.042796
      endloop
   endfacet
   facet normal 0.928977 0 0.370138
      outer loop
         vertex 0.0294707 0.0415 0.0431208
         vertex 0.029548 0.0415 0.0429538
         vertex 0.029548 0.0455 0.0429538
      endloop
   endfacet
   facet normal 0.96355 0 0.267528
      outer loop
         vertex 0.029412 0.0415 0.0432952
         vertex 0.0294707 0.0415 0.0431208
         vertex 0.0294707 0.0455 0.0431208
      endloop
   endfacet
   facet normal 0.986827 0 0.161782
      outer loop
         vertex 0.0293724 0.0415 0.043475
         vertex 0.029412 0.0415 0.0432952
         vertex 0.029412 0.0455 0.0432952
      endloop
   endfacet
   facet normal 0.998533 0 0.0541389
      outer loop
         vertex 0.0293525 0.0415 0.043658
         vertex 0.0293724 0.0415 0.043475
         vertex 0.0293724 0.0455 0.043475
      endloop
   endfacet
   facet normal 0.998533 0 -0.0541389
      outer loop
         vertex 0.0293525 0.0415 0.0438421
         vertex 0.0293525 0.0415 0.043658
         vertex 0.0293525 0.0455 0.043658
      endloop
   endfacet
   facet normal 0.986827 0 -0.161782
      outer loop
         vertex 0.0293724 0.0415 0.0440251
         vertex 0.0293525 0.0415 0.0438421
         vertex 0.0293525 0.0455 0.0438421
      endloop
   endfacet
   facet normal 0.96355 0 -0.267528
      outer loop
         vertex 0.029412 0.0415 0.0442048
         vertex 0.0293724 0.0415 0.0440251
         vertex 0.0293724 0.0455 0.0440251
      endloop
   endfacet
   facet normal 0.928977 0 -0.370138
      outer loop
         vertex 0.0294707 0.0415 0.0443793
         vertex 0.029412 0.0415 0.0442048
         vertex 0.029412 0.0455 0.0442048
      endloop
   endfacet
   facet normal 0.883512 0 -0.468408
      outer loop
         vertex 0.029548 0.0415 0.0445463
         vertex 0.0294707 0.0415 0.0443793
         vertex 0.0294707 0.0455 0.0443793
      endloop
   endfacet
   facet normal 0.827689 0 -0.561187
      outer loop
         vertex 0.0296429 0.0415 0.0447041
         vertex 0.029548 0.0415 0.0445463
         vertex 0.029548 0.0455 0.0445463
      endloop
   endfacet
   facet normal 0.762162 0 -0.647386
      outer loop
         vertex 0.0297543 0.0415 0.0448506
         vertex 0.0296429 0.0415 0.0447041
         vertex 0.0296429 0.0455 0.0447041
      endloop
   endfacet
   facet normal 0.687699 0 -0.725995
      outer loop
         vertex 0.0298809 0.0415 0.0449842
         vertex 0.0297543 0.0415 0.0448506
         vertex 0.0297543 0.0455 0.0448506
      endloop
   endfacet
   facet normal 0.605174 0 -0.796093
      outer loop
         vertex 0.0300212 0.0415 0.0451034
         vertex 0.0298809 0.0415 0.0449842
         vertex 0.0298809 0.0455 0.0449842
      endloop
   endfacet
   facet normal 0.515554 0 -0.856857
      outer loop
         vertex 0.0301736 0.0415 0.0452067
         vertex 0.0300212 0.0415 0.0451034
         vertex 0.0300212 0.0455 0.0451034
      endloop
   endfacet
   facet normal 0.419889 0 -0.907575
      outer loop
         vertex 0.0303362 0.0415 0.0452929
         vertex 0.0301736 0.0415 0.0452067
         vertex 0.0301736 0.0455 0.0452067
      endloop
   endfacet
   facet normal 0.319302 0 -0.947653
      outer loop
         vertex 0.0305072 0.0415 0.0453611
         vertex 0.0303362 0.0415 0.0452929
         vertex 0.0303362 0.0455 0.0452929
      endloop
   endfacet
   facet normal 0.21497 0 -0.976621
      outer loop
         vertex 0.0306846 0.0415 0.0454103
         vertex 0.0305072 0.0415 0.0453611
         vertex 0.0305072 0.0455 0.0453611
      endloop
   endfacet
   facet normal 0.108119 0 -0.994138
      outer loop
         vertex 0.0308662 0.0415 0.0454401
         vertex 0.0306846 0.0415 0.0454103
         vertex 0.0306846 0.0455 0.0454103
      endloop
   endfacet
   facet normal 0 0 -1
      outer loop
         vertex 0.03105 0.0415 0.04545
         vertex 0.0308662 0.0415 0.0454401
         vertex 0.0308662 0.0455 0.0454401
      endloop
   endfacet
   facet normal -0.108119 0 -0.994138
      outer loop
         vertex 0.0312338 0.0415 0.0454401
         vertex 0.03105 0.0415 0.04545
         vertex 0.03105 0.0455 0.04545
      endloop
   endfacet
   facet normal -0.21497 0 -0.976621
      outer loop
         vertex 0.0314154 0.0415 0.0454103
         vertex 0.0312338 0.0415 0.0454401
         vertex 0.0312338 0.0455 0.0454401
      endloop
   endfacet
   facet normal -0.319302 0 -0.947653
      outer loop
         vertex 0.0315928 0.0415 0.0453611
         vertex 0.0314154 0.0415 0.0454103
         vertex 0.0314154 0.0455 0.0454103
      endloop
   endfacet
   facet normal -0.419889 0 -0.907575
      outer loop
         vertex 0.0317638 0.0415 0.0452929
         vertex 0.0315928 0.0415 0.0453611
         vertex 0.0315928 0.0455 0.0453611
      endloop
   endfacet
   facet normal -0.515554 0 -0.856857
      outer loop
         vertex 0.0319264 0.0415 0.0452067
         vertex 0.0317638 0.0415 0.0452929
         vertex 0.0317638 0.0455 0.0452929
      endloop
   endfacet
   facet normal -0.605174 0 -0.796093
      outer loop
         vertex 0.0320788 0.0415 0.0451034
         vertex 0.0319264 0.0415 0.0452067
         vertex 0.0319264 0.0455 0.0452067
      endloop
   endfacet
   facet normal -0.687699 0 -0.725995
      outer loop
         vertex 0.0322191 0.0415 0.0449842
         vertex 0.0320788 0.0415 0.0451034
         vertex 0.0320788 0.0455 0.0451034
      endloop
   endfacet
   facet normal -0.762162 0 -0.647386
      outer loop
         vertex 0.0323457 0.0415 0.0448506
         vertex 0.0322191 0.0415 0.0449842
         vertex 0.0322191 0.0455 0.0449842
      endloop
   endfacet
   facet normal -0.827689 0 -0.561187
      outer loop
         vertex 0.0324571 0.0415 0.0447041
         vertex 0.0323457 0.0415 0.0448506
         vertex 0.0323457 0.0455 0.0448506
      endloop
   endfacet
   facet normal -0.883512 0 -0.468408
      outer loop
         vertex 0.032552 0.0415 0.0445463
         vertex 0.0324571 0.0415 0.0447041
         vertex 0.0324571 0.0455 0.0447041
      endloop
   endfacet
   facet normal -0.928977 0 -0.370138
      outer loop
         vertex 0.0326293 0.0415 0.0443793
         vertex 0.032552 0.0415 0.0445463
         vertex 0.032552 0.0455 0.0445463
      endloop
   endfacet
   facet normal -0.96355 0 -0.267528
      outer loop
         vertex 0.032688 0.0415 0.0442048
         vertex 0.0326293 0.0415 0.0443793
         vertex 0.0326293 0.0455 0.0443793
      endloop
   endfacet
   facet normal -0.986827 0 -0.161782
      outer loop
         vertex 0.0327276 0.0415 0.0440251
         vertex 0.032688 0.0415 0.0442048
         vertex 0.032688 0.0455 0.0442048
      endloop
   endfacet
   facet normal -0.998533 0 -0.0541389
      outer loop
         vertex 0.0327475 0.0415 0.0438421
         vertex 0.0327276 0.0415 0.0440251
         vertex 0.0327276 0.0455 0.0440251
      endloop
   endfacet
   facet normal -0.998533 0 0.0541389
      outer loop
         vertex 0.0327475 0.0415 0.043658
         vertex 0.0327475 0.0415 0.0438421
         vertex 0.0327475 0.0455 0.0438421
      endloop
   endfacet
   facet normal -0.986827 0 0.161782
      outer loop
         vertex 0.0327276 0.0415 0.043475
         vertex 0.0327475 0.0415 0.043658
         vertex 0.0327475 0.0455 0.043658
      endloop
   endfacet
   facet normal -0.96355 0 0.267528
      outer loop
         vertex 0.032688 0.0415 0.0432952
         vertex 0.0327276 0.0415 0.043475
         vertex 0.0327276 0.0455 0.043475
      endloop
   endfacet
   facet normal -0.928977 0 0.370138
      outer loop
         vertex 0.0326293 0.0415 0.0431208
         vertex 0.032688 0.0415 0.0432952
         vertex 0.032688 0.0455 0.0432952
      endloop
   endfacet
   facet normal -0.883512 0 0.468408
      outer loop
         vertex 0.032552 0.0415 0.0429538
         vertex 0.0326293 0.0415 0.0431208
         vertex 0.0326293 0.0455 0.0431208
      endloop
   endfacet
   facet normal -0.827689 0 0.561187
      outer loop
         vertex 0.0324571 0.0415 0.042796
         vertex 0.032552 0.0415 0.0429538
         vertex 0.032552 0.0455 0.0429538
      endloop
   endfacet
   facet normal -0.762162 0 0.647386
      outer loop
         vertex 0.0323457 0.0415 0.0426495
         vertex 0.0324571 0.0415 0.042796
         vertex 0.0324571 0.0455 0.042796
      endloop
   endfacet
   facet normal -0.687699 0 0.725995
      outer loop
         vertex 0.0322191 0.0415 0.0425159
         vertex 0.0323457 0.0415 0.0426495
         vertex 0.0323457 0.0455 0.0426495
      endloop
   endfacet
   facet normal -0.605174 0 0.796093
      outer loop
         vertex 0.0320788 0.0415 0.0423967
         vertex 0.0322191 0.0415 0.0425159
         vertex 0.0322191 0.0455 0.0425159
      endloop
   endfacet
   facet normal -0.515554 0 0.856857
      outer loop
         vertex 0.0319264 0.0415 0.0422934
         vertex 0.0320788 0.0415 0.0423967
         vertex 0.0320788 0.0455 0.0423967
      endloop
   endfacet
   facet normal -0.419889 0 0.907575
      outer loop
         vertex 0.0317638 0.0415 0.0422072
         vertex 0.0319264 0.0415 0.0422934
         vertex 0.0319264 0.0455 0.0422934
      endloop
   endfacet
   facet normal -0.319302 0 0.947653
      outer loop
         vertex 0.0315928 0.0415 0.042139
         vertex 0.0317638 0.0415 0.0422072
         vertex 0.0317638 0.0455 0.0422072
      endloop
   endfacet
   facet normal -0.21497 0 0.976621
      outer loop
         vertex 0.0314154 0.0415 0.0420898
         vertex 0.0315928 0.0415 0.042139
         vertex 0.0315928 0.0455 0.042139
      endloop
   endfacet
   facet normal -0.108119 0 0.994138
      outer loop
         vertex 0.0312338 0.0415 0.04206
         vertex 0.0314154 0.0415 0.0420898
         vertex 0.0314154 0.0455 0.0420898
      endloop
   endfacet
   facet normal 2.44929e-16 0 1
      outer loop
         vertex 0.03105 0.0415 0.04205
         vertex 0.0312338 0.0415 0.04206
         vertex 0.0312338 0.0455 0.04206
      endloop
   endfacet
   facet normal -0.108119 0 0.994138
      outer loop
         vertex 0.0312338 0.0455 0.04206
         vertex 0.03105 0.0455 0.04205
         vertex 0.03105 0.0415 0.04205
      endloop
   endfacet
   facet normal -0.21497 0 0.976621
      outer loop
         vertex 0.0314154 0.0455 0.0420898
         vertex 0.0312338 0.0455 0.04206
         vertex 0.0312338 0.0415 0.04206
      endloop
   endfacet
   facet normal -0.319302 0 0.947653
      outer loop
         vertex 0.0315928 0.0455 0.042139
         vertex 0.0314154 0.0455 0.0420898
         vertex 0.0314154 0.0415 0.0420898
      endloop
   endfacet
   facet normal -0.419889 0 0.907575
      outer loop
         vertex 0.0317638 0.0455 0.0422072
         vertex 0.0315928 0.0455 0.042139
         vertex 0.0315928 0.0415 0.042139
      endloop
   endfacet
   facet normal -0.515554 0 0.856857
      outer loop
         vertex 0.0319264 0.0455 0.0422934
         vertex 0.0317638 0.0455 0.0422072
         vertex 0.0317638 0.0415 0.0422072
      endloop
   endfacet
   facet normal -0.605174 0 0.796093
      outer loop
         vertex 0.0320788 0.0455 0.0423967
         vertex 0.0319264 0.0455 0.0422934
         vertex 0.0319264 0.0415 0.0422934
      endloop
   endfacet
   facet normal -0.687699 0 0.725995
      outer loop
         vertex 0.0322191 0.0455 0.0425159
         vertex 0.0320788 0.0455 0.0423967
         vertex 0.0320788 0.0415 0.0423967
      endloop
   endfacet
   facet normal -0.762162 0 0.647386
      outer loop
         vertex 0.0323457 0.0455 0.0426495
         vertex 0.0322191 0.0455 0.0425159
         vertex 0.0322191 0.0415 0.0425159
      endloop
   endfacet
   facet normal -0.827689 0 0.561187
      outer loop
         vertex 0.0324571 0.0455 0.042796
         vertex 0.0323457 0.0455 0.0426495
         vertex 0.0323457 0.0415 0.0426495
      endloop
   endfacet
   facet normal -0.883512 0 0.468408
      outer loop
         vertex 0.032552 0.0455 0.0429538
         vertex 0.0324571 0.0455 0.042796
         vertex 0.0324571 0.0415 0.042796
      endloop
   endfacet
   facet normal -0.928977 0 0.370138
      outer loop
         vertex 0.0326293 0.0455 0.0431208
         vertex 0.032552 0.0455 0.0429538
         vertex 0.032552 0.0415 0.0429538
      endloop
   endfacet
   facet normal -0.96355 0 0.267528
      outer loop
         vertex 0.032688 0.0455 0.0432952
         vertex 0.0326293 0.0455 0.0431208
         vertex 0.0326293 0.0415 0.0431208
      endloop
   endfacet
   facet normal -0.986827 0 0.161782
      outer loop
         vertex 0.0327276 0.0455 0.043475
         vertex 0.032688 0.0455 0.0432952
         vertex 0.032688 0.0415 0.0432952
      endloop
   endfacet
   facet normal -0.998533 0 0.0541389
      outer loop
         vertex 0.0327475 0.0455 0.043658
         vertex 0.0327276 0.0455 0.043475
         vertex 0.0327276 0.0415 0.043475
      endloop
   endfacet
   facet normal -0.998533 0 -0.0541389
      outer loop
         vertex 0.0327475 0.0455 0.0438421
         vertex 0.0327475 0.0455 0.043658
         vertex 0.0327475 0.0415 0.043658
      endloop
   endfacet
   facet normal -0.986827 0 -0.161782
      outer loop
         vertex 0.0327276 0.0455 0.0440251
         vertex 0.0327475 0.0455 0.0438421
         vertex 0.0327475 0.0415 0.0438421
      endloop
   endfacet
   facet normal -0.96355 0 -0.267528
      outer loop
         vertex 0.032688 0.0455 0.0442048
         vertex 0.0327276 0.0455 0.0440251
         vertex 0.0327276 0.0415 0.0440251
      endloop
   endfacet
   facet normal -0.928977 0 -0.370138
      outer loop
         vertex 0.0326293 0.0455 0.0443793
         vertex 0.032688 0.0455 0.0442048
         vertex 0.032688 0.0415 0.0442048
      endloop
   endfacet
   facet normal -0.883512 0 -0.468408
      outer loop
         vertex 0.032552 0.0455 0.0445463
         vertex 0.0326293 0.0455 0.0443793
         vertex 0.0326293 0.0415 0.0443793
      endloop
   endfacet
   facet normal -0.827689 0 -0.561187
      outer loop
         vertex 0.0324571 0.0455 0.0447041
         vertex 0.032552 0.0455 0.0445463
         vertex 0.032552 0.0415 0.0445463
      endloop
   endfacet
   facet normal -0.762162 0 -0.647386
      outer loop
         vertex 0.0323457 0.0455 0.0448506
         vertex 0.0324571 0.0455 0.0447041
         vertex 0.0324571 0.0415 0.0447041
      endloop
   endfacet
   facet normal -0.687699 0 -0.725995
      outer loop
         vertex 0.0322191 0.0455 0.0449842
         vertex 0.0323457 0.0455 0.0448506
         vertex 0.0323457 0.0415 0.0448506
      endloop
   endfacet
   facet normal -0.605174 0 -0.796093
      outer loop
         vertex 0.0320788 0.0455 0.0451034
         vertex 0.0322191 0.0455 0.0449842
         vertex 0.0322191 0.0415 0.0449842
      endloop
   endfacet
   facet normal -0.515554 0 -0.856857
      outer loop
         vertex 0.0319264 0.0455 0.0452067
         vertex 0.0320788 0.0455 0.0451034
         vertex 0.0320788 0.0415 0.0451034
      endloop
   endfacet
   facet normal -0.419889 0 -0.907575
      outer loop
         vertex 0.0317638 0.0455 0.0452929
         vertex 0.0319264 0.0455 0.0452067
         vertex 0.0319264 0.0415 0.0452067
      endloop
   endfacet
   facet normal -0.319302 0 -0.947653
      outer loop
         vertex 0.0315928 0.0455 0.0453611
         vertex 0.0317638 0.0455 0.0452929
         vertex 0.0317638 0.0415 0.0452929
      endloop
   endfacet
   facet normal -0.21497 0 -0.976621
      outer loop
         vertex 0.0314154 0.0455 0.0454103
         vertex 0.0315928 0.0455 0.0453611
         vertex 0.0315928 0.0415 0.0453611
      endloop
   endfacet
   facet normal -0.108119 0 -0.994138
      outer loop
         vertex 0.0312338 0.0455 0.0454401
         vertex 0.0314154 0.0455 0.0454103
         vertex 0.0314154 0.0415 0.0454103
      endloop
   endfacet
   facet normal 0 0 -1
      outer loop
         vertex 0.03105 0.0455 0.04545
         vertex 0.0312338 0.0455 0.0454401
         vertex 0.0312338 0.0415 0.0454401
      endloop
   endfacet
   facet normal 0.108119 0 -0.994138
      outer loop
         vertex 0.0308662 0.0455 0.0454401
         vertex 0.03105 0.0455 0.04545
         vertex 0.03105 0.0415 0.04545
      endloop
   endfacet
   facet normal 0.21497 0 -0.976621
      outer loop
         vertex 0.0306846 0.0455 0.0454103
         vertex 0.0308662 0.0455 0.0454401
         vertex 0.0308662 0.0415 0.0454401
      endloop
   endfacet
   facet normal 0.319302 0 -0.947653
      outer loop
         vertex 0.0305072 0.0455 0.0453611
         vertex 0.0306846 0.0455 0.0454103
         vertex 0.0306846 0.0415 0.0454103
      endloop
   endfacet
   facet normal 0.419889 0 -0.907575
      outer loop
         vertex 0.0303362 0.0455 0.0452929
         vertex 0.0305072 0.0455 0.0453611
         vertex 0.0305072 0.0415 0.0453611
      endloop
   endfacet
   facet normal 0.515554 0 -0.856857
      outer loop
         vertex 0.0301736 0.0455 0.0452067
         vertex 0.0303362 0.0455 0.0452929
         vertex 0.0303362 0.0415 0.0452929
      endloop
   endfacet
   facet normal 0.605174 0 -0.796093
      outer loop
         vertex 0.0300212 0.0455 0.0451034
         vertex 0.0301736 0.0455 0.0452067
         vertex 0.0301736 0.0415 0.0452067
      endloop
   endfacet
   facet normal 0.687699 0 -0.725995
      outer loop
         vertex 0.0298809 0.0455 0.0449842
         vertex 0.0300212 0.0455 0.0451034
         vertex 0.0300212 0.0415 0.0451034
      endloop
   endfacet
   facet normal 0.762162 0 -0.647386
      outer loop
         vertex 0.0297543 0.0455 0.0448506
         vertex 0.0298809 0.0455 0.0449842
         vertex 0.0298809 0.0415 0.0449842
      endloop
   endfacet
   facet normal 0.827689 0 -0.561187
      outer loop
         vertex 0.0296429 0.0455 0.0447041
         vertex 0.0297543 0.0455 0.0448506
         vertex 0.0297543 0.0415 0.0448506
      endloop
   endfacet
   facet normal 0.883512 0 -0.468408
      outer loop
         vertex 0.029548 0.0455 0.0445463
         vertex 0.0296429 0.0455 0.0447041
         vertex 0.0296429 0.0415 0.0447041
      endloop
   endfacet
   facet normal 0.928977 0 -0.370138
      outer loop
         vertex 0.0294707 0.0455 0.0443793
         vertex 0.029548 0.0455 0.0445463
         vertex 0.029548 0.0415 0.0445463
      endloop
   endfacet
   facet normal 0.96355 0 -0.267528
      outer loop
         vertex 0.029412 0.0455 0.0442048
         vertex 0.0294707 0.0455 0.0443793
         vertex 0.0294707 0.0415 0.0443793
      endloop
   endfacet
   facet normal 0.986827 0 -0.161782
      outer loop
         vertex 0.0293724 0.0455 0.0440251
         vertex 0.029412 0.0455 0.0442048
         vertex 0.029412 0.0415 0.0442048
      endloop
   endfacet
   facet normal 0.998533 0 -0.0541389
      outer loop
         vertex 0.0293525 0.0455 0.0438421
         vertex 0.0293724 0.0455 0.0440251
         vertex 0.0293724 0.0415 0.0440251
      endloop
   endfacet
   facet normal 0.998533 0 0.0541389
      outer loop
         vertex 0.0293525 0.0455 0.043658
         vertex 0.0293525 0.0455 0.0438421
         vertex 0.0293525 0.0415 0.0438421
      endloop
   endfacet
   facet normal 0.986827 0 0.161782
      outer loop
         vertex 0.0293724 0.0455 0.043475
         vertex 0.0293525 0.0455 0.043658
         vertex 0.0293525 0.0415 0.043658
      endloop
   endfacet
   facet normal 0.96355 0 0.267528
      outer loop
         vertex 0.029412 0.0455 0.0432952
         vertex 0.0293724 0.0455 0.043475
         vertex 0.0293724 0.0415 0.043475
      endloop
   endfacet
   facet normal 0.928977 0 0.370138
      outer loop
         vertex 0.0294707 0.0455 0.0431208
         vertex 0.029412 0.0455 0.0432952
         vertex 0.029412 0.0415 0.0432952
      endloop
   endfacet
   facet normal 0.883512 0 0.468408
      outer loop
         vertex 0.029548 0.0455 0.0429538
         vertex 0.0294707 0.0455 0.0431208
         vertex 0.0294707 0.0415 0.0431208
      endloop
   endfacet
   facet normal 0.827689 0 0.561187
      outer loop
         vertex 0.0296429 0.0455 0.042796
         vertex 0.029548 0.0455 0.0429538
         vertex 0.029548 0.0415 0.0429538
      endloop
   endfacet
   facet normal 0.762162 0 0.647386
      outer loop
         vertex 0.0297543 0.0455 0.0426495
         vertex 0.0296429 0.0455 0.042796
         vertex 0.0296429 0.0415 0.042796
      endloop
   endfacet
   facet normal 0.687699 0 0.725995
      outer loop
         vertex 0.0298809 0.0455 0.0425159
         vertex 0.0297543 0.0455 0.0426495
         vertex 0.0297543 0.0415 0.0426495
      endloop
   endfacet
   facet normal 0.605174 0 0.796093
      outer loop
         vertex 0.0300212 0.0455 0.0423967
         vertex 0.0298809 0.0455 0.0425159
         vertex 0.0298809 0.0415 0.0425159
      endloop
   endfacet
   facet normal 0.515554 0 0.856857
      outer loop
         vertex 0.0301736 0.0455 0.0422934
         vertex 0.0300212 0.0455 0.0423967
         vertex 0.0300212 0.0415 0.0423967
      endloop
   endfacet
   facet normal 0.419889 0 0.907575
      outer loop
         vertex 0.0303362 0.0455 0.0422072
         vertex 0.0301736 0.0455 0.0422934
         vertex 0.0301736 0.0415 0.0422934
      endloop
   endfacet
   facet normal 0.319302 0 0.947653
      outer loop
         vertex 0.0305072 0.0455 0.042139
         vertex 0.0303362 0.0455 0.0422072
         vertex 0.0303362 0.0415 0.0422072
      endloop
   endfacet
   facet normal 0.21497 0 0.976621
      outer loop
         vertex 0.0306846 0.0455 0.0420898
         vertex 0.0305072 0.0455 0.042139
         vertex 0.0305072 0.0415 0.042139
      endloop
   endfacet
   facet normal 0.108119 0 0.994138
      outer loop
         vertex 0.0308662 0.0455 0.04206
         vertex 0.0306846 0.0455 0.0420898
         vertex 0.0306846 0.0415 0.0420898
      endloop
   endfacet
   facet normal 2.44929e-16 0 1
      outer loop
         vertex 0.03105 0.0455 0.04205
         vertex 0.0308662 0.0455 0.04206
         vertex 0.0308662 0.0415 0.04206
      endloop
   endfacet
   facet normal 0 1 0
      outer loop
         vertex 0.0127276 0.0455 0.0440251
         vertex 0.0303362 0.0455 0.0452929
         vertex 0.0301736 0.0455 0.0452067
      endloop
   endfacet
   facet normal 0 1 0
      outer loop
         vertex 0.0301736 0.0455 0.0452067
         vertex 0.0127475 0.0455 0.0438421
         vertex 0.0127276 0.0455 0.0440251
      endloop
   endfacet
   facet normal 0 1 0
      outer loop
         vertex 0 0.0455 0
         vertex 0.0101736 0.0455 0.00229339
         vertex 0.0103362 0.0455 0.00220717
      endloop
   endfacet
   facet normal 0 1 0
      outer loop
         vertex 0.0127276 0.0455 0.00402508
         vertex 0.0298809 0.0455 0.00498424
         vertex 0.0297543 0.0455 0.0048506
      endloop
   endfacet
   facet normal 0 1 0
      outer loop
         vertex 0.0300212 0.0455 0.0451034
         vertex 0.0127475 0.0455 0.043658
         vertex 0.0127475 0.0455 0.0438421
      endloop
   endfacet
   facet normal 0 1 0
      outer loop
         vertex 0 0.0455 0
         vertex 0.01105 0.0455 0.00205005
         vertex 0.0112338 0.0455 0.00206001
      endloop
   endfacet
   facet normal 0 1 0
      outer loop
         vertex 0.0103362 0.0455 0.00220717
         vertex 0.0105072 0.0455 0.00213904
         vertex 0 0.0455 0
      endloop
   endfacet
   facet normal 0 1 0
      outer loop
         vertex 0.0127276 0.0455 0.00402508
         vertex 0.0300212 0.0455 0.0051034
         vertex 0.0298809 0.0455 0.00498424
      endloop
   endfacet
   facet normal 0 1 0
      outer loop
         vertex 0.0303362 0.0455 0.0452929
         vertex 0.0127276 0.0455 0.0440251
         vertex 0.012688 0.0455 0.0442048
      endloop
   endfacet
   facet normal 0 1 0
      outer loop
         vertex 0.0300212 0.0455 0.0451034
         vertex 0.0127276 0.0455 0.043475
         vertex 0.0127475 0.0455 0.043658
      endloop
   endfacet
   facet normal 0 1 0
      outer loop
         vertex 0.0112338 0.0455 0.00206001
         vertex 0.0293724 0.0455 0.00347502
         vertex 0 0.0455 0
      endloop
   endfacet
   facet normal 0 1 0
      outer loop
         vertex 0.0105072 0.0455 0.00213904
         vertex 0.0106846 0.0455 0.00208979
         vertex 0 0.0455 0
      endloop
   endfacet
   facet normal 0 1 0
      outer loop
         vertex 0 0.0455 0
         vertex 0.00941197 0.0455 0.00420484
         vertex 0.00937239 0.0455 0.00402508
      endloop
   endfacet
   facet normal 0 1 0
      outer loop
         vertex 0.0055 0.0455 0.0110002
         vertex 0.00947074 0.0455 0.00437928
         vertex 0.00941197 0.0455 0.00420484
      endloop
   endfacet
   facet normal 0 1 0
      outer loop
         vertex 0.0055 0.0455 0.0110002
         vertex 0.0101736 0.0455 0.0052067
         vertex 0.0100212 0.0455 0.0051034
      endloop
   endfacet
   facet normal 0 1 0
      outer loop
         vertex 0.0297543 0.0455 0.0048506
         vertex 0.0127475 0.0455 0.00384208
         vertex 0.0127276 0.0455 0.00402508
      endloop
   endfacet
   facet normal 0 1 0
      outer loop
         vertex 0.012688 0.0455 0.00420484
         vertex 0.0303362 0.0455 0.00529292
         vertex 0.0301736 0.0455 0.0052067
      endloop
   endfacet
   facet normal 0 1 0
      outer loop
         vertex 0.0055 0.0455 0.0364999
         vertex 0 0.0455 0.0475001
         vertex 0.00941197 0.0455 0.0432952
      endloop
   endfacet
   facet normal 0 1 0
      outer loop
         vertex 0.0301736 0.0455 0.0452067
         vertex 0.0300212 0.0455 0.0451034
         vertex 0.0127475 0.0455 0.0438421
      endloop
   endfacet
   facet normal 0 1 0
      outer loop
         vertex 0.0112338 0.0455 0.00206001
         vertex 0.0293525 0.0455 0.00365801
         vertex 0.0293724 0.0455 0.00347502
      endloop
   endfacet
   facet normal 0 1 0
      outer loop
         vertex 0.0106846 0.0455 0.00208979
         vertex 0.0108662 0.0455 0.00206001
         vertex 0 0.0455 0
      endloop
   endfacet
   facet normal 0 1 0
      outer loop
         vertex 0 0.0455 0
         vertex 0.00935249 0.0455 0.00365801
         vertex 0.00937239 0.0455 0.00347502
      endloop
   endfacet
   facet normal 0 1 0
      outer loop
         vertex 0.00941197 0.0455 0.00420484
         vertex 0 0.0455 0
         vertex 0.0055 0.0455 0.0110002
      endloop
   endfacet
   facet normal 0 1 0
      outer loop
         vertex 0.0055 0.0455 0.0110002
         vertex 0.00964293 0.0455 0.00470406
         vertex 0.00954803 0.0455 0.00454634
      endloop
   endfacet
   facet normal 0 1 0
      outer loop
         vertex 0.0100212 0.0455 0.0051034
         vertex 0.00988091 0.0455 0.00498424
         vertex 0.0055 0.0455 0.0110002
      endloop
   endfacet
   facet normal 0 1 0
      outer loop
         vertex 0.0301736 0.0455 0.0052067
         vertex 0.0300212 0.0455 0.0051034
         vertex 0.012688 0.0455 0.00420484
      endloop
   endfacet
   facet normal 0 1 0
      outer loop
         vertex 0.0348 0.0455 0.0475001
         vertex 0.0327276 0.0455 0.0440251
         vertex 0.032688 0.0455 0.0442048
      endloop
   endfacet
   facet normal 0 1 0
      outer loop
         vertex 0.029412 0.0455 0.0432952
         vertex 0.0055 0.0455 0.0364999
         vertex 0.0112338 0.0455 0.04206
      endloop
   endfacet
   facet normal 0 1 0
      outer loop
         vertex 0.0055 0.0455 0.0364999
         vertex 0.0103362 0.0455 0.0422072
         vertex 0.0105072 0.0455 0.042139
      endloop
   endfacet
   facet normal 0 1 0
      outer loop
         vertex 0 0.0455 0.0475001
         vertex 0.00937239 0.0455 0.043475
         vertex 0.00941197 0.0455 0.0432952
      endloop
   endfacet
   facet normal 0 1 0
      outer loop
         vertex 0 0.0455 0.0475001
         vertex 0.00935249 0.0455 0.0438421
         vertex 0.00935249 0.0455 0.043658
      endloop
   endfacet
   facet normal 0 1 0
      outer loop
         vertex 0.0300212 0.0455 0.0451034
         vertex 0.012688 0.0455 0.0432952
         vertex 0.0127276 0.0455 0.043475
      endloop
   endfacet
   facet normal 0 1 0
      outer loop
         vertex 0.0348 0.0455 0
         vertex 0.03105 0.0455 0.00205005
         vertex 0.0312338 0.0455 0.00206001
      endloop
   endfacet
   facet normal 0 1 0
      outer loop
         vertex 0 0.0455 0
         vertex 0.0303362 0.0455 0.00220717
         vertex 0.0305072 0.0455 0.00213904
      endloop
   endfacet
   facet normal 0 1 0
      outer loop
         vertex 0.0108662 0.0455 0.00206001
         vertex 0.01105 0.0455 0.00205005
         vertex 0 0.0455 0
      endloop
   endfacet
   facet normal 0 1 0
      outer loop
         vertex 0 0.0455 0
         vertex 0.00935249 0.0455 0.00384208
         vertex 0.00935249 0.0455 0.00365801
      endloop
   endfacet
   facet normal 0 1 0
      outer loop
         vertex 0.00954803 0.0455 0.00454634
         vertex 0.00947074 0.0455 0.00437928
         vertex 0.0055 0.0455 0.0110002
      endloop
   endfacet
   facet normal 0 1 0
      outer loop
         vertex 0.00988091 0.0455 0.00498424
         vertex 0.00975432 0.0455 0.0048506
         vertex 0.0055 0.0455 0.0110002
      endloop
   endfacet
   facet normal 0 1 0
      outer loop
         vertex 0.0055 0.0455 0.0110002
         vertex 0.0105072 0.0455 0.00536106
         vertex 0.0103362 0.0455 0.00529292
      endloop
   endfacet
   facet normal 0 1 0
      outer loop
         vertex 0.0127276 0.0455 0.00402508
         vertex 0.012688 0.0455 0.00420484
         vertex 0.0300212 0.0455 0.0051034
      endloop
   endfacet
   facet normal 0 1 0
      outer loop
         vertex 0.0297543 0.0455 0.0048506
         vertex 0.012688 0.0455 0.00329525
         vertex 0.0127276 0.0455 0.00347502
      endloop
   endfacet
   facet normal 0 1 0
      outer loop
         vertex 0.032688 0.0455 0.0442048
         vertex 0.0326293 0.0455 0.0443793
         vertex 0.0348 0.0455 0.0475001
      endloop
   endfacet
   facet normal 0 1 0
      outer loop
         vertex 0.0348 0.0455 0.0364999
         vertex 0.0326293 0.0455 0.0431208
         vertex 0.032688 0.0455 0.0432952
      endloop
   endfacet
   facet normal 0 1 0
      outer loop
         vertex 0.0055 0.0455 0.0364999
         vertex 0.01105 0.0455 0.04205
         vertex 0.0112338 0.0455 0.04206
      endloop
   endfacet
   facet normal 0 1 0
      outer loop
         vertex 0.0105072 0.0455 0.042139
         vertex 0.0106846 0.0455 0.0420898
         vertex 0.0055 0.0455 0.0364999
      endloop
   endfacet
   facet normal 0 1 0
      outer loop
         vertex 0.0055 0.0455 0.0364999
         vertex 0.00947074 0.0455 0.0431208
         vertex 0.00954803 0.0455 0.0429538
      endloop
   endfacet
   facet normal 0 1 0
      outer loop
         vertex 0.00935249 0.0455 0.043658
         vertex 0.00937239 0.0455 0.043475
         vertex 0 0.0455 0.0475001
      endloop
   endfacet
   facet normal 0 1 0
      outer loop
         vertex 0.0300212 0.0455 0.0451034
         vertex 0.0126293 0.0455 0.0431208
         vertex 0.012688 0.0455 0.0432952
      endloop
   endfacet
   facet normal 0 1 0
      outer loop
         vertex 0.0124571 0.0455 0.00470406
         vertex 0.0348 0.0455 0.0110002
         vertex 0.03105 0.0455 0.00545005
      endloop
   endfacet
   facet normal 0 1 0
      outer loop
         vertex 0.0348 0.0455 0
         vertex 0.0315928 0.0455 0.00213904
         vertex 0.0317638 0.0455 0.00220717
      endloop
   endfacet
   facet normal 0 1 0
      outer loop
         vertex 0.0312338 0.0455 0.00206001
         vertex 0.0314154 0.0455 0.00208979
         vertex 0.0348 0.0455 0
      endloop
   endfacet
   facet normal 0 1 0
      outer loop
         vertex 0.0305072 0.0455 0.00213904
         vertex 0.0348 0.0455 0
         vertex 0 0.0455 0
      endloop
   endfacet
   facet normal 0 1 0
      outer loop
         vertex 0 0.0455 0
         vertex 0.0100212 0.0455 0.00239669
         vertex 0.0101736 0.0455 0.00229339
      endloop
   endfacet
   facet normal 0 1 0
      outer loop
         vertex 0 0.0455 0
         vertex 0.00975432 0.0455 0.00264949
         vertex 0.00988091 0.0455 0.00251585
      endloop
   endfacet
   facet normal 0 1 0
      outer loop
         vertex 0 0.0455 0
         vertex 0.00941197 0.0455 0.00329525
         vertex 0.00947074 0.0455 0.00312081
      endloop
   endfacet
   facet normal 0 1 0
      outer loop
         vertex 0.00937239 0.0455 0.00402508
         vertex 0.00935249 0.0455 0.00384208
         vertex 0 0.0455 0
      endloop
   endfacet
   facet normal 0 1 0
      outer loop
         vertex 0.0103362 0.0455 0.00529292
         vertex 0.0101736 0.0455 0.0052067
         vertex 0.0055 0.0455 0.0110002
      endloop
   endfacet
   facet normal 0 1 0
      outer loop
         vertex 0.012688 0.0455 0.00420484
         vertex 0.0126293 0.0455 0.00437928
         vertex 0.0303362 0.0455 0.00529292
      endloop
   endfacet
   facet normal 0 1 0
      outer loop
         vertex 0.0297543 0.0455 0.0048506
         vertex 0.0126293 0.0455 0.00312081
         vertex 0.012688 0.0455 0.00329525
      endloop
   endfacet
   facet normal 0 1 0
      outer loop
         vertex 0.0297543 0.0455 0.0048506
         vertex 0.0124571 0.0455 0.00279603
         vertex 0.012552 0.0455 0.00295375
      endloop
   endfacet
   facet normal 0 1 0
      outer loop
         vertex 0.0297543 0.0455 0.0048506
         vertex 0.0115928 0.0455 0.00213904
         vertex 0.0117638 0.0455 0.00220717
      endloop
   endfacet
   facet normal 0 1 0
      outer loop
         vertex 0.0348 0.0455 0.0475001
         vertex 0.0327475 0.0455 0.0438421
         vertex 0.0327276 0.0455 0.0440251
      endloop
   endfacet
   facet normal 0 1 0
      outer loop
         vertex 0.0348 0.0455 0.0364999
         vertex 0.0327276 0.0455 0.043475
         vertex 0.0327475 0.0455 0.043658
      endloop
   endfacet
   facet normal 0 1 0
      outer loop
         vertex 0.0348 0.0455 0.0364999
         vertex 0.032552 0.0455 0.0429538
         vertex 0.0326293 0.0455 0.0431208
      endloop
   endfacet
   facet normal 0 1 0
      outer loop
         vertex 0.0112338 0.0455 0.04206
         vertex 0.0293525 0.0455 0.043658
         vertex 0.0293724 0.0455 0.043475
      endloop
   endfacet
   facet normal 0 1 0
      outer loop
         vertex 0.0106846 0.0455 0.0420898
         vertex 0.0108662 0.0455 0.04206
         vertex 0.0055 0.0455 0.0364999
      endloop
   endfacet
   facet normal 0 1 0
      outer loop
         vertex 0.00941197 0.0455 0.0432952
         vertex 0.00947074 0.0455 0.0431208
         vertex 0.0055 0.0455 0.0364999
      endloop
   endfacet
   facet normal 0 1 0
      outer loop
         vertex 0 0.0455 0.0475001
         vertex 0.00941197 0.0455 0.0442048
         vertex 0.00937239 0.0455 0.0440251
      endloop
   endfacet
   facet normal 0 1 0
      outer loop
         vertex 0.012688 0.0455 0.0442048
         vertex 0.0126293 0.0455 0.0443793
         vertex 0.0303362 0.0455 0.0452929
      endloop
   endfacet
   facet normal 0 1 0
      outer loop
         vertex 0.0348 0.0455 0.0110002
         vertex 0.0312338 0.0455 0.00544008
         vertex 0.03105 0.0455 0.00545005
      endloop
   endfacet
   facet normal 0 1 0
      outer loop
         vertex 0.0348 0.0455 0.0110002
         vertex 0.0315928 0.0455 0.00536106
         vertex 0.0314154 0.0455 0.0054103
      endloop
   endfacet
   facet normal 0 1 0
      outer loop
         vertex 0.0348 0.0455 0.0110002
         vertex 0.0327276 0.0455 0.00402508
         vertex 0.032688 0.0455 0.00420484
      endloop
   endfacet
   facet normal 0 1 0
      outer loop
         vertex 0.0348 0.0455 0.0110002
         vertex 0.0348 0.0455 0
         vertex 0.0327475 0.0455 0.00384208
      endloop
   endfacet
   facet normal 0 1 0
      outer loop
         vertex 0.0348 0.0455 0
         vertex 0.0322191 0.0455 0.00251585
         vertex 0.0323457 0.0455 0.00264949
      endloop
   endfacet
   facet normal 0 1 0
      outer loop
         vertex 0.0348 0.0455 0
         vertex 0.0319264 0.0455 0.00229339
         vertex 0.0320788 0.0455 0.00239669
      endloop
   endfacet
   facet normal 0 1 0
      outer loop
         vertex 0.0314154 0.0455 0.00208979
         vertex 0.0315928 0.0455 0.00213904
         vertex 0.0348 0.0455 0
      endloop
   endfacet
   facet normal 0 1 0
      outer loop
         vertex 0.0305072 0.0455 0.00213904
         vertex 0.0306846 0.0455 0.00208979
         vertex 0.0348 0.0455 0
      endloop
   endfacet
   facet normal 0 1 0
      outer loop
         vertex 0 0.0455 0
         vertex 0.0300212 0.0455 0.00239669
         vertex 0.0301736 0.0455 0.00229339
      endloop
   endfacet
   facet normal 0 1 0
      outer loop
         vertex 0.0112338 0.0455 0.00206001
         vertex 0.0293525 0.0455 0.00384208
         vertex 0.0293525 0.0455 0.00365801
      endloop
   endfacet
   facet normal 0 1 0
      outer loop
         vertex 0.0112338 0.0455 0.00206001
         vertex 0.029412 0.0455 0.00420484
         vertex 0.0293724 0.0455 0.00402508
      endloop
   endfacet
   facet normal 0 1 0
      outer loop
         vertex 0 0.0455 0
         vertex 0.00964293 0.0455 0.00279603
         vertex 0.00975432 0.0455 0.00264949
      endloop
   endfacet
   facet normal 0 1 0
      outer loop
         vertex 0.00947074 0.0455 0.00312081
         vertex 0.00954803 0.0455 0.00295375
         vertex 0 0.0455 0
      endloop
   endfacet
   facet normal 0 1 0
      outer loop
         vertex 0.00975432 0.0455 0.0048506
         vertex 0.00964293 0.0455 0.00470406
         vertex 0.0055 0.0455 0.0110002
      endloop
   endfacet
   facet normal 0 1 0
      outer loop
         vertex 0.0055 0.0455 0.0110002
         vertex 0.0108662 0.0455 0.00544008
         vertex 0.0106846 0.0455 0.0054103
      endloop
   endfacet
   facet normal 0 1 0
      outer loop
         vertex 0.0297543 0.0455 0.0048506
         vertex 0.0127475 0.0455 0.00365801
         vertex 0.0127475 0.0455 0.00384208
      endloop
   endfacet
   facet normal 0 1 0
      outer loop
         vertex 0.012552 0.0455 0.00295375
         vertex 0.0126293 0.0455 0.00312081
         vertex 0.0297543 0.0455 0.0048506
      endloop
   endfacet
   facet normal 0 1 0
      outer loop
         vertex 0.0297543 0.0455 0.0048506
         vertex 0.0122191 0.0455 0.00251585
         vertex 0.0123457 0.0455 0.00264949
      endloop
   endfacet
   facet normal 0 1 0
      outer loop
         vertex 0.0297543 0.0455 0.0048506
         vertex 0.0114154 0.0455 0.00208979
         vertex 0.0115928 0.0455 0.00213904
      endloop
   endfacet
   facet normal 0 1 0
      outer loop
         vertex 0.0348 0.0455 0.0475001
         vertex 0.0327475 0.0455 0.043658
         vertex 0.0327475 0.0455 0.0438421
      endloop
   endfacet
   facet normal 0 1 0
      outer loop
         vertex 0.032688 0.0455 0.0432952
         vertex 0.0327276 0.0455 0.043475
         vertex 0.0348 0.0455 0.0364999
      endloop
   endfacet
   facet normal 0 1 0
      outer loop
         vertex 0.0055 0.0455 0.0364999
         vertex 0.0296429 0.0455 0.042796
         vertex 0.0297543 0.0455 0.0426495
      endloop
   endfacet
   facet normal 0 1 0
      outer loop
         vertex 0.0108662 0.0455 0.04206
         vertex 0.01105 0.0455 0.04205
         vertex 0.0055 0.0455 0.0364999
      endloop
   endfacet
   facet normal 0 1 0
      outer loop
         vertex 0.0112338 0.0455 0.04206
         vertex 0.0293724 0.0455 0.0440251
         vertex 0.0293525 0.0455 0.0438421
      endloop
   endfacet
   facet normal 0 1 0
      outer loop
         vertex 0.0055 0.0455 0.0364999
         vertex 0.0100212 0.0455 0.0423967
         vertex 0.0101736 0.0455 0.0422934
      endloop
   endfacet
   facet normal 0 1 0
      outer loop
         vertex 0.0055 0.0455 0.0364999
         vertex 0.00975432 0.0455 0.0426495
         vertex 0.00988091 0.0455 0.0425159
      endloop
   endfacet
   facet normal 0 1 0
      outer loop
         vertex 0.00937239 0.0455 0.0440251
         vertex 0.00935249 0.0455 0.0438421
         vertex 0 0.0455 0.0475001
      endloop
   endfacet
   facet normal 0 1 0
      outer loop
         vertex 0 0.0455 0.0475001
         vertex 0.0106846 0.0455 0.0454103
         vertex 0.0105072 0.0455 0.0453611
      endloop
   endfacet
   facet normal 0 1 0
      outer loop
         vertex 0.0348 0.0455 0.0475001
         vertex 0.0119264 0.0455 0.0452067
         vertex 0.0117638 0.0455 0.0452929
      endloop
   endfacet
   facet normal 0 1 0
      outer loop
         vertex 0.0303362 0.0455 0.0452929
         vertex 0.012552 0.0455 0.0445463
         vertex 0.0124571 0.0455 0.0447041
      endloop
   endfacet
   facet normal 0 1 0
      outer loop
         vertex 0.0300212 0.0455 0.0451034
         vertex 0.012552 0.0455 0.0429538
         vertex 0.0126293 0.0455 0.0431208
      endloop
   endfacet
   facet normal 0 1 0
      outer loop
         vertex 0.0123457 0.0455 0.0448506
         vertex 0.0348 0.0455 0.0475001
         vertex 0.0306846 0.0455 0.0454103
      endloop
   endfacet
   facet normal 0 1 0
      outer loop
         vertex 0.0348 0.0455 0.0110002
         vertex 0.0115928 0.0455 0.00536106
         vertex 0.0114154 0.0455 0.0054103
      endloop
   endfacet
   facet normal 0 1 0
      outer loop
         vertex 0.0348 0.0455 0.0110002
         vertex 0.0119264 0.0455 0.0052067
         vertex 0.0117638 0.0455 0.00529292
      endloop
   endfacet
   facet normal 0 1 0
      outer loop
         vertex 0.0348 0.0455 0.0110002
         vertex 0.0122191 0.0455 0.00498424
         vertex 0.0120788 0.0455 0.0051034
      endloop
   endfacet
   facet normal 0 1 0
      outer loop
         vertex 0.0348 0.0455 0.0110002
         vertex 0.0124571 0.0455 0.00470406
         vertex 0.0123457 0.0455 0.0048506
      endloop
   endfacet
   facet normal 0 1 0
      outer loop
         vertex 0.0314154 0.0455 0.0054103
         vertex 0.0312338 0.0455 0.00544008
         vertex 0.0348 0.0455 0.0110002
      endloop
   endfacet
   facet normal 0 1 0
      outer loop
         vertex 0.0327475 0.0455 0.00384208
         vertex 0.0327276 0.0455 0.00402508
         vertex 0.0348 0.0455 0.0110002
      endloop
   endfacet
   facet normal 0 1 0
      outer loop
         vertex 0.0348 0.0455 0
         vertex 0.0326293 0.0455 0.00312081
         vertex 0.032688 0.0455 0.00329525
      endloop
   endfacet
   facet normal 0 1 0
      outer loop
         vertex 0.0348 0.0455 0
         vertex 0.0324571 0.0455 0.00279603
         vertex 0.032552 0.0455 0.00295375
      endloop
   endfacet
   facet normal 0 1 0
      outer loop
         vertex 0.0320788 0.0455 0.00239669
         vertex 0.0322191 0.0455 0.00251585
         vertex 0.0348 0.0455 0
      endloop
   endfacet
   facet normal 0 1 0
      outer loop
         vertex 0.0348 0.0455 0
         vertex 0.0308662 0.0455 0.00206001
         vertex 0.03105 0.0455 0.00205005
      endloop
   endfacet
   facet normal 0 1 0
      outer loop
         vertex 0.0301736 0.0455 0.00229339
         vertex 0.0303362 0.0455 0.00220717
         vertex 0 0.0455 0
      endloop
   endfacet
   facet normal 0 1 0
      outer loop
         vertex 0.0293724 0.0455 0.00402508
         vertex 0.0293525 0.0455 0.00384208
         vertex 0.0112338 0.0455 0.00206001
      endloop
   endfacet
   facet normal 0 1 0
      outer loop
         vertex 0.00954803 0.0455 0.00295375
         vertex 0.00964293 0.0455 0.00279603
         vertex 0 0.0455 0
      endloop
   endfacet
   facet normal 0 1 0
      outer loop
         vertex 0.0106846 0.0455 0.0054103
         vertex 0.0105072 0.0455 0.00536106
         vertex 0.0055 0.0455 0.0110002
      endloop
   endfacet
   facet normal 0 1 0
      outer loop
         vertex 0.0127276 0.0455 0.00347502
         vertex 0.0127475 0.0455 0.00365801
         vertex 0.0297543 0.0455 0.0048506
      endloop
   endfacet
   facet normal 0 1 0
      outer loop
         vertex 0.0297543 0.0455 0.0048506
         vertex 0.0120788 0.0455 0.00239669
         vertex 0.0122191 0.0455 0.00251585
      endloop
   endfacet
   facet normal 0 1 0
      outer loop
         vertex 0.0297543 0.0455 0.0048506
         vertex 0.0112338 0.0455 0.00206001
         vertex 0.0114154 0.0455 0.00208979
      endloop
   endfacet
   facet normal 0 1 0
      outer loop
         vertex 0.012552 0.0455 0.00454634
         vertex 0.0308662 0.0455 0.00544008
         vertex 0.0306846 0.0455 0.0054103
      endloop
   endfacet
   facet normal 0 1 0
      outer loop
         vertex 0.0348 0.0455 0.0475001
         vertex 0.032552 0.0455 0.0445463
         vertex 0.0324571 0.0455 0.0447041
      endloop
   endfacet
   facet normal 0 1 0
      outer loop
         vertex 0.0327475 0.0455 0.043658
         vertex 0.0348 0.0455 0.0475001
         vertex 0.0348 0.0455 0.0364999
      endloop
   endfacet
   facet normal 0 1 0
      outer loop
         vertex 0.0055 0.0455 0.0364999
         vertex 0.0300212 0.0455 0.0423967
         vertex 0.0301736 0.0455 0.0422934
      endloop
   endfacet
   facet normal 0 1 0
      outer loop
         vertex 0.0297543 0.0455 0.0426495
         vertex 0.0298809 0.0455 0.0425159
         vertex 0.0055 0.0455 0.0364999
      endloop
   endfacet
   facet normal 0 1 0
      outer loop
         vertex 0.0055 0.0455 0.0364999
         vertex 0.0294707 0.0455 0.0431208
         vertex 0.029548 0.0455 0.0429538
      endloop
   endfacet
   facet normal 0 1 0
      outer loop
         vertex 0.0293525 0.0455 0.0438421
         vertex 0.0293525 0.0455 0.043658
         vertex 0.0112338 0.0455 0.04206
      endloop
   endfacet
   facet normal 0 1 0
      outer loop
         vertex 0.0112338 0.0455 0.04206
         vertex 0.0294707 0.0455 0.0443793
         vertex 0.029412 0.0455 0.0442048
      endloop
   endfacet
   facet normal 0 1 0
      outer loop
         vertex 0.0112338 0.0455 0.04206
         vertex 0.0296429 0.0455 0.0447041
         vertex 0.029548 0.0455 0.0445463
      endloop
   endfacet
   facet normal 0 1 0
      outer loop
         vertex 0.00988091 0.0455 0.0425159
         vertex 0.0100212 0.0455 0.0423967
         vertex 0.0055 0.0455 0.0364999
      endloop
   endfacet
   facet normal 0 1 0
      outer loop
         vertex 0.00954803 0.0455 0.0429538
         vertex 0.00964293 0.0455 0.042796
         vertex 0.0055 0.0455 0.0364999
      endloop
   endfacet
   facet normal 0 1 0
      outer loop
         vertex 0.0105072 0.0455 0.0453611
         vertex 0.0103362 0.0455 0.0452929
         vertex 0 0.0455 0.0475001
      endloop
   endfacet
   facet normal 0 1 0
      outer loop
         vertex 0.0117638 0.0455 0.0452929
         vertex 0.0115928 0.0455 0.0453611
         vertex 0.0348 0.0455 0.0475001
      endloop
   endfacet
   facet normal 0 1 0
      outer loop
         vertex 0.0126293 0.0455 0.0443793
         vertex 0.012552 0.0455 0.0445463
         vertex 0.0303362 0.0455 0.0452929
      endloop
   endfacet
   facet normal 0 1 0
      outer loop
         vertex 0.0300212 0.0455 0.0451034
         vertex 0.0123457 0.0455 0.0426495
         vertex 0.0124571 0.0455 0.042796
      endloop
   endfacet
   facet normal 0 1 0
      outer loop
         vertex 0.0306846 0.0455 0.0454103
         vertex 0.0305072 0.0455 0.0453611
         vertex 0.0123457 0.0455 0.0448506
      endloop
   endfacet
   facet normal 0 1 0
      outer loop
         vertex 0.0300212 0.0455 0.0451034
         vertex 0.0114154 0.0455 0.0420898
         vertex 0.0115928 0.0455 0.042139
      endloop
   endfacet
   facet normal 0 1 0
      outer loop
         vertex 0.0114154 0.0455 0.0054103
         vertex 0.0055 0.0455 0.0110002
         vertex 0.0348 0.0455 0.0110002
      endloop
   endfacet
   facet normal 0 1 0
      outer loop
         vertex 0.0120788 0.0455 0.0051034
         vertex 0.0119264 0.0455 0.0052067
         vertex 0.0348 0.0455 0.0110002
      endloop
   endfacet
   facet normal 0 1 0
      outer loop
         vertex 0.03105 0.0455 0.00545005
         vertex 0.012552 0.0455 0.00454634
         vertex 0.0124571 0.0455 0.00470406
      endloop
   endfacet
   facet normal 0 1 0
      outer loop
         vertex 0.0348 0.0455 0.0110002
         vertex 0.0319264 0.0455 0.0052067
         vertex 0.0317638 0.0455 0.00529292
      endloop
   endfacet
   facet normal 0 1 0
      outer loop
         vertex 0.0348 0.0455 0.0110002
         vertex 0.0322191 0.0455 0.00498424
         vertex 0.0320788 0.0455 0.0051034
      endloop
   endfacet
   facet normal 0 1 0
      outer loop
         vertex 0.0348 0.0455 0
         vertex 0.0327475 0.0455 0.00365801
         vertex 0.0327475 0.0455 0.00384208
      endloop
   endfacet
   facet normal 0 1 0
      outer loop
         vertex 0.032688 0.0455 0.00329525
         vertex 0.0327276 0.0455 0.00347502
         vertex 0.0348 0.0455 0
      endloop
   endfacet
   facet normal 0 1 0
      outer loop
         vertex 0.0323457 0.0455 0.00264949
         vertex 0.0324571 0.0455 0.00279603
         vertex 0.0348 0.0455 0
      endloop
   endfacet
   facet normal 0 1 0
      outer loop
         vertex 0.0306846 0.0455 0.00208979
         vertex 0.0308662 0.0455 0.00206001
         vertex 0.0348 0.0455 0
      endloop
   endfacet
   facet normal 0 1 0
      outer loop
         vertex 0 0.0455 0
         vertex 0.0297543 0.0455 0.00264949
         vertex 0.0298809 0.0455 0.00251585
      endloop
   endfacet
   facet normal 0 1 0
      outer loop
         vertex 0 0.0455 0
         vertex 0.0294707 0.0455 0.00312081
         vertex 0.029548 0.0455 0.00295375
      endloop
   endfacet
   facet normal 0 1 0
      outer loop
         vertex 0.00988091 0.0455 0.00251585
         vertex 0.0100212 0.0455 0.00239669
         vertex 0 0.0455 0
      endloop
   endfacet
   facet normal 0 1 0
      outer loop
         vertex 0.0055 0.0455 0.0110002
         vertex 0.01105 0.0455 0.00545005
         vertex 0.0108662 0.0455 0.00544008
      endloop
   endfacet
   facet normal 0 1 0
      outer loop
         vertex 0.0112338 0.0455 0.00206001
         vertex 0.029548 0.0455 0.00454634
         vertex 0.0294707 0.0455 0.00437928
      endloop
   endfacet
   facet normal 0 1 0
      outer loop
         vertex 0.0112338 0.0455 0.00206001
         vertex 0.0297543 0.0455 0.0048506
         vertex 0.0296429 0.0455 0.00470406
      endloop
   endfacet
   facet normal 0 1 0
      outer loop
         vertex 0.0123457 0.0455 0.00264949
         vertex 0.0124571 0.0455 0.00279603
         vertex 0.0297543 0.0455 0.0048506
      endloop
   endfacet
   facet normal 0 1 0
      outer loop
         vertex 0.0117638 0.0455 0.00220717
         vertex 0.0119264 0.0455 0.00229339
         vertex 0.0297543 0.0455 0.0048506
      endloop
   endfacet
   facet normal 0 1 0
      outer loop
         vertex 0.0306846 0.0455 0.0054103
         vertex 0.0305072 0.0455 0.00536106
         vertex 0.012552 0.0455 0.00454634
      endloop
   endfacet
   facet normal 0 1 0
      outer loop
         vertex 0.0348 0.0455 0.0475001
         vertex 0.0320788 0.0455 0.0451034
         vertex 0.0319264 0.0455 0.0452067
      endloop
   endfacet
   facet normal 0 1 0
      outer loop
         vertex 0.0348 0.0455 0.0475001
         vertex 0.0323457 0.0455 0.0448506
         vertex 0.0322191 0.0455 0.0449842
      endloop
   endfacet
   facet normal 0 1 0
      outer loop
         vertex 0.0326293 0.0455 0.0443793
         vertex 0.032552 0.0455 0.0445463
         vertex 0.0348 0.0455 0.0475001
      endloop
   endfacet
   facet normal 0 1 0
      outer loop
         vertex 0.0348 0.0455 0.0364999
         vertex 0.0323457 0.0455 0.0426495
         vertex 0.0324571 0.0455 0.042796
      endloop
   endfacet
   facet normal 0 1 0
      outer loop
         vertex 0.0298809 0.0455 0.0425159
         vertex 0.0300212 0.0455 0.0423967
         vertex 0.0055 0.0455 0.0364999
      endloop
   endfacet
   facet normal 0 1 0
      outer loop
         vertex 0.0055 0.0455 0.0364999
         vertex 0.029412 0.0455 0.0432952
         vertex 0.0294707 0.0455 0.0431208
      endloop
   endfacet
   facet normal 0 1 0
      outer loop
         vertex 0.029412 0.0455 0.0442048
         vertex 0.0293724 0.0455 0.0440251
         vertex 0.0112338 0.0455 0.04206
      endloop
   endfacet
   facet normal 0 1 0
      outer loop
         vertex 0.0112338 0.0455 0.04206
         vertex 0.0297543 0.0455 0.0448506
         vertex 0.0296429 0.0455 0.0447041
      endloop
   endfacet
   facet normal 0 1 0
      outer loop
         vertex 0.00964293 0.0455 0.042796
         vertex 0.00975432 0.0455 0.0426495
         vertex 0.0055 0.0455 0.0364999
      endloop
   endfacet
   facet normal 0 1 0
      outer loop
         vertex 0 0.0455 0.0475001
         vertex 0.00975432 0.0455 0.0448506
         vertex 0.00964293 0.0455 0.0447041
      endloop
   endfacet
   facet normal 0 1 0
      outer loop
         vertex 0.0103362 0.0455 0.0452929
         vertex 0.0101736 0.0455 0.0452067
         vertex 0 0.0455 0.0475001
      endloop
   endfacet
   facet normal 0 1 0
      outer loop
         vertex 0 0.0455 0.0475001
         vertex 0.01105 0.0455 0.04545
         vertex 0.0108662 0.0455 0.0454401
      endloop
   endfacet
   facet normal 0 1 0
      outer loop
         vertex 0.0115928 0.0455 0.0453611
         vertex 0.0114154 0.0455 0.0454103
         vertex 0.0348 0.0455 0.0475001
      endloop
   endfacet
   facet normal 0 1 0
      outer loop
         vertex 0.0124571 0.0455 0.042796
         vertex 0.012552 0.0455 0.0429538
         vertex 0.0300212 0.0455 0.0451034
      endloop
   endfacet
   facet normal 0 1 0
      outer loop
         vertex 0.0348 0.0455 0.0475001
         vertex 0.0308662 0.0455 0.0454401
         vertex 0.0306846 0.0455 0.0454103
      endloop
   endfacet
   facet normal 0 1 0
      outer loop
         vertex 0.0115928 0.0455 0.042139
         vertex 0.0117638 0.0455 0.0422072
         vertex 0.0300212 0.0455 0.0451034
      endloop
   endfacet
   facet normal 0 1 0
      outer loop
         vertex 0.0114154 0.0455 0.0054103
         vertex 0.0112338 0.0455 0.00544008
         vertex 0.0055 0.0455 0.0110002
      endloop
   endfacet
   facet normal 0 1 0
      outer loop
         vertex 0.0123457 0.0455 0.0048506
         vertex 0.0122191 0.0455 0.00498424
         vertex 0.0348 0.0455 0.0110002
      endloop
   endfacet
   facet normal 0 1 0
      outer loop
         vertex 0.0320788 0.0455 0.0051034
         vertex 0.0319264 0.0455 0.0052067
         vertex 0.0348 0.0455 0.0110002
      endloop
   endfacet
   facet normal 0 1 0
      outer loop
         vertex 0.0348 0.0455 0.0110002
         vertex 0.0324571 0.0455 0.00470406
         vertex 0.0323457 0.0455 0.0048506
      endloop
   endfacet
   facet normal 0 1 0
      outer loop
         vertex 0.0327276 0.0455 0.00347502
         vertex 0.0327475 0.0455 0.00365801
         vertex 0.0348 0.0455 0
      endloop
   endfacet
   facet normal 0 1 0
      outer loop
         vertex 0.0317638 0.0455 0.00220717
         vertex 0.0319264 0.0455 0.00229339
         vertex 0.0348 0.0455 0
      endloop
   endfacet
   facet normal 0 1 0
      outer loop
         vertex 0 0.0455 0
         vertex 0.0296429 0.0455 0.00279603
         vertex 0.0297543 0.0455 0.00264949
      endloop
   endfacet
   facet normal 0 1 0
      outer loop
         vertex 0 0.0455 0
         vertex 0.029412 0.0455 0.00329525
         vertex 0.0294707 0.0455 0.00312081
      endloop
   endfacet
   facet normal 0 1 0
      outer loop
         vertex 0.00937239 0.0455 0.00347502
         vertex 0.00941197 0.0455 0.00329525
         vertex 0 0.0455 0
      endloop
   endfacet
   facet normal 0 1 0
      outer loop
         vertex 0.0296429 0.0455 0.00470406
         vertex 0.029548 0.0455 0.00454634
         vertex 0.0112338 0.0455 0.00206001
      endloop
   endfacet
   facet normal 0 1 0
      outer loop
         vertex 0.0119264 0.0455 0.00229339
         vertex 0.0120788 0.0455 0.00239669
         vertex 0.0297543 0.0455 0.0048506
      endloop
   endfacet
   facet normal 0 1 0
      outer loop
         vertex 0.012552 0.0455 0.00454634
         vertex 0.03105 0.0455 0.00545005
         vertex 0.0308662 0.0455 0.00544008
      endloop
   endfacet
   facet normal 0 1 0
      outer loop
         vertex 0.0322191 0.0455 0.0449842
         vertex 0.0320788 0.0455 0.0451034
         vertex 0.0348 0.0455 0.0475001
      endloop
   endfacet
   facet normal 0 1 0
      outer loop
         vertex 0.0324571 0.0455 0.042796
         vertex 0.032552 0.0455 0.0429538
         vertex 0.0348 0.0455 0.0364999
      endloop
   endfacet
   facet normal 0 1 0
      outer loop
         vertex 0.0348 0.0455 0.0364999
         vertex 0.0320788 0.0455 0.0423967
         vertex 0.0322191 0.0455 0.0425159
      endloop
   endfacet
   facet normal 0 1 0
      outer loop
         vertex 0.0348 0.0455 0.0364999
         vertex 0.0317638 0.0455 0.0422072
         vertex 0.0319264 0.0455 0.0422934
      endloop
   endfacet
   facet normal 0 1 0
      outer loop
         vertex 0.0348 0.0455 0.0364999
         vertex 0.0314154 0.0455 0.0420898
         vertex 0.0315928 0.0455 0.042139
      endloop
   endfacet
   facet normal 0 1 0
      outer loop
         vertex 0.0348 0.0455 0.0364999
         vertex 0.03105 0.0455 0.04205
         vertex 0.0312338 0.0455 0.04206
      endloop
   endfacet
   facet normal 0 1 0
      outer loop
         vertex 0.0055 0.0455 0.0364999
         vertex 0.0303362 0.0455 0.0422072
         vertex 0.0305072 0.0455 0.042139
      endloop
   endfacet
   facet normal 0 1 0
      outer loop
         vertex 0.029548 0.0455 0.0429538
         vertex 0.0296429 0.0455 0.042796
         vertex 0.0055 0.0455 0.0364999
      endloop
   endfacet
   facet normal 0 1 0
      outer loop
         vertex 0.029548 0.0455 0.0445463
         vertex 0.0294707 0.0455 0.0443793
         vertex 0.0112338 0.0455 0.04206
      endloop
   endfacet
   facet normal 0 1 0
      outer loop
         vertex 0.0297543 0.0455 0.0448506
         vertex 0.0112338 0.0455 0.04206
         vertex 0.0114154 0.0455 0.0420898
      endloop
   endfacet
   facet normal 0 1 0
      outer loop
         vertex 0 0.0455 0.0475001
         vertex 0.00947074 0.0455 0.0443793
         vertex 0.00941197 0.0455 0.0442048
      endloop
   endfacet
   facet normal 0 1 0
      outer loop
         vertex 0.00964293 0.0455 0.0447041
         vertex 0.00954803 0.0455 0.0445463
         vertex 0 0.0455 0.0475001
      endloop
   endfacet
   facet normal 0 1 0
      outer loop
         vertex 0 0.0455 0.0475001
         vertex 0.0100212 0.0455 0.0451034
         vertex 0.00988091 0.0455 0.0449842
      endloop
   endfacet
   facet normal 0 1 0
      outer loop
         vertex 0.0108662 0.0455 0.0454401
         vertex 0.0106846 0.0455 0.0454103
         vertex 0 0.0455 0.0475001
      endloop
   endfacet
   facet normal 0 1 0
      outer loop
         vertex 0.0348 0.0455 0.0475001
         vertex 0.0112338 0.0455 0.0454401
         vertex 0.01105 0.0455 0.04545
      endloop
   endfacet
   facet normal 0 1 0
      outer loop
         vertex 0.0348 0.0455 0.0475001
         vertex 0.0120788 0.0455 0.0451034
         vertex 0.0119264 0.0455 0.0452067
      endloop
   endfacet
   facet normal 0 1 0
      outer loop
         vertex 0.0305072 0.0455 0.0453611
         vertex 0.0303362 0.0455 0.0452929
         vertex 0.0123457 0.0455 0.0448506
      endloop
   endfacet
   facet normal 0 1 0
      outer loop
         vertex 0.0300212 0.0455 0.0451034
         vertex 0.0120788 0.0455 0.0423967
         vertex 0.0122191 0.0455 0.0425159
      endloop
   endfacet
   facet normal 0 1 0
      outer loop
         vertex 0.0117638 0.0455 0.0422072
         vertex 0.0119264 0.0455 0.0422934
         vertex 0.0300212 0.0455 0.0451034
      endloop
   endfacet
   facet normal 0 1 0
      outer loop
         vertex 0.0117638 0.0455 0.00529292
         vertex 0.0115928 0.0455 0.00536106
         vertex 0.0348 0.0455 0.0110002
      endloop
   endfacet
   facet normal 0 1 0
      outer loop
         vertex 0.0323457 0.0455 0.0048506
         vertex 0.0322191 0.0455 0.00498424
         vertex 0.0348 0.0455 0.0110002
      endloop
   endfacet
   facet normal 0 1 0
      outer loop
         vertex 0.032552 0.0455 0.00295375
         vertex 0.0326293 0.0455 0.00312081
         vertex 0.0348 0.0455 0
      endloop
   endfacet
   facet normal 0 1 0
      outer loop
         vertex 0.029548 0.0455 0.00295375
         vertex 0.0296429 0.0455 0.00279603
         vertex 0 0.0455 0
      endloop
   endfacet
   facet normal 0 1 0
      outer loop
         vertex 0.0294707 0.0455 0.00437928
         vertex 0.029412 0.0455 0.00420484
         vertex 0.0112338 0.0455 0.00206001
      endloop
   endfacet
   facet normal 0 1 0
      outer loop
         vertex 0.0305072 0.0455 0.00536106
         vertex 0.0303362 0.0455 0.00529292
         vertex 0.012552 0.0455 0.00454634
      endloop
   endfacet
   facet normal 0 1 0
      outer loop
         vertex 0.0348 0.0455 0.0475001
         vertex 0.0314154 0.0455 0.0454103
         vertex 0.0312338 0.0455 0.0454401
      endloop
   endfacet
   facet normal 0 1 0
      outer loop
         vertex 0.0348 0.0455 0.0475001
         vertex 0.0317638 0.0455 0.0452929
         vertex 0.0315928 0.0455 0.0453611
      endloop
   endfacet
   facet normal 0 1 0
      outer loop
         vertex 0.0324571 0.0455 0.0447041
         vertex 0.0323457 0.0455 0.0448506
         vertex 0.0348 0.0455 0.0475001
      endloop
   endfacet
   facet normal 0 1 0
      outer loop
         vertex 0.0319264 0.0455 0.0422934
         vertex 0.0320788 0.0455 0.0423967
         vertex 0.0348 0.0455 0.0364999
      endloop
   endfacet
   facet normal 0 1 0
      outer loop
         vertex 0.0312338 0.0455 0.04206
         vertex 0.0314154 0.0455 0.0420898
         vertex 0.0348 0.0455 0.0364999
      endloop
   endfacet
   facet normal 0 1 0
      outer loop
         vertex 0.0305072 0.0455 0.042139
         vertex 0.0348 0.0455 0.0364999
         vertex 0.0055 0.0455 0.0364999
      endloop
   endfacet
   facet normal 0 1 0
      outer loop
         vertex 0.0112338 0.0455 0.04206
         vertex 0.0293724 0.0455 0.043475
         vertex 0.029412 0.0455 0.0432952
      endloop
   endfacet
   facet normal 0 1 0
      outer loop
         vertex 0.0114154 0.0455 0.0420898
         vertex 0.0300212 0.0455 0.0451034
         vertex 0.0298809 0.0455 0.0449842
      endloop
   endfacet
   facet normal 0 1 0
      outer loop
         vertex 0.00954803 0.0455 0.0445463
         vertex 0.00947074 0.0455 0.0443793
         vertex 0 0.0455 0.0475001
      endloop
   endfacet
   facet normal 0 1 0
      outer loop
         vertex 0.0101736 0.0455 0.0452067
         vertex 0.0100212 0.0455 0.0451034
         vertex 0 0.0455 0.0475001
      endloop
   endfacet
   facet normal 0 1 0
      outer loop
         vertex 0.0114154 0.0455 0.0454103
         vertex 0.0112338 0.0455 0.0454401
         vertex 0.0348 0.0455 0.0475001
      endloop
   endfacet
   facet normal 0 1 0
      outer loop
         vertex 0.0348 0.0455 0.0475001
         vertex 0.0123457 0.0455 0.0448506
         vertex 0.0122191 0.0455 0.0449842
      endloop
   endfacet
   facet normal 0 1 0
      outer loop
         vertex 0.0348 0.0455 0.0475001
         vertex 0.03105 0.0455 0.04545
         vertex 0.0308662 0.0455 0.0454401
      endloop
   endfacet
   facet normal 0 1 0
      outer loop
         vertex 0.0119264 0.0455 0.0422934
         vertex 0.0120788 0.0455 0.0423967
         vertex 0.0300212 0.0455 0.0451034
      endloop
   endfacet
   facet normal 0 1 0
      outer loop
         vertex 0.0317638 0.0455 0.00529292
         vertex 0.0315928 0.0455 0.00536106
         vertex 0.0348 0.0455 0.0110002
      endloop
   endfacet
   facet normal 0 1 0
      outer loop
         vertex 0.0348 0.0455 0.0110002
         vertex 0.0326293 0.0455 0.00437928
         vertex 0.032552 0.0455 0.00454634
      endloop
   endfacet
   facet normal 0 1 0
      outer loop
         vertex 0.0298809 0.0455 0.00251585
         vertex 0.0300212 0.0455 0.00239669
         vertex 0 0.0455 0
      endloop
   endfacet
   facet normal 0 1 0
      outer loop
         vertex 0.0126293 0.0455 0.00437928
         vertex 0.012552 0.0455 0.00454634
         vertex 0.0303362 0.0455 0.00529292
      endloop
   endfacet
   facet normal 0 1 0
      outer loop
         vertex 0.0315928 0.0455 0.0453611
         vertex 0.0314154 0.0455 0.0454103
         vertex 0.0348 0.0455 0.0475001
      endloop
   endfacet
   facet normal 0 1 0
      outer loop
         vertex 0.0322191 0.0455 0.0425159
         vertex 0.0323457 0.0455 0.0426495
         vertex 0.0348 0.0455 0.0364999
      endloop
   endfacet
   facet normal 0 1 0
      outer loop
         vertex 0.0348 0.0455 0.0364999
         vertex 0.0308662 0.0455 0.04206
         vertex 0.03105 0.0455 0.04205
      endloop
   endfacet
   facet normal 0 1 0
      outer loop
         vertex 0.0305072 0.0455 0.042139
         vertex 0.0306846 0.0455 0.0420898
         vertex 0.0348 0.0455 0.0364999
      endloop
   endfacet
   facet normal 0 1 0
      outer loop
         vertex 0.0114154 0.0455 0.0420898
         vertex 0.0298809 0.0455 0.0449842
         vertex 0.0297543 0.0455 0.0448506
      endloop
   endfacet
   facet normal 0 1 0
      outer loop
         vertex 0.00988091 0.0455 0.0449842
         vertex 0.00975432 0.0455 0.0448506
         vertex 0 0.0455 0.0475001
      endloop
   endfacet
   facet normal 0 1 0
      outer loop
         vertex 0.0122191 0.0455 0.0449842
         vertex 0.0120788 0.0455 0.0451034
         vertex 0.0348 0.0455 0.0475001
      endloop
   endfacet
   facet normal 0 1 0
      outer loop
         vertex 0.0122191 0.0455 0.0425159
         vertex 0.0123457 0.0455 0.0426495
         vertex 0.0300212 0.0455 0.0451034
      endloop
   endfacet
   facet normal 0 1 0
      outer loop
         vertex 0.032552 0.0455 0.00454634
         vertex 0.0324571 0.0455 0.00470406
         vertex 0.0348 0.0455 0.0110002
      endloop
   endfacet
   facet normal 0 1 0
      outer loop
         vertex 0.0293724 0.0455 0.00347502
         vertex 0.029412 0.0455 0.00329525
         vertex 0 0.0455 0
      endloop
   endfacet
   facet normal 0 1 0
      outer loop
         vertex 0.0319264 0.0455 0.0452067
         vertex 0.0317638 0.0455 0.0452929
         vertex 0.0348 0.0455 0.0475001
      endloop
   endfacet
   facet normal 0 1 0
      outer loop
         vertex 0.0306846 0.0455 0.0420898
         vertex 0.0308662 0.0455 0.04206
         vertex 0.0348 0.0455 0.0364999
      endloop
   endfacet
   facet normal 0 1 0
      outer loop
         vertex 0.0101736 0.0455 0.0422934
         vertex 0.0103362 0.0455 0.0422072
         vertex 0.0055 0.0455 0.0364999
      endloop
   endfacet
   facet normal 0 1 0
      outer loop
         vertex 0.0124571 0.0455 0.0447041
         vertex 0.0123457 0.0455 0.0448506
         vertex 0.0303362 0.0455 0.0452929
      endloop
   endfacet
   facet normal 0 1 0
      outer loop
         vertex 0.032688 0.0455 0.00420484
         vertex 0.0326293 0.0455 0.00437928
         vertex 0.0348 0.0455 0.0110002
      endloop
   endfacet
   facet normal 0 1 0
      outer loop
         vertex 0 0.0455 0.0475001
         vertex 0.0055 0.0455 0.0364999
         vertex 0.0055 0.0455 0.0110002
      endloop
   endfacet
   facet normal 0 1 0
      outer loop
         vertex 0.0315928 0.0455 0.042139
         vertex 0.0317638 0.0455 0.0422072
         vertex 0.0348 0.0455 0.0364999
      endloop
   endfacet
   facet normal 0 1 0
      outer loop
         vertex 0.01105 0.0455 0.04545
         vertex 0 0.0455 0.0475001
         vertex 0.0348 0.0455 0.0475001
      endloop
   endfacet
   facet normal 0 1 0
      outer loop
         vertex 0.0055 0.0455 0.0110002
         vertex 0 0.0455 0
         vertex 0 0.0455 0.0475001
      endloop
   endfacet
   facet normal 0 1 0
      outer loop
         vertex 0.0301736 0.0455 0.0422934
         vertex 0.0303362 0.0455 0.0422072
         vertex 0.0055 0.0455 0.0364999
      endloop
   endfacet
   facet normal 0 1 0
      outer loop
         vertex 0.0312338 0.0455 0.0454401
         vertex 0.03105 0.0455 0.04545
         vertex 0.0348 0.0455 0.0475001
      endloop
   endfacet
   facet normal 0 1 0
      outer loop
         vertex 0.0112338 0.0455 0.00544008
         vertex 0.01105 0.0455 0.00545005
         vertex 0.0055 0.0455 0.0110002
      endloop
   endfacet
   facet normal 0 0 -1
      outer loop
         vertex 0.0348 0.0420022 -7.64363e-18
         vertex 0 0.0420022 -7.64363e-18
         vertex 0 0.0455 0
      endloop
   endfacet
   facet normal 0 0 -1
      outer loop
         vertex 0 0.0455 0
         vertex 0.0348 0.0455 0
         vertex 0.0348 0.0420022 -7.64363e-18
      endloop
   endfacet
   facet normal 0 -0.707107 -0.707107
      outer loop
         vertex 0.0348 0.0415 0.000502173
         vertex 0 0.0415 0.000502173
         vertex 0 0.0420022 -7.64363e-18
      endloop
   endfacet
   facet normal 0 -0.707107 -0.707107
      outer loop
         vertex 0 0.0420022 -7.64363e-18
         vertex 0.0348 0.0420022 -7.64363e-18
         vertex 0.0348 0.0415 0.000502173
      endloop
   endfacet
   facet normal 0.108119 0 0.994138
      outer loop
         vertex 0.0308662 0.0415 0.00206001
         vertex 0.03105 0.0415 0.00205005
         vertex 0.03105 0.0455 0.00205005
      endloop
   endfacet
   facet normal 0.21497 0 0.976621
      outer loop
         vertex 0.0306846 0.0415 0.00208979
         vertex 0.0308662 0.0415 0.00206001
         vertex 0.0308662 0.0455 0.00206001
      endloop
   endfacet
   facet normal 0.319302 0 0.947653
      outer loop
         vertex 0.0305072 0.0415 0.00213904
         vertex 0.0306846 0.0415 0.00208979
         vertex 0.0306846 0.0455 0.00208979
      endloop
   endfacet
   facet normal 0.419889 0 0.907575
      outer loop
         vertex 0.0303362 0.0415 0.00220717
         vertex 0.0305072 0.0415 0.00213904
         vertex 0.0305072 0.0455 0.00213904
      endloop
   endfacet
   facet normal 0.515554 0 0.856857
      outer loop
         vertex 0.0301736 0.0415 0.00229339
         vertex 0.0303362 0.0415 0.00220717
         vertex 0.0303362 0.0455 0.00220717
      endloop
   endfacet
   facet normal 0.605174 0 0.796093
      outer loop
         vertex 0.0300212 0.0415 0.00239669
         vertex 0.0301736 0.0415 0.00229339
         vertex 0.0301736 0.0455 0.00229339
      endloop
   endfacet
   facet normal 0.687699 0 0.725995
      outer loop
         vertex 0.0298809 0.0415 0.00251585
         vertex 0.0300212 0.0415 0.00239669
         vertex 0.0300212 0.0455 0.00239669
      endloop
   endfacet
   facet normal 0.762162 0 0.647386
      outer loop
         vertex 0.0297543 0.0415 0.00264949
         vertex 0.0298809 0.0415 0.00251585
         vertex 0.0298809 0.0455 0.00251585
      endloop
   endfacet
   facet normal 0.827689 0 0.561187
      outer loop
         vertex 0.0296429 0.0415 0.00279603
         vertex 0.0297543 0.0415 0.00264949
         vertex 0.0297543 0.0455 0.00264949
      endloop
   endfacet
   facet normal 0.883512 0 0.468408
      outer loop
         vertex 0.029548 0.0415 0.00295375
         vertex 0.0296429 0.0415 0.00279603
         vertex 0.0296429 0.0455 0.00279603
      endloop
   endfacet
   facet normal 0.928977 0 0.370138
      outer loop
         vertex 0.0294707 0.0415 0.00312081
         vertex 0.029548 0.0415 0.00295375
         vertex 0.029548 0.0455 0.00295375
      endloop
   endfacet
   facet normal 0.96355 0 0.267528
      outer loop
         vertex 0.029412 0.0415 0.00329525
         vertex 0.0294707 0.0415 0.00312081
         vertex 0.0294707 0.0455 0.00312081
      endloop
   endfacet
   facet normal 0.986827 0 0.161782
      outer loop
         vertex 0.0293724 0.0415 0.00347502
         vertex 0.029412 0.0415 0.00329525
         vertex 0.029412 0.0455 0.00329525
      endloop
   endfacet
   facet normal 0.998533 0 0.0541389
      outer loop
         vertex 0.0293525 0.0415 0.00365801
         vertex 0.0293724 0.0415 0.00347502
         vertex 0.0293724 0.0455 0.00347502
      endloop
   endfacet
   facet normal 0.998533 0 -0.0541389
      outer loop
         vertex 0.0293525 0.0415 0.00384208
         vertex 0.0293525 0.0415 0.00365801
         vertex 0.0293525 0.0455 0.00365801
      endloop
   endfacet
   facet normal 0.986827 0 -0.161782
      outer loop
         vertex 0.0293724 0.0415 0.00402508
         vertex 0.0293525 0.0415 0.00384208
         vertex 0.0293525 0.0455 0.00384208
      endloop
   endfacet
   facet normal 0.96355 0 -0.267528
      outer loop
         vertex 0.029412 0.0415 0.00420484
         vertex 0.0293724 0.0415 0.00402508
         vertex 0.0293724 0.0455 0.00402508
      endloop
   endfacet
   facet normal 0.928977 0 -0.370138
      outer loop
         vertex 0.0294707 0.0415 0.00437928
         vertex 0.029412 0.0415 0.00420484
         vertex 0.029412 0.0455 0.00420484
      endloop
   endfacet
   facet normal 0.883512 0 -0.468408
      outer loop
         vertex 0.029548 0.0415 0.00454634
         vertex 0.0294707 0.0415 0.00437928
         vertex 0.0294707 0.0455 0.00437928
      endloop
   endfacet
   facet normal 0.827689 0 -0.561187
      outer loop
         vertex 0.0296429 0.0415 0.00470406
         vertex 0.029548 0.0415 0.00454634
         vertex 0.029548 0.0455 0.00454634
      endloop
   endfacet
   facet normal 0.762162 0 -0.647386
      outer loop
         vertex 0.0297543 0.0415 0.0048506
         vertex 0.0296429 0.0415 0.00470406
         vertex 0.0296429 0.0455 0.00470406
      endloop
   endfacet
   facet normal 0.687699 0 -0.725995
      outer loop
         vertex 0.0298809 0.0415 0.00498424
         vertex 0.0297543 0.0415 0.0048506
         vertex 0.0297543 0.0455 0.0048506
      endloop
   endfacet
   facet normal 0.605174 0 -0.796093
      outer loop
         vertex 0.0300212 0.0415 0.0051034
         vertex 0.0298809 0.0415 0.00498424
         vertex 0.0298809 0.0455 0.00498424
      endloop
   endfacet
   facet normal 0.515554 0 -0.856857
      outer loop
         vertex 0.0301736 0.0415 0.0052067
         vertex 0.0300212 0.0415 0.0051034
         vertex 0.0300212 0.0455 0.0051034
      endloop
   endfacet
   facet normal 0.419889 0 -0.907575
      outer loop
         vertex 0.0303362 0.0415 0.00529292
         vertex 0.0301736 0.0415 0.0052067
         vertex 0.0301736 0.0455 0.0052067
      endloop
   endfacet
   facet normal 0.319302 0 -0.947653
      outer loop
         vertex 0.0305072 0.0415 0.00536106
         vertex 0.0303362 0.0415 0.00529292
         vertex 0.0303362 0.0455 0.00529292
      endloop
   endfacet
   facet normal 0.21497 0 -0.976621
      outer loop
         vertex 0.0306846 0.0415 0.0054103
         vertex 0.0305072 0.0415 0.00536106
         vertex 0.0305072 0.0455 0.00536106
      endloop
   endfacet
   facet normal 0.108119 0 -0.994138
      outer loop
         vertex 0.0308662 0.0415 0.00544008
         vertex 0.0306846 0.0415 0.0054103
         vertex 0.0306846 0.0455 0.0054103
      endloop
   endfacet
   facet normal -1.22465e-16 0 -1
      outer loop
         vertex 0.03105 0.0415 0.00545005
         vertex 0.0308662 0.0415 0.00544008
         vertex 0.0308662 0.0455 0.00544008
      endloop
   endfacet
   facet normal -0.108119 0 -0.994138
      outer loop
         vertex 0.0312338 0.0415 0.00544008
         vertex 0.03105 0.0415 0.00545005
         vertex 0.03105 0.0455 0.00545005
      endloop
   endfacet
   facet normal -0.21497 0 -0.976621
      outer loop
         vertex 0.0314154 0.0415 0.0054103
         vertex 0.0312338 0.0415 0.00544008
         vertex 0.0312338 0.0455 0.00544008
      endloop
   endfacet
   facet normal -0.319302 0 -0.947653
      outer loop
         vertex 0.0315928 0.0415 0.00536106
         vertex 0.0314154 0.0415 0.0054103
         vertex 0.0314154 0.0455 0.0054103
      endloop
   endfacet
   facet normal -0.419889 0 -0.907575
      outer loop
         vertex 0.0317638 0.0415 0.00529292
         vertex 0.0315928 0.0415 0.00536106
         vertex 0.0315928 0.0455 0.00536106
      endloop
   endfacet
   facet normal -0.515554 0 -0.856857
      outer loop
         vertex 0.0319264 0.0415 0.0052067
         vertex 0.0317638 0.0415 0.00529292
         vertex 0.0317638 0.0455 0.00529292
      endloop
   endfacet
   facet normal -0.605174 0 -0.796093
      outer loop
         vertex 0.0320788 0.0415 0.0051034
         vertex 0.0319264 0.0415 0.0052067
         vertex 0.0319264 0.0455 0.0052067
      endloop
   endfacet
   facet normal -0.687699 0 -0.725995
      outer loop
         vertex 0.0322191 0.0415 0.00498424
         vertex 0.0320788 0.0415 0.0051034
         vertex 0.0320788 0.0455 0.0051034
      endloop
   endfacet
   facet normal -0.762162 0 -0.647386
      outer loop
         vertex 0.0323457 0.0415 0.0048506
         vertex 0.0322191 0.0415 0.00498424
         vertex 0.0322191 0.0455 0.00498424
      endloop
   endfacet
   facet normal -0.827689 0 -0.561187
      outer loop
         vertex 0.0324571 0.0415 0.00470406
         vertex 0.0323457 0.0415 0.0048506
         vertex 0.0323457 0.0455 0.0048506
      endloop
   endfacet
   facet normal -0.883512 0 -0.468408
      outer loop
         vertex 0.032552 0.0415 0.00454634
         vertex 0.0324571 0.0415 0.00470406
         vertex 0.0324571 0.0455 0.00470406
      endloop
   endfacet
   facet normal -0.928977 0 -0.370138
      outer loop
         vertex 0.0326293 0.0415 0.00437928
         vertex 0.032552 0.0415 0.00454634
         vertex 0.032552 0.0455 0.00454634
      endloop
   endfacet
   facet normal -0.96355 0 -0.267528
      outer loop
         vertex 0.032688 0.0415 0.00420484
         vertex 0.0326293 0.0415 0.00437928
         vertex 0.0326293 0.0455 0.00437928
      endloop
   endfacet
   facet normal -0.986827 0 -0.161782
      outer loop
         vertex 0.0327276 0.0415 0.00402508
         vertex 0.032688 0.0415 0.00420484
         vertex 0.032688 0.0455 0.00420484
      endloop
   endfacet
   facet normal -0.998533 0 -0.0541389
      outer loop
         vertex 0.0327475 0.0415 0.00384208
         vertex 0.0327276 0.0415 0.00402508
         vertex 0.0327276 0.0455 0.00402508
      endloop
   endfacet
   facet normal -0.998533 0 0.0541389
      outer loop
         vertex 0.0327475 0.0415 0.00365801
         vertex 0.0327475 0.0415 0.00384208
         vertex 0.0327475 0.0455 0.00384208
      endloop
   endfacet
   facet normal -0.986827 0 0.161782
      outer loop
         vertex 0.0327276 0.0415 0.00347502
         vertex 0.0327475 0.0415 0.00365801
         vertex 0.0327475 0.0455 0.00365801
      endloop
   endfacet
   facet normal -0.96355 0 0.267528
      outer loop
         vertex 0.032688 0.0415 0.00329525
         vertex 0.0327276 0.0415 0.00347502
         vertex 0.0327276 0.0455 0.00347502
      endloop
   endfacet
   facet normal -0.928977 0 0.370138
      outer loop
         vertex 0.0326293 0.0415 0.00312081
         vertex 0.032688 0.0415 0.00329525
         vertex 0.032688 0.0455 0.00329525
      endloop
   endfacet
   facet normal -0.883512 0 0.468408
      outer loop
         vertex 0.032552 0.0415 0.00295375
         vertex 0.0326293 0.0415 0.00312081
         vertex 0.0326293 0.0455 0.00312081
      endloop
   endfacet
   facet normal -0.827689 0 0.561187
      outer loop
         vertex 0.0324571 0.0415 0.00279603
         vertex 0.032552 0.0415 0.00295375
         vertex 0.032552 0.0455 0.00295375
      endloop
   endfacet
   facet normal -0.762162 0 0.647386
      outer loop
         vertex 0.0323457 0.0415 0.00264949
         vertex 0.0324571 0.0415 0.00279603
         vertex 0.0324571 0.0455 0.00279603
      endloop
   endfacet
   facet normal -0.687699 0 0.725995
      outer loop
         vertex 0.0322191 0.0415 0.00251585
         vertex 0.0323457 0.0415 0.00264949
         vertex 0.0323457 0.0455 0.00264949
      endloop
   endfacet
   facet normal -0.605174 0 0.796093
      outer loop
         vertex 0.0320788 0.0415 0.00239669
         vertex 0.0322191 0.0415 0.00251585
         vertex 0.0322191 0.0455 0.00251585
      endloop
   endfacet
   facet normal -0.515554 0 0.856857
      outer loop
         vertex 0.0319264 0.0415 0.00229339
         vertex 0.0320788 0.0415 0.00239669
         vertex 0.0320788 0.0455 0.00239669
      endloop
   endfacet
   facet normal -0.419889 0 0.907575
      outer loop
         vertex 0.0317638 0.0415 0.00220717
         vertex 0.0319264 0.0415 0.00229339
         vertex 0.0319264 0.0455 0.00229339
      endloop
   endfacet
   facet normal -0.319302 0 0.947653
      outer loop
         vertex 0.0315928 0.0415 0.00213904
         vertex 0.0317638 0.0415 0.00220717
         vertex 0.0317638 0.0455 0.00220717
      endloop
   endfacet
   facet normal -0.21497 0 0.976621
      outer loop
         vertex 0.0314154 0.0415 0.00208979
         vertex 0.0315928 0.0415 0.00213904
         vertex 0.0315928 0.0455 0.00213904
      endloop
   endfacet
   facet normal -0.108119 0 0.994138
      outer loop
         vertex 0.0312338 0.0415 0.00206001
         vertex 0.0314154 0.0415 0.00208979
         vertex 0.0314154 0.0455 0.00208979
      endloop
   endfacet
   facet normal 0 0 1
      outer loop
         vertex 0.03105 0.0415 0.00205005
         vertex 0.0312338 0.0415 0.00206001
         vertex 0.0312338 0.0455 0.00206001
      endloop
   endfacet
   facet normal -0.108119 0 0.994138
      outer loop
         vertex 0.0312338 0.0455 0.00206001
         vertex 0.03105 0.0455 0.00205005
         vertex 0.03105 0.0415 0.00205005
      endloop
   endfacet
   facet normal -0.21497 0 0.976621
      outer loop
         vertex 0.0314154 0.0455 0.00208979
         vertex 0.0312338 0.0455 0.00206001
         vertex 0.0312338 0.0415 0.00206001
      endloop
   endfacet
   facet normal -0.319302 0 0.947653
      outer loop
         vertex 0.0315928 0.0455 0.00213904
         vertex 0.0314154 0.0455 0.00208979
         vertex 0.0314154 0.0415 0.00208979
      endloop
   endfacet
   facet normal -0.419889 0 0.907575
      outer loop
         vertex 0.0317638 0.0455 0.00220717
         vertex 0.0315928 0.0455 0.00213904
         vertex 0.0315928 0.0415 0.00213904
      endloop
   endfacet
   facet normal -0.515554 0 0.856857
      outer loop
         vertex 0.0319264 0.0455 0.00229339
         vertex 0.0317638 0.0455 0.00220717
         vertex 0.0317638 0.0415 0.00220717
      endloop
   endfacet
   facet normal -0.605174 0 0.796093
      outer loop
         vertex 0.0320788 0.0455 0.00239669
         vertex 0.0319264 0.0455 0.00229339
         vertex 0.0319264 0.0415 0.00229339
      endloop
   endfacet
   facet normal -0.687699 0 0.725995
      outer loop
         vertex 0.0322191 0.0455 0.00251585
         vertex 0.0320788 0.0455 0.00239669
         vertex 0.0320788 0.0415 0.00239669
      endloop
   endfacet
   facet normal -0.762162 0 0.647386
      outer loop
         vertex 0.0323457 0.0455 0.00264949
         vertex 0.0322191 0.0455 0.00251585
         vertex 0.0322191 0.0415 0.00251585
      endloop
   endfacet
   facet normal -0.827689 0 0.561187
      outer loop
         vertex 0.0324571 0.0455 0.00279603
         vertex 0.0323457 0.0455 0.00264949
         vertex 0.0323457 0.0415 0.00264949
      endloop
   endfacet
   facet normal -0.883512 0 0.468408
      outer loop
         vertex 0.032552 0.0455 0.00295375
         vertex 0.0324571 0.0455 0.00279603
         vertex 0.0324571 0.0415 0.00279603
      endloop
   endfacet
   facet normal -0.928977 0 0.370138
      outer loop
         vertex 0.0326293 0.0455 0.00312081
         vertex 0.032552 0.0455 0.00295375
         vertex 0.032552 0.0415 0.00295375
      endloop
   endfacet
   facet normal -0.96355 0 0.267528
      outer loop
         vertex 0.032688 0.0455 0.00329525
         vertex 0.0326293 0.0455 0.00312081
         vertex 0.0326293 0.0415 0.00312081
      endloop
   endfacet
   facet normal -0.986827 0 0.161782
      outer loop
         vertex 0.0327276 0.0455 0.00347502
         vertex 0.032688 0.0455 0.00329525
         vertex 0.032688 0.0415 0.00329525
      endloop
   endfacet
   facet normal -0.998533 0 0.0541389
      outer loop
         vertex 0.0327475 0.0455 0.00365801
         vertex 0.0327276 0.0455 0.00347502
         vertex 0.0327276 0.0415 0.00347502
      endloop
   endfacet
   facet normal -0.998533 0 -0.0541389
      outer loop
         vertex 0.0327475 0.0455 0.00384208
         vertex 0.0327475 0.0455 0.00365801
         vertex 0.0327475 0.0415 0.00365801
      endloop
   endfacet
   facet normal -0.986827 0 -0.161782
      outer loop
         vertex 0.0327276 0.0455 0.00402508
         vertex 0.0327475 0.0455 0.00384208
         vertex 0.0327475 0.0415 0.00384208
      endloop
   endfacet
   facet normal -0.96355 0 -0.267528
      outer loop
         vertex 0.032688 0.0455 0.00420484
         vertex 0.0327276 0.0455 0.00402508
         vertex 0.0327276 0.0415 0.00402508
      endloop
   endfacet
   facet normal -0.928977 0 -0.370138
      outer loop
         vertex 0.0326293 0.0455 0.00437928
         vertex 0.032688 0.0455 0.00420484
         vertex 0.032688 0.0415 0.00420484
      endloop
   endfacet
   facet normal -0.883512 0 -0.468408
      outer loop
         vertex 0.032552 0.0455 0.00454634
         vertex 0.0326293 0.0455 0.00437928
         vertex 0.0326293 0.0415 0.00437928
      endloop
   endfacet
   facet normal -0.827689 0 -0.561187
      outer loop
         vertex 0.0324571 0.0455 0.00470406
         vertex 0.032552 0.0455 0.00454634
         vertex 0.032552 0.0415 0.00454634
      endloop
   endfacet
   facet normal -0.762162 0 -0.647386
      outer loop
         vertex 0.0323457 0.0455 0.0048506
         vertex 0.0324571 0.0455 0.00470406
         vertex 0.0324571 0.0415 0.00470406
      endloop
   endfacet
   facet normal -0.687699 0 -0.725995
      outer loop
         vertex 0.0322191 0.0455 0.00498424
         vertex 0.0323457 0.0455 0.0048506
         vertex 0.0323457 0.0415 0.0048506
      endloop
   endfacet
   facet normal -0.605174 0 -0.796093
      outer loop
         vertex 0.0320788 0.0455 0.0051034
         vertex 0.0322191 0.0455 0.00498424
         vertex 0.0322191 0.0415 0.00498424
      endloop
   endfacet
   facet normal -0.515554 0 -0.856857
      outer loop
         vertex 0.0319264 0.0455 0.0052067
         vertex 0.0320788 0.0455 0.0051034
         vertex 0.0320788 0.0415 0.0051034
      endloop
   endfacet
   facet normal -0.419889 0 -0.907575
      outer loop
         vertex 0.0317638 0.0455 0.00529292
         vertex 0.0319264 0.0455 0.0052067
         vertex 0.0319264 0.0415 0.0052067
      endloop
   endfacet
   facet normal -0.319302 0 -0.947653
      outer loop
         vertex 0.0315928 0.0455 0.00536106
         vertex 0.0317638 0.0455 0.00529292
         vertex 0.0317638 0.0415 0.00529292
      endloop
   endfacet
   facet normal -0.21497 0 -0.976621
      outer loop
         vertex 0.0314154 0.0455 0.0054103
         vertex 0.0315928 0.0455 0.00536106
         vertex 0.0315928 0.0415 0.00536106
      endloop
   endfacet
   facet normal -0.108119 0 -0.994138
      outer loop
         vertex 0.0312338 0.0455 0.00544008
         vertex 0.0314154 0.0455 0.0054103
         vertex 0.0314154 0.0415 0.0054103
      endloop
   endfacet
   facet normal 0 0 -1
      outer loop
         vertex 0.03105 0.0455 0.00545005
         vertex 0.0312338 0.0455 0.00544008
         vertex 0.0312338 0.0415 0.00544008
      endloop
   endfacet
   facet normal 0.108119 0 -0.994138
      outer loop
         vertex 0.0308662 0.0455 0.00544008
         vertex 0.03105 0.0455 0.00545005
         vertex 0.03105 0.0415 0.00545005
      endloop
   endfacet
   facet normal 0.21497 0 -0.976621
      outer loop
         vertex 0.0306846 0.0455 0.0054103
         vertex 0.0308662 0.0455 0.00544008
         vertex 0.0308662 0.0415 0.00544008
      endloop
   endfacet
   facet normal 0.319302 0 -0.947653
      outer loop
         vertex 0.0305072 0.0455 0.00536106
         vertex 0.0306846 0.0455 0.0054103
         vertex 0.0306846 0.0415 0.0054103
      endloop
   endfacet
   facet normal 0.419889 0 -0.907575
      outer loop
         vertex 0.0303362 0.0455 0.00529292
         vertex 0.0305072 0.0455 0.00536106
         vertex 0.0305072 0.0415 0.00536106
      endloop
   endfacet
   facet normal 0.515554 0 -0.856857
      outer loop
         vertex 0.0301736 0.0455 0.0052067
         vertex 0.0303362 0.0455 0.00529292
         vertex 0.0303362 0.0415 0.00529292
      endloop
   endfacet
   facet normal 0.605174 0 -0.796093
      outer loop
         vertex 0.0300212 0.0455 0.0051034
         vertex 0.0301736 0.0455 0.0052067
         vertex 0.0301736 0.0415 0.0052067
      endloop
   endfacet
   facet normal 0.687699 0 -0.725995
      outer loop
         vertex 0.0298809 0.0455 0.00498424
         vertex 0.0300212 0.0455 0.0051034
         vertex 0.0300212 0.0415 0.0051034
      endloop
   endfacet
   facet normal 0.762162 0 -0.647386
      outer loop
         vertex 0.0297543 0.0455 0.0048506
         vertex 0.0298809 0.0455 0.00498424
         vertex 0.0298809 0.0415 0.00498424
      endloop
   endfacet
   facet normal 0.827689 0 -0.561187
      outer loop
         vertex 0.0296429 0.0455 0.00470406
         vertex 0.0297543 0.0455 0.0048506
         vertex 0.0297543 0.0415 0.0048506
      endloop
   endfacet
   facet normal 0.883512 0 -0.468408
      outer loop
         vertex 0.029548 0.0455 0.00454634
         vertex 0.0296429 0.0455 0.00470406
         vertex 0.0296429 0.0415 0.00470406
      endloop
   endfacet
   facet normal 0.928977 0 -0.370138
      outer loop
         vertex 0.0294707 0.0455 0.00437928
         vertex 0.029548 0.0455 0.00454634
         vertex 0.029548 0.0415 0.00454634
      endloop
   endfacet
   facet normal 0.96355 0 -0.267528
      outer loop
         vertex 0.029412 0.0455 0.00420484
         vertex 0.0294707 0.0455 0.00437928
         vertex 0.0294707 0.0415 0.00437928
      endloop
   endfacet
   facet normal 0.986827 0 -0.161782
      outer loop
         vertex 0.0293724 0.0455 0.00402508
         vertex 0.029412 0.0455 0.00420484
         vertex 0.029412 0.0415 0.00420484
      endloop
   endfacet
   facet normal 0.998533 0 -0.0541389
      outer loop
         vertex 0.0293525 0.0455 0.00384208
         vertex 0.0293724 0.0455 0.00402508
         vertex 0.0293724 0.0415 0.00402508
      endloop
   endfacet
   facet normal 0.998533 0 0.0541389
      outer loop
         vertex 0.0293525 0.0455 0.00365801
         vertex 0.0293525 0.0455 0.00384208
         vertex 0.0293525 0.0415 0.00384208
      endloop
   endfacet
   facet normal 0.986827 0 0.161782
      outer loop
         vertex 0.0293724 0.0455 0.00347502
         vertex 0.0293525 0.0455 0.00365801
         vertex 0.0293525 0.0415 0.00365801
      endloop
   endfacet
   facet normal 0.96355 0 0.267528
      outer loop
         vertex 0.029412 0.0455 0.00329525
         vertex 0.0293724 0.0455 0.00347502
         vertex 0.0293724 0.0415 0.00347502
      endloop
   endfacet
   facet normal 0.928977 0 0.370138
      outer loop
         vertex 0.0294707 0.0455 0.00312081
         vertex 0.029412 0.0455 0.00329525
         vertex 0.029412 0.0415 0.00329525
      endloop
   endfacet
   facet normal 0.883512 0 0.468408
      outer loop
         vertex 0.029548 0.0455 0.00295375
         vertex 0.0294707 0.0455 0.00312081
         vertex 0.0294707 0.0415 0.00312081
      endloop
   endfacet
   facet normal 0.827689 0 0.561187
      outer loop
         vertex 0.0296429 0.0455 0.00279603
         vertex 0.029548 0.0455 0.00295375
         vertex 0.029548 0.0415 0.00295375
      endloop
   endfacet
   facet normal 0.762162 0 0.647386
      outer loop
         vertex 0.0297543 0.0455 0.00264949
         vertex 0.0296429 0.0455 0.00279603
         vertex 0.0296429 0.0415 0.00279603
      endloop
   endfacet
   facet normal 0.687699 0 0.725995
      outer loop
         vertex 0.0298809 0.0455 0.00251585
         vertex 0.0297543 0.0455 0.00264949
         vertex 0.0297543 0.0415 0.00264949
      endloop
   endfacet
   facet normal 0.605174 0 0.796093
      outer loop
         vertex 0.0300212 0.0455 0.00239669
         vertex 0.0298809 0.0455 0.00251585
         vertex 0.0298809 0.0415 0.00251585
      endloop
   endfacet
   facet normal 0.515554 0 0.856857
      outer loop
         vertex 0.0301736 0.0455 0.00229339
         vertex 0.0300212 0.0455 0.00239669
         vertex 0.0300212 0.0415 0.00239669
      endloop
   endfacet
   facet normal 0.419889 0 0.907575
      outer loop
         vertex 0.0303362 0.0455 0.00220717
         vertex 0.0301736 0.0455 0.00229339
         vertex 0.0301736 0.0415 0.00229339
      endloop
   endfacet
   facet normal 0.319302 0 0.947653
      outer loop
         vertex 0.0305072 0.0455 0.00213904
         vertex 0.0303362 0.0455 0.00220717
         vertex 0.0303362 0.0415 0.00220717
      endloop
   endfacet
   facet normal 0.21497 0 0.976621
      outer loop
         vertex 0.0306846 0.0455 0.00208979
         vertex 0.0305072 0.0455 0.00213904
         vertex 0.0305072 0.0415 0.00213904
      endloop
   endfacet
   facet normal 0.108119 0 0.994138
      outer loop
         vertex 0.0308662 0.0455 0.00206001
         vertex 0.0306846 0.0455 0.00208979
         vertex 0.0306846 0.0415 0.00208979
      endloop
   endfacet
   facet normal 0 0 1
      outer loop
         vertex 0.03105 0.0455 0.00205005
         vertex 0.0308662 0.0455 0.00206001
         vertex 0.0308662 0.0415 0.00206001
      endloop
   endfacet
   facet normal 0.108119 0 0.994138
      outer loop
         vertex 0.0108662 0.0415 0.00206001
         vertex 0.01105 0.0415 0.00205005
         vertex 0.01105 0.0455 0.00205005
      endloop
   endfacet
   facet normal 0.21497 0 0.976621
      outer loop
         vertex 0.0106846 0.0415 0.00208979
         vertex 0.0108662 0.0415 0.00206001
         vertex 0.0108662 0.0455 0.00206001
      endloop
   endfacet
   facet normal 0.319302 0 0.947653
      outer loop
         vertex 0.0105072 0.0415 0.00213904
         vertex 0.0106846 0.0415 0.00208979
         vertex 0.0106846 0.0455 0.00208979
      endloop
   endfacet
   facet normal 0.419889 0 0.907575
      outer loop
         vertex 0.0103362 0.0415 0.00220717
         vertex 0.0105072 0.0415 0.00213904
         vertex 0.0105072 0.0455 0.00213904
      endloop
   endfacet
   facet normal 0.515554 0 0.856857
      outer loop
         vertex 0.0101736 0.0415 0.00229339
         vertex 0.0103362 0.0415 0.00220717
         vertex 0.0103362 0.0455 0.00220717
      endloop
   endfacet
   facet normal 0.605174 0 0.796093
      outer loop
         vertex 0.0100212 0.0415 0.00239669
         vertex 0.0101736 0.0415 0.00229339
         vertex 0.0101736 0.0455 0.00229339
      endloop
   endfacet
   facet normal 0.687699 0 0.725995
      outer loop
         vertex 0.00988091 0.0415 0.00251585
         vertex 0.0100212 0.0415 0.00239669
         vertex 0.0100212 0.0455 0.00239669
      endloop
   endfacet
   facet normal 0.762162 0 0.647386
      outer loop
         vertex 0.00975432 0.0415 0.00264949
         vertex 0.00988091 0.0415 0.00251585
         vertex 0.00988091 0.0455 0.00251585
      endloop
   endfacet
   facet normal 0.827689 0 0.561187
      outer loop
         vertex 0.00964293 0.0415 0.00279603
         vertex 0.00975432 0.0415 0.00264949
         vertex 0.00975432 0.0455 0.00264949
      endloop
   endfacet
   facet normal 0.883512 0 0.468408
      outer loop
         vertex 0.00954803 0.0415 0.00295375
         vertex 0.00964293 0.0415 0.00279603
         vertex 0.00964293 0.0455 0.00279603
      endloop
   endfacet
   facet normal 0.928977 0 0.370138
      outer loop
         vertex 0.00947074 0.0415 0.00312081
         vertex 0.00954803 0.0415 0.00295375
         vertex 0.00954803 0.0455 0.00295375
      endloop
   endfacet
   facet normal 0.96355 0 0.267528
      outer loop
         vertex 0.00941197 0.0415 0.00329525
         vertex 0.00947074 0.0415 0.00312081
         vertex 0.00947074 0.0455 0.00312081
      endloop
   endfacet
   facet normal 0.986827 0 0.161782
      outer loop
         vertex 0.00937239 0.0415 0.00347502
         vertex 0.00941197 0.0415 0.00329525
         vertex 0.00941197 0.0455 0.00329525
      endloop
   endfacet
   facet normal 0.998533 0 0.0541389
      outer loop
         vertex 0.00935249 0.0415 0.00365801
         vertex 0.00937239 0.0415 0.00347502
         vertex 0.00937239 0.0455 0.00347502
      endloop
   endfacet
   facet normal 0.998533 0 -0.0541389
      outer loop
         vertex 0.00935249 0.0415 0.00384208
         vertex 0.00935249 0.0415 0.00365801
         vertex 0.00935249 0.0455 0.00365801
      endloop
   endfacet
   facet normal 0.986827 0 -0.161782
      outer loop
         vertex 0.00937239 0.0415 0.00402508
         vertex 0.00935249 0.0415 0.00384208
         vertex 0.00935249 0.0455 0.00384208
      endloop
   endfacet
   facet normal 0.96355 0 -0.267528
      outer loop
         vertex 0.00941197 0.0415 0.00420484
         vertex 0.00937239 0.0415 0.00402508
         vertex 0.00937239 0.0455 0.00402508
      endloop
   endfacet
   facet normal 0.928977 0 -0.370138
      outer loop
         vertex 0.00947074 0.0415 0.00437928
         vertex 0.00941197 0.0415 0.00420484
         vertex 0.00941197 0.0455 0.00420484
      endloop
   endfacet
   facet normal 0.883512 0 -0.468408
      outer loop
         vertex 0.00954803 0.0415 0.00454634
         vertex 0.00947074 0.0415 0.00437928
         vertex 0.00947074 0.0455 0.00437928
      endloop
   endfacet
   facet normal 0.827689 0 -0.561187
      outer loop
         vertex 0.00964293 0.0415 0.00470406
         vertex 0.00954803 0.0415 0.00454634
         vertex 0.00954803 0.0455 0.00454634
      endloop
   endfacet
   facet normal 0.762162 0 -0.647386
      outer loop
         vertex 0.00975432 0.0415 0.0048506
         vertex 0.00964293 0.0415 0.00470406
         vertex 0.00964293 0.0455 0.00470406
      endloop
   endfacet
   facet normal 0.687699 0 -0.725995
      outer loop
         vertex 0.00988091 0.0415 0.00498424
         vertex 0.00975432 0.0415 0.0048506
         vertex 0.00975432 0.0455 0.0048506
      endloop
   endfacet
   facet normal 0.605174 0 -0.796093
      outer loop
         vertex 0.0100212 0.0415 0.0051034
         vertex 0.00988091 0.0415 0.00498424
         vertex 0.00988091 0.0455 0.00498424
      endloop
   endfacet
   facet normal 0.515554 0 -0.856857
      outer loop
         vertex 0.0101736 0.0415 0.0052067
         vertex 0.0100212 0.0415 0.0051034
         vertex 0.0100212 0.0455 0.0051034
      endloop
   endfacet
   facet normal 0.419889 0 -0.907575
      outer loop
         vertex 0.0103362 0.0415 0.00529292
         vertex 0.0101736 0.0415 0.0052067
         vertex 0.0101736 0.0455 0.0052067
      endloop
   endfacet
   facet normal 0.319302 0 -0.947653
      outer loop
         vertex 0.0105072 0.0415 0.00536106
         vertex 0.0103362 0.0415 0.00529292
         vertex 0.0103362 0.0455 0.00529292
      endloop
   endfacet
   facet normal 0.21497 0 -0.976621
      outer loop
         vertex 0.0106846 0.0415 0.0054103
         vertex 0.0105072 0.0415 0.00536106
         vertex 0.0105072 0.0455 0.00536106
      endloop
   endfacet
   facet normal 0.108119 0 -0.994138
      outer loop
         vertex 0.0108662 0.0415 0.00544008
         vertex 0.0106846 0.0415 0.0054103
         vertex 0.0106846 0.0455 0.0054103
      endloop
   endfacet
   facet normal -1.22465e-16 0 -1
      outer loop
         vertex 0.01105 0.0415 0.00545005
         vertex 0.0108662 0.0415 0.00544008
         vertex 0.0108662 0.0455 0.00544008
      endloop
   endfacet
   facet normal -0.108119 0 -0.994138
      outer loop
         vertex 0.0112338 0.0415 0.00544008
         vertex 0.01105 0.0415 0.00545005
         vertex 0.01105 0.0455 0.00545005
      endloop
   endfacet
   facet normal -0.21497 0 -0.976621
      outer loop
         vertex 0.0114154 0.0415 0.0054103
         vertex 0.0112338 0.0415 0.00544008
         vertex 0.0112338 0.0455 0.00544008
      endloop
   endfacet
   facet normal -0.319302 0 -0.947653
      outer loop
         vertex 0.0115928 0.0415 0.00536106
         vertex 0.0114154 0.0415 0.0054103
         vertex 0.0114154 0.0455 0.0054103
      endloop
   endfacet
   facet normal -0.419889 0 -0.907575
      outer loop
         vertex 0.0117638 0.0415 0.00529292
         vertex 0.0115928 0.0415 0.00536106
         vertex 0.0115928 0.0455 0.00536106
      endloop
   endfacet
   facet normal -0.515554 0 -0.856857
      outer loop
         vertex 0.0119264 0.0415 0.0052067
         vertex 0.0117638 0.0415 0.00529292
         vertex 0.0117638 0.0455 0.00529292
      endloop
   endfacet
   facet normal -0.605174 0 -0.796093
      outer loop
         vertex 0.0120788 0.0415 0.0051034
         vertex 0.0119264 0.0415 0.0052067
         vertex 0.0119264 0.0455 0.0052067
      endloop
   endfacet
   facet normal -0.687699 0 -0.725995
      outer loop
         vertex 0.0122191 0.0415 0.00498424
         vertex 0.0120788 0.0415 0.0051034
         vertex 0.0120788 0.0455 0.0051034
      endloop
   endfacet
   facet normal -0.762162 0 -0.647386
      outer loop
         vertex 0.0123457 0.0415 0.0048506
         vertex 0.0122191 0.0415 0.00498424
         vertex 0.0122191 0.0455 0.00498424
      endloop
   endfacet
   facet normal -0.827689 0 -0.561187
      outer loop
         vertex 0.0124571 0.0415 0.00470406
         vertex 0.0123457 0.0415 0.0048506
         vertex 0.0123457 0.0455 0.0048506
      endloop
   endfacet
   facet normal -0.883512 0 -0.468408
      outer loop
         vertex 0.012552 0.0415 0.00454634
         vertex 0.0124571 0.0415 0.00470406
         vertex 0.0124571 0.0455 0.00470406
      endloop
   endfacet
   facet normal -0.928977 0 -0.370138
      outer loop
         vertex 0.0126293 0.0415 0.00437928
         vertex 0.012552 0.0415 0.00454634
         vertex 0.012552 0.0455 0.00454634
      endloop
   endfacet
   facet normal -0.96355 0 -0.267528
      outer loop
         vertex 0.012688 0.0415 0.00420484
         vertex 0.0126293 0.0415 0.00437928
         vertex 0.0126293 0.0455 0.00437928
      endloop
   endfacet
   facet normal -0.986827 0 -0.161782
      outer loop
         vertex 0.0127276 0.0415 0.00402508
         vertex 0.012688 0.0415 0.00420484
         vertex 0.012688 0.0455 0.00420484
      endloop
   endfacet
   facet normal -0.998533 0 -0.0541389
      outer loop
         vertex 0.0127475 0.0415 0.00384208
         vertex 0.0127276 0.0415 0.00402508
         vertex 0.0127276 0.0455 0.00402508
      endloop
   endfacet
   facet normal -0.998533 0 0.0541389
      outer loop
         vertex 0.0127475 0.0415 0.00365801
         vertex 0.0127475 0.0415 0.00384208
         vertex 0.0127475 0.0455 0.00384208
      endloop
   endfacet
   facet normal -0.986827 0 0.161782
      outer loop
         vertex 0.0127276 0.0415 0.00347502
         vertex 0.0127475 0.0415 0.00365801
         vertex 0.0127475 0.0455 0.00365801
      endloop
   endfacet
   facet normal -0.96355 0 0.267528
      outer loop
         vertex 0.012688 0.0415 0.00329525
         vertex 0.0127276 0.0415 0.00347502
         vertex 0.0127276 0.0455 0.00347502
      endloop
   endfacet
   facet normal -0.928977 0 0.370138
      outer loop
         vertex 0.0126293 0.0415 0.00312081
         vertex 0.012688 0.0415 0.00329525
         vertex 0.012688 0.0455 0.00329525
      endloop
   endfacet
   facet normal -0.883512 0 0.468408
      outer loop
         vertex 0.012552 0.0415 0.00295375
         vertex 0.0126293 0.0415 0.00312081
         vertex 0.0126293 0.0455 0.00312081
      endloop
   endfacet
   facet normal -0.827689 0 0.561187
      outer loop
         vertex 0.0124571 0.0415 0.00279603
         vertex 0.012552 0.0415 0.00295375
         vertex 0.012552 0.0455 0.00295375
      endloop
   endfacet
   facet normal -0.762162 0 0.647386
      outer loop
         vertex 0.0123457 0.0415 0.00264949
         vertex 0.0124571 0.0415 0.00279603
         vertex 0.0124571 0.0455 0.00279603
      endloop
   endfacet
   facet normal -0.687699 0 0.725995
      outer loop
         vertex 0.0122191 0.0415 0.00251585
         vertex 0.0123457 0.0415 0.00264949
         vertex 0.0123457 0.0455 0.00264949
      endloop
   endfacet
   facet normal -0.605174 0 0.796093
      outer loop
         vertex 0.0120788 0.0415 0.00239669
         vertex 0.0122191 0.0415 0.00251585
         vertex 0.0122191 0.0455 0.00251585
      endloop
   endfacet
   facet normal -0.515554 0 0.856857
      outer loop
         vertex 0.0119264 0.0415 0.00229339
         vertex 0.0120788 0.0415 0.00239669
         vertex 0.0120788 0.0455 0.00239669
      endloop
   endfacet
   facet normal -0.419889 0 0.907575
      outer loop
         vertex 0.0117638 0.0415 0.00220717
         vertex 0.0119264 0.0415 0.00229339
         vertex 0.0119264 0.0455 0.00229339
      endloop
   endfacet
   facet normal -0.319302 0 0.947653
      outer loop
         vertex 0.0115928 0.0415 0.00213904
         vertex 0.0117638 0.0415 0.00220717
         vertex 0.0117638 0.0455 0.00220717
      endloop
   endfacet
   facet normal -0.21497 0 0.976621
      outer loop
         vertex 0.0114154 0.0415 0.00208979
         vertex 0.0115928 0.0415 0.00213904
         vertex 0.0115928 0.0455 0.00213904
      endloop
   endfacet
   facet normal -0.108119 0 0.994138
      outer loop
         vertex 0.0112338 0.0415 0.00206001
         vertex 0.0114154 0.0415 0.00208979
         vertex 0.0114154 0.0455 0.00208979
      endloop
   endfacet
   facet normal 0 0 1
      outer loop
         vertex 0.01105 0.0415 0.00205005
         vertex 0.0112338 0.0415 0.00206001
         vertex 0.0112338 0.0455 0.00206001
      endloop
   endfacet
   facet normal -0.108119 0 0.994138
      outer loop
         vertex 0.0112338 0.0455 0.00206001
         vertex 0.01105 0.0455 0.00205005
         vertex 0.01105 0.0415 0.00205005
      endloop
   endfacet
   facet normal -0.21497 0 0.976621
      outer loop
         vertex 0.0114154 0.0455 0.00208979
         vertex 0.0112338 0.0455 0.00206001
         vertex 0.0112338 0.0415 0.00206001
      endloop
   endfacet
   facet normal -0.319302 0 0.947653
      outer loop
         vertex 0.0115928 0.0455 0.00213904
         vertex 0.0114154 0.0455 0.00208979
         vertex 0.0114154 0.0415 0.00208979
      endloop
   endfacet
   facet normal -0.419889 0 0.907575
      outer loop
         vertex 0.0117638 0.0455 0.00220717
         vertex 0.0115928 0.0455 0.00213904
         vertex 0.0115928 0.0415 0.00213904
      endloop
   endfacet
   facet normal -0.515554 0 0.856857
      outer loop
         vertex 0.0119264 0.0455 0.00229339
         vertex 0.0117638 0.0455 0.00220717
         vertex 0.0117638 0.0415 0.00220717
      endloop
   endfacet
   facet normal -0.605174 0 0.796093
      outer loop
         vertex 0.0120788 0.0455 0.00239669
         vertex 0.0119264 0.0455 0.00229339
         vertex 0.0119264 0.0415 0.00229339
      endloop
   endfacet
   facet normal -0.687699 0 0.725995
      outer loop
         vertex 0.0122191 0.0455 0.00251585
         vertex 0.0120788 0.0455 0.00239669
         vertex 0.0120788 0.0415 0.00239669
      endloop
   endfacet
   facet normal -0.762162 0 0.647386
      outer loop
         vertex 0.0123457 0.0455 0.00264949
         vertex 0.0122191 0.0455 0.00251585
         vertex 0.0122191 0.0415 0.00251585
      endloop
   endfacet
   facet normal -0.827689 0 0.561187
      outer loop
         vertex 0.0124571 0.0455 0.00279603
         vertex 0.0123457 0.0455 0.00264949
         vertex 0.0123457 0.0415 0.00264949
      endloop
   endfacet
   facet normal -0.883512 0 0.468408
      outer loop
         vertex 0.012552 0.0455 0.00295375
         vertex 0.0124571 0.0455 0.00279603
         vertex 0.0124571 0.0415 0.00279603
      endloop
   endfacet
   facet normal -0.928977 0 0.370138
      outer loop
         vertex 0.0126293 0.0455 0.00312081
         vertex 0.012552 0.0455 0.00295375
         vertex 0.012552 0.0415 0.00295375
      endloop
   endfacet
   facet normal -0.96355 0 0.267528
      outer loop
         vertex 0.012688 0.0455 0.00329525
         vertex 0.0126293 0.0455 0.00312081
         vertex 0.0126293 0.0415 0.00312081
      endloop
   endfacet
   facet normal -0.986827 0 0.161782
      outer loop
         vertex 0.0127276 0.0455 0.00347502
         vertex 0.012688 0.0455 0.00329525
         vertex 0.012688 0.0415 0.00329525
      endloop
   endfacet
   facet normal -0.998533 0 0.0541389
      outer loop
         vertex 0.0127475 0.0455 0.00365801
         vertex 0.0127276 0.0455 0.00347502
         vertex 0.0127276 0.0415 0.00347502
      endloop
   endfacet
   facet normal -0.998533 0 -0.0541389
      outer loop
         vertex 0.0127475 0.0455 0.00384208
         vertex 0.0127475 0.0455 0.00365801
         vertex 0.0127475 0.0415 0.00365801
      endloop
   endfacet
   facet normal -0.986827 0 -0.161782
      outer loop
         vertex 0.0127276 0.0455 0.00402508
         vertex 0.0127475 0.0455 0.00384208
         vertex 0.0127475 0.0415 0.00384208
      endloop
   endfacet
   facet normal -0.96355 0 -0.267528
      outer loop
         vertex 0.012688 0.0455 0.00420484
         vertex 0.0127276 0.0455 0.00402508
         vertex 0.0127276 0.0415 0.00402508
      endloop
   endfacet
   facet normal -0.928977 0 -0.370138
      outer loop
         vertex 0.0126293 0.0455 0.00437928
         vertex 0.012688 0.0455 0.00420484
         vertex 0.012688 0.0415 0.00420484
      endloop
   endfacet
   facet normal -0.883512 0 -0.468408
      outer loop
         vertex 0.012552 0.0455 0.00454634
         vertex 0.0126293 0.0455 0.00437928
         vertex 0.0126293 0.0415 0.00437928
      endloop
   endfacet
   facet normal -0.827689 0 -0.561187
      outer loop
         vertex 0.0124571 0.0455 0.00470406
         vertex 0.012552 0.0455 0.00454634
         vertex 0.012552 0.0415 0.00454634
      endloop
   endfacet
   facet normal -0.762162 0 -0.647386
      outer loop
         vertex 0.0123457 0.0455 0.0048506
         vertex 0.0124571 0.0455 0.00470406
         vertex 0.0124571 0.0415 0.00470406
      endloop
   endfacet
   facet normal -0.687699 0 -0.725995
      outer loop
         vertex 0.0122191 0.0455 0.00498424
         vertex 0.0123457 0.0455 0.0048506
         vertex 0.0123457 0.0415 0.0048506
      endloop
   endfacet
   facet normal -0.605174 0 -0.796093
      outer loop
         vertex 0.0120788 0.0455 0.0051034
         vertex 0.0122191 0.0455 0.00498424
         vertex 0.0122191 0.0415 0.00498424
      endloop
   endfacet
   facet normal -0.515554 0 -0.856857
      outer loop
         vertex 0.0119264 0.0455 0.0052067
         vertex 0.0120788 0.0455 0.0051034
         vertex 0.0120788 0.0415 0.0051034
      endloop
   endfacet
   facet normal -0.419889 0 -0.907575
      outer loop
         vertex 0.0117638 0.0455 0.00529292
         vertex 0.0119264 0.0455 0.0052067
         vertex 0.0119264 0.0415 0.0052067
      endloop
   endfacet
   facet normal -0.319302 0 -0.947653
      outer loop
         vertex 0.0115928 0.0455 0.00536106
         vertex 0.0117638 0.0455 0.00529292
         vertex 0.0117638 0.0415 0.00529292
      endloop
   endfacet
   facet normal -0.21497 0 -0.976621
      outer loop
         vertex 0.0114154 0.0455 0.0054103
         vertex 0.0115928 0.0455 0.00536106
         vertex 0.0115928 0.0415 0.00536106
      endloop
   endfacet
   facet normal -0.108119 0 -0.994138
      outer loop
         vertex 0.0112338 0.0455 0.00544008
         vertex 0.0114154 0.0455 0.0054103
         vertex 0.0114154 0.0415 0.0054103
      endloop
   endfacet
   facet normal 0 0 -1
      outer loop
         vertex 0.01105 0.0455 0.00545005
         vertex 0.0112338 0.0455 0.00544008
         vertex 0.0112338 0.0415 0.00544008
      endloop
   endfacet
   facet normal 0.108119 0 -0.994138
      outer loop
         vertex 0.0108662 0.0455 0.00544008
         vertex 0.01105 0.0455 0.00545005
         vertex 0.01105 0.0415 0.00545005
      endloop
   endfacet
   facet normal 0.21497 0 -0.976621
      outer loop
         vertex 0.0106846 0.0455 0.0054103
         vertex 0.0108662 0.0455 0.00544008
         vertex 0.0108662 0.0415 0.00544008
      endloop
   endfacet
   facet normal 0.319302 0 -0.947653
      outer loop
         vertex 0.0105072 0.0455 0.00536106
         vertex 0.0106846 0.0455 0.0054103
         vertex 0.0106846 0.0415 0.0054103
      endloop
   endfacet
   facet normal 0.419889 0 -0.907575
      outer loop
         vertex 0.0103362 0.0455 0.00529292
         vertex 0.0105072 0.0455 0.00536106
         vertex 0.0105072 0.0415 0.00536106
      endloop
   endfacet
   facet normal 0.515554 0 -0.856857
      outer loop
         vertex 0.0101736 0.0455 0.0052067
         vertex 0.0103362 0.0455 0.00529292
         vertex 0.0103362 0.0415 0.00529292
      endloop
   endfacet
   facet normal 0.605174 0 -0.796093
      outer loop
         vertex 0.0100212 0.0455 0.0051034
         vertex 0.0101736 0.0455 0.0052067
         vertex 0.0101736 0.0415 0.0052067
      endloop
   endfacet
   facet normal 0.687699 0 -0.725995
      outer loop
         vertex 0.00988091 0.0455 0.00498424
         vertex 0.0100212 0.0455 0.0051034
         vertex 0.0100212 0.0415 0.0051034
      endloop
   endfacet
   facet normal 0.762162 0 -0.647386
      outer loop
         vertex 0.00975432 0.0455 0.0048506
         vertex 0.00988091 0.0455 0.00498424
         vertex 0.00988091 0.0415 0.00498424
      endloop
   endfacet
   facet normal 0.827689 0 -0.561187
      outer loop
         vertex 0.00964293 0.0455 0.00470406
         vertex 0.00975432 0.0455 0.0048506
         vertex 0.00975432 0.0415 0.0048506
      endloop
   endfacet
   facet normal 0.883512 0 -0.468408
      outer loop
         vertex 0.00954803 0.0455 0.00454634
         vertex 0.00964293 0.0455 0.00470406
         vertex 0.00964293 0.0415 0.00470406
      endloop
   endfacet
   facet normal 0.928977 0 -0.370138
      outer loop
         vertex 0.00947074 0.0455 0.00437928
         vertex 0.00954803 0.0455 0.00454634
         vertex 0.00954803 0.0415 0.00454634
      endloop
   endfacet
   facet normal 0.96355 0 -0.267528
      outer loop
         vertex 0.00941197 0.0455 0.00420484
         vertex 0.00947074 0.0455 0.00437928
         vertex 0.00947074 0.0415 0.00437928
      endloop
   endfacet
   facet normal 0.986827 0 -0.161782
      outer loop
         vertex 0.00937239 0.0455 0.00402508
         vertex 0.00941197 0.0455 0.00420484
         vertex 0.00941197 0.0415 0.00420484
      endloop
   endfacet
   facet normal 0.998533 0 -0.0541389
      outer loop
         vertex 0.00935249 0.0455 0.00384208
         vertex 0.00937239 0.0455 0.00402508
         vertex 0.00937239 0.0415 0.00402508
      endloop
   endfacet
   facet normal 0.998533 0 0.0541389
      outer loop
         vertex 0.00935249 0.0455 0.00365801
         vertex 0.00935249 0.0455 0.00384208
         vertex 0.00935249 0.0415 0.00384208
      endloop
   endfacet
   facet normal 0.986827 0 0.161782
      outer loop
         vertex 0.00937239 0.0455 0.00347502
         vertex 0.00935249 0.0455 0.00365801
         vertex 0.00935249 0.0415 0.00365801
      endloop
   endfacet
   facet normal 0.96355 0 0.267528
      outer loop
         vertex 0.00941197 0.0455 0.00329525
         vertex 0.00937239 0.0455 0.00347502
         vertex 0.00937239 0.0415 0.00347502
      endloop
   endfacet
   facet normal 0.928977 0 0.370138
      outer loop
         vertex 0.00947074 0.0455 0.00312081
         vertex 0.00941197 0.0455 0.00329525
         vertex 0.00941197 0.0415 0.00329525
      endloop
   endfacet
   facet normal 0.883512 0 0.468408
      outer loop
         vertex 0.00954803 0.0455 0.00295375
         vertex 0.00947074 0.0455 0.00312081
         vertex 0.00947074 0.0415 0.00312081
      endloop
   endfacet
   facet normal 0.827689 0 0.561187
      outer loop
         vertex 0.00964293 0.0455 0.00279603
         vertex 0.00954803 0.0455 0.00295375
         vertex 0.00954803 0.0415 0.00295375
      endloop
   endfacet
   facet normal 0.762162 0 0.647386
      outer loop
         vertex 0.00975432 0.0455 0.00264949
         vertex 0.00964293 0.0455 0.00279603
         vertex 0.00964293 0.0415 0.00279603
      endloop
   endfacet
   facet normal 0.687699 0 0.725995
      outer loop
         vertex 0.00988091 0.0455 0.00251585
         vertex 0.00975432 0.0455 0.00264949
         vertex 0.00975432 0.0415 0.00264949
      endloop
   endfacet
   facet normal 0.605174 0 0.796093
      outer loop
         vertex 0.0100212 0.0455 0.00239669
         vertex 0.00988091 0.0455 0.00251585
         vertex 0.00988091 0.0415 0.00251585
      endloop
   endfacet
   facet normal 0.515554 0 0.856857
      outer loop
         vertex 0.0101736 0.0455 0.00229339
         vertex 0.0100212 0.0455 0.00239669
         vertex 0.0100212 0.0415 0.00239669
      endloop
   endfacet
   facet normal 0.419889 0 0.907575
      outer loop
         vertex 0.0103362 0.0455 0.00220717
         vertex 0.0101736 0.0455 0.00229339
         vertex 0.0101736 0.0415 0.00229339
      endloop
   endfacet
   facet normal 0.319302 0 0.947653
      outer loop
         vertex 0.0105072 0.0455 0.00213904
         vertex 0.0103362 0.0455 0.00220717
         vertex 0.0103362 0.0415 0.00220717
      endloop
   endfacet
   facet normal 0.21497 0 0.976621
      outer loop
         vertex 0.0106846 0.0455 0.00208979
         vertex 0.0105072 0.0455 0.00213904
         vertex 0.0105072 0.0415 0.00213904
      endloop
   endfacet
   facet normal 0.108119 0 0.994138
      outer loop
         vertex 0.0108662 0.0455 0.00206001
         vertex 0.0106846 0.0455 0.00208979
         vertex 0.0106846 0.0415 0.00208979
      endloop
   endfacet
   facet normal 0 0 1
      outer loop
         vertex 0.01105 0.0455 0.00205005
         vertex 0.0108662 0.0455 0.00206001
         vertex 0.0108662 0.0415 0.00206001
      endloop
   endfacet
   facet normal 0 -1 0
      outer loop
         vertex 0 0.0415 0.0055998
         vertex 0.00941197 0.0415 0.00420484
         vertex 0.00947074 0.0415 0.00437928
      endloop
   endfacet
   facet normal 0 -1 0
      outer loop
         vertex 0 0.0415 0.000502173
         vertex 0.00937239 0.0415 0.00347502
         vertex 0.00935249 0.0415 0.00365801
      endloop
   endfacet
   facet normal 0 -1 0
      outer loop
         vertex 0.00947074 0.0415 0.00437928
         vertex 0.00954803 0.0415 0.00454634
         vertex 0 0.0415 0.0055998
      endloop
   endfacet
   facet normal 0 -1 0
      outer loop
         vertex 0 0.0415 0.0055998
         vertex 0.00935249 0.0415 0.00384208
         vertex 0.00937239 0.0415 0.00402508
      endloop
   endfacet
   facet normal 0 -1 0
      outer loop
         vertex 0 0.0415 0.000502173
         vertex 0.00941197 0.0415 0.00329525
         vertex 0.00937239 0.0415 0.00347502
      endloop
   endfacet
   facet normal 0 -1 0
      outer loop
         vertex 0 0.0415 0.000502173
         vertex 0.0100212 0.0415 0.00239669
         vertex 0.00988091 0.0415 0.00251585
      endloop
   endfacet
   facet normal 0 -1 0
      outer loop
         vertex 0 0.0415 0.000502173
         vertex 0.0106846 0.0415 0.00208979
         vertex 0.0105072 0.0415 0.00213904
      endloop
   endfacet
   facet normal 0 -1 0
      outer loop
         vertex 0 0.0415 0.0055998
         vertex 0.0303362 0.0415 0.00529292
         vertex 0.0305072 0.0415 0.00536106
      endloop
   endfacet
   facet normal 0 -1 0
      outer loop
         vertex 0.0303362 0.0415 0.00529292
         vertex 0 0.0415 0.0055998
         vertex 0.01105 0.0415 0.00545005
      endloop
   endfacet
   facet normal 0 -1 0
      outer loop
         vertex 0.00937239 0.0415 0.00402508
         vertex 0.00941197 0.0415 0.00420484
         vertex 0 0.0415 0.0055998
      endloop
   endfacet
   facet normal 0 -1 0
      outer loop
         vertex 0.00935249 0.0415 0.00365801
         vertex 0 0.0415 0.0055998
         vertex 0 0.0415 0.000502173
      endloop
   endfacet
   facet normal 0 -1 0
      outer loop
         vertex 0 0.0415 0.000502173
         vertex 0.0101736 0.0415 0.00229339
         vertex 0.0100212 0.0415 0.00239669
      endloop
   endfacet
   facet normal 0 -1 0
      outer loop
         vertex 0.0105072 0.0415 0.00213904
         vertex 0.0103362 0.0415 0.00220717
         vertex 0 0.0415 0.000502173
      endloop
   endfacet
   facet normal 0 -1 0
      outer loop
         vertex 0.0305072 0.0415 0.00536106
         vertex 0.0306846 0.0415 0.0054103
         vertex 0 0.0415 0.0055998
      endloop
   endfacet
   facet normal 0 -1 0
      outer loop
         vertex 0 0.0415 0.0055998
         vertex 0.0108662 0.0415 0.00544008
         vertex 0.01105 0.0415 0.00545005
      endloop
   endfacet
   facet normal 0 -1 0
      outer loop
         vertex 0 0.0415 0.0055998
         vertex 0.0105072 0.0415 0.00536106
         vertex 0.0106846 0.0415 0.0054103
      endloop
   endfacet
   facet normal 0 -1 0
      outer loop
         vertex 0 0.0415 0.0055998
         vertex 0.0101736 0.0415 0.0052067
         vertex 0.0103362 0.0415 0.00529292
      endloop
   endfacet
   facet normal 0 -1 0
      outer loop
         vertex 0 0.0415 0.0055998
         vertex 0.00964293 0.0415 0.00470406
         vertex 0.00975432 0.0415 0.0048506
      endloop
   endfacet
   facet normal 0 -1 0
      outer loop
         vertex 0.00935249 0.0415 0.00365801
         vertex 0.00935249 0.0415 0.00384208
         vertex 0 0.0415 0.0055998
      endloop
   endfacet
   facet normal 0 -1 0
      outer loop
         vertex 0 0.0415 0.000502173
         vertex 0.00954803 0.0415 0.00295375
         vertex 0.00947074 0.0415 0.00312081
      endloop
   endfacet
   facet normal 0 -1 0
      outer loop
         vertex 0.0103362 0.0415 0.00220717
         vertex 0.0101736 0.0415 0.00229339
         vertex 0 0.0415 0.000502173
      endloop
   endfacet
   facet normal 0 -1 0
      outer loop
         vertex 0 0.0415 0.000502173
         vertex 0.01105 0.0415 0.00205005
         vertex 0.0108662 0.0415 0.00206001
      endloop
   endfacet
   facet normal 0 -1 0
      outer loop
         vertex 0.0293525 0.0415 0.00365801
         vertex 0.0127475 0.0415 0.00365801
         vertex 0.0127276 0.0415 0.00347502
      endloop
   endfacet
   facet normal 0 -1 0
      outer loop
         vertex 0.0293525 0.0415 0.00365801
         vertex 0.0293525 0.0415 0.00384208
         vertex 0.0127475 0.0415 0.00384208
      endloop
   endfacet
   facet normal 0 -1 0
      outer loop
         vertex 0.029412 0.0415 0.00329525
         vertex 0.0117638 0.0415 0.00220717
         vertex 0.0115928 0.0415 0.00213904
      endloop
   endfacet
   facet normal 0 -1 0
      outer loop
         vertex 0.029412 0.0415 0.00329525
         vertex 0.0120788 0.0415 0.00239669
         vertex 0.0119264 0.0415 0.00229339
      endloop
   endfacet
   facet normal 0 -1 0
      outer loop
         vertex 0.0293724 0.0415 0.00347502
         vertex 0.0293525 0.0415 0.00365801
         vertex 0.0124571 0.0415 0.00279603
      endloop
   endfacet
   facet normal 0 -1 0
      outer loop
         vertex 0.0306846 0.0415 0.0054103
         vertex 0.0308662 0.0415 0.00544008
         vertex 0 0.0415 0.0055998
      endloop
   endfacet
   facet normal 0 -1 0
      outer loop
         vertex 0.01105 0.0415 0.00545005
         vertex 0.0300212 0.0415 0.0051034
         vertex 0.0301736 0.0415 0.0052067
      endloop
   endfacet
   facet normal 0 -1 0
      outer loop
         vertex 0.0103362 0.0415 0.00529292
         vertex 0.0105072 0.0415 0.00536106
         vertex 0 0.0415 0.0055998
      endloop
   endfacet
   facet normal 0 -1 0
      outer loop
         vertex 0.00954803 0.0415 0.00454634
         vertex 0.00964293 0.0415 0.00470406
         vertex 0 0.0415 0.0055998
      endloop
   endfacet
   facet normal 0 -1 0
      outer loop
         vertex 0 0.0415 0.000502173
         vertex 0.00964293 0.0415 0.00279603
         vertex 0.00954803 0.0415 0.00295375
      endloop
   endfacet
   facet normal 0 -1 0
      outer loop
         vertex 0.0108662 0.0415 0.00206001
         vertex 0.0106846 0.0415 0.00208979
         vertex 0 0.0415 0.000502173
      endloop
   endfacet
   facet normal 0 -1 0
      outer loop
         vertex 0.0293525 0.0415 0.00365801
         vertex 0.012688 0.0415 0.00329525
         vertex 0.0126293 0.0415 0.00312081
      endloop
   endfacet
   facet normal 0 -1 0
      outer loop
         vertex 0.0127475 0.0415 0.00384208
         vertex 0.0127475 0.0415 0.00365801
         vertex 0.0293525 0.0415 0.00365801
      endloop
   endfacet
   facet normal 0 -1 0
      outer loop
         vertex 0.0293525 0.0415 0.00384208
         vertex 0.012688 0.0415 0.00420484
         vertex 0.0127276 0.0415 0.00402508
      endloop
   endfacet
   facet normal 0 -1 0
      outer loop
         vertex 0.0115928 0.0415 0.00213904
         vertex 0.0114154 0.0415 0.00208979
         vertex 0.029412 0.0415 0.00329525
      endloop
   endfacet
   facet normal 0 -1 0
      outer loop
         vertex 0.029412 0.0415 0.00329525
         vertex 0.0122191 0.0415 0.00251585
         vertex 0.0120788 0.0415 0.00239669
      endloop
   endfacet
   facet normal 0 -1 0
      outer loop
         vertex 0.0123457 0.0415 0.00264949
         vertex 0.029412 0.0415 0.00329525
         vertex 0.0293724 0.0415 0.00347502
      endloop
   endfacet
   facet normal 0 -1 0
      outer loop
         vertex 0.0348 0.0415 0.0055998
         vertex 0.0315928 0.0415 0.00536106
         vertex 0.0317638 0.0415 0.00529292
      endloop
   endfacet
   facet normal 0 -1 0
      outer loop
         vertex 0.0348 0.0415 0.0055998
         vertex 0.03105 0.0415 0.00545005
         vertex 0.0312338 0.0415 0.00544008
      endloop
   endfacet
   facet normal 0 -1 0
      outer loop
         vertex 0.0308662 0.0415 0.00544008
         vertex 0.03105 0.0415 0.00545005
         vertex 0 0.0415 0.0055998
      endloop
   endfacet
   facet normal 0 -1 0
      outer loop
         vertex 0.0106846 0.0415 0.0054103
         vertex 0.0108662 0.0415 0.00544008
         vertex 0 0.0415 0.0055998
      endloop
   endfacet
   facet normal 0 -1 0
      outer loop
         vertex 0 0.0415 0.0055998
         vertex 0.00988091 0.0415 0.00498424
         vertex 0.0100212 0.0415 0.0051034
      endloop
   endfacet
   facet normal 0 -1 0
      outer loop
         vertex 0.00947074 0.0415 0.00312081
         vertex 0.00941197 0.0415 0.00329525
         vertex 0 0.0415 0.000502173
      endloop
   endfacet
   facet normal 0 -1 0
      outer loop
         vertex 0.00988091 0.0415 0.00251585
         vertex 0.00975432 0.0415 0.00264949
         vertex 0 0.0415 0.000502173
      endloop
   endfacet
   facet normal 0 -1 0
      outer loop
         vertex 0.0293724 0.0415 0.00402508
         vertex 0.0123457 0.0415 0.0048506
         vertex 0.0124571 0.0415 0.00470406
      endloop
   endfacet
   facet normal 0 -1 0
      outer loop
         vertex 0.029412 0.0415 0.00420484
         vertex 0.0119264 0.0415 0.0052067
         vertex 0.0120788 0.0415 0.0051034
      endloop
   endfacet
   facet normal 0 -1 0
      outer loop
         vertex 0.029412 0.0415 0.00420484
         vertex 0.0114154 0.0415 0.0054103
         vertex 0.0115928 0.0415 0.00536106
      endloop
   endfacet
   facet normal 0 -1 0
      outer loop
         vertex 0.0126293 0.0415 0.00312081
         vertex 0.012552 0.0415 0.00295375
         vertex 0.0293525 0.0415 0.00365801
      endloop
   endfacet
   facet normal 0 -1 0
      outer loop
         vertex 0.0127276 0.0415 0.00402508
         vertex 0.0127475 0.0415 0.00384208
         vertex 0.0293525 0.0415 0.00384208
      endloop
   endfacet
   facet normal 0 -1 0
      outer loop
         vertex 0.0293525 0.0415 0.00384208
         vertex 0.012552 0.0415 0.00454634
         vertex 0.0126293 0.0415 0.00437928
      endloop
   endfacet
   facet normal 0 -1 0
      outer loop
         vertex 0.0119264 0.0415 0.00229339
         vertex 0.0117638 0.0415 0.00220717
         vertex 0.029412 0.0415 0.00329525
      endloop
   endfacet
   facet normal 0 -1 0
      outer loop
         vertex 0.0124571 0.0415 0.00279603
         vertex 0.0123457 0.0415 0.00264949
         vertex 0.0293724 0.0415 0.00347502
      endloop
   endfacet
   facet normal 0 -1 0
      outer loop
         vertex 0 0.0415 0.000502173
         vertex 0.0306846 0.0415 0.00208979
         vertex 0.0305072 0.0415 0.00213904
      endloop
   endfacet
   facet normal 0 -1 0
      outer loop
         vertex 0.0348 0.0415 0.000502173
         vertex 0.0308662 0.0415 0.00206001
         vertex 0.0306846 0.0415 0.00208979
      endloop
   endfacet
   facet normal 0 -1 0
      outer loop
         vertex 0.0348 0.0415 0.0055998
         vertex 0.0314154 0.0415 0.0054103
         vertex 0.0315928 0.0415 0.00536106
      endloop
   endfacet
   facet normal 0 -1 0
      outer loop
         vertex 0.03105 0.0415 0.00545005
         vertex 0.0348 0.0415 0.0055998
         vertex 0 0.0415 0.0055998
      endloop
   endfacet
   facet normal 0 -1 0
      outer loop
         vertex 0.0100212 0.0415 0.0051034
         vertex 0.0101736 0.0415 0.0052067
         vertex 0 0.0415 0.0055998
      endloop
   endfacet
   facet normal 0 -1 0
      outer loop
         vertex 0.00975432 0.0415 0.00264949
         vertex 0.00964293 0.0415 0.00279603
         vertex 0 0.0415 0.000502173
      endloop
   endfacet
   facet normal 0 -1 0
      outer loop
         vertex 0.0124571 0.0415 0.00470406
         vertex 0.0293525 0.0415 0.00384208
         vertex 0.0293724 0.0415 0.00402508
      endloop
   endfacet
   facet normal 0 -1 0
      outer loop
         vertex 0.0120788 0.0415 0.0051034
         vertex 0.0122191 0.0415 0.00498424
         vertex 0.029412 0.0415 0.00420484
      endloop
   endfacet
   facet normal 0 -1 0
      outer loop
         vertex 0.029412 0.0415 0.00420484
         vertex 0.0112338 0.0415 0.00544008
         vertex 0.0114154 0.0415 0.0054103
      endloop
   endfacet
   facet normal 0 -1 0
      outer loop
         vertex 0.0127276 0.0415 0.00347502
         vertex 0.012688 0.0415 0.00329525
         vertex 0.0293525 0.0415 0.00365801
      endloop
   endfacet
   facet normal 0 -1 0
      outer loop
         vertex 0.0293525 0.0415 0.00384208
         vertex 0.0124571 0.0415 0.00470406
         vertex 0.012552 0.0415 0.00454634
      endloop
   endfacet
   facet normal 0 -1 0
      outer loop
         vertex 0 0.0415 0.000502173
         vertex 0.029412 0.0415 0.00329525
         vertex 0.0112338 0.0415 0.00206001
      endloop
   endfacet
   facet normal 0 -1 0
      outer loop
         vertex 0.0123457 0.0415 0.00264949
         vertex 0.0122191 0.0415 0.00251585
         vertex 0.029412 0.0415 0.00329525
      endloop
   endfacet
   facet normal 0 -1 0
      outer loop
         vertex 0.0306846 0.0415 0.00208979
         vertex 0 0.0415 0.000502173
         vertex 0.0348 0.0415 0.000502173
      endloop
   endfacet
   facet normal 0 -1 0
      outer loop
         vertex 0.0348 0.0415 0.000502173
         vertex 0.0319264 0.0415 0.00229339
         vertex 0.0317638 0.0415 0.00220717
      endloop
   endfacet
   facet normal 0 -1 0
      outer loop
         vertex 0.0348 0.0415 0.0055998
         vertex 0.0322191 0.0415 0.00498424
         vertex 0.0323457 0.0415 0.0048506
      endloop
   endfacet
   facet normal 0 -1 0
      outer loop
         vertex 0.0348 0.0415 0.0055998
         vertex 0.0319264 0.0415 0.0052067
         vertex 0.0320788 0.0415 0.0051034
      endloop
   endfacet
   facet normal 0 -1 0
      outer loop
         vertex 0.0312338 0.0415 0.00544008
         vertex 0.0314154 0.0415 0.0054103
         vertex 0.0348 0.0415 0.0055998
      endloop
   endfacet
   facet normal 0 -1 0
      outer loop
         vertex 0.00975432 0.0415 0.0048506
         vertex 0.00988091 0.0415 0.00498424
         vertex 0 0.0415 0.0055998
      endloop
   endfacet
   facet normal 0 -1 0
      outer loop
         vertex 0.029548 0.0415 0.00454634
         vertex 0.01105 0.0415 0.00545005
         vertex 0.0112338 0.0415 0.00544008
      endloop
   endfacet
   facet normal 0 -1 0
      outer loop
         vertex 0.0122191 0.0415 0.00498424
         vertex 0.0123457 0.0415 0.0048506
         vertex 0.029412 0.0415 0.00420484
      endloop
   endfacet
   facet normal 0 -1 0
      outer loop
         vertex 0.0115928 0.0415 0.00536106
         vertex 0.0117638 0.0415 0.00529292
         vertex 0.029412 0.0415 0.00420484
      endloop
   endfacet
   facet normal 0 -1 0
      outer loop
         vertex 0.0126293 0.0415 0.00437928
         vertex 0.012688 0.0415 0.00420484
         vertex 0.0293525 0.0415 0.00384208
      endloop
   endfacet
   facet normal 0 -1 0
      outer loop
         vertex 0.0114154 0.0415 0.00208979
         vertex 0.0112338 0.0415 0.00206001
         vertex 0.029412 0.0415 0.00329525
      endloop
   endfacet
   facet normal 0 -1 0
      outer loop
         vertex 0 0.0415 0.000502173
         vertex 0.0300212 0.0415 0.00239669
         vertex 0.0298809 0.0415 0.00251585
      endloop
   endfacet
   facet normal 0 -1 0
      outer loop
         vertex 0 0.0415 0.000502173
         vertex 0.0303362 0.0415 0.00220717
         vertex 0.0301736 0.0415 0.00229339
      endloop
   endfacet
   facet normal 0 -1 0
      outer loop
         vertex 0.0348 0.0415 0.000502173
         vertex 0.03105 0.0415 0.00205005
         vertex 0.0308662 0.0415 0.00206001
      endloop
   endfacet
   facet normal 0 -1 0
      outer loop
         vertex 0.0348 0.0415 0.000502173
         vertex 0.0314154 0.0415 0.00208979
         vertex 0.0312338 0.0415 0.00206001
      endloop
   endfacet
   facet normal 0 -1 0
      outer loop
         vertex 0.0317638 0.0415 0.00220717
         vertex 0.0315928 0.0415 0.00213904
         vertex 0.0348 0.0415 0.000502173
      endloop
   endfacet
   facet normal 0 -1 0
      outer loop
         vertex 0.0348 0.0415 0.000502173
         vertex 0.0322191 0.0415 0.00251585
         vertex 0.0320788 0.0415 0.00239669
      endloop
   endfacet
   facet normal 0 -1 0
      outer loop
         vertex 0.0348 0.0415 0.000502173
         vertex 0.0324571 0.0415 0.00279603
         vertex 0.0323457 0.0415 0.00264949
      endloop
   endfacet
   facet normal 0 -1 0
      outer loop
         vertex 0.0348 0.0415 0.000502173
         vertex 0.0327276 0.0415 0.00347502
         vertex 0.032688 0.0415 0.00329525
      endloop
   endfacet
   facet normal 0 -1 0
      outer loop
         vertex 0.0348 0.0415 0.000502173
         vertex 0.0348 0.0415 0.0055998
         vertex 0.0327475 0.0415 0.00365801
      endloop
   endfacet
   facet normal 0 -1 0
      outer loop
         vertex 0.0320788 0.0415 0.0051034
         vertex 0.0322191 0.0415 0.00498424
         vertex 0.0348 0.0415 0.0055998
      endloop
   endfacet
   facet normal 0 -1 0
      outer loop
         vertex 0.01105 0.0415 0.00545005
         vertex 0.0301736 0.0415 0.0052067
         vertex 0.0303362 0.0415 0.00529292
      endloop
   endfacet
   facet normal 0 -1 0
      outer loop
         vertex 0.01105 0.0415 0.00545005
         vertex 0.029548 0.0415 0.00454634
         vertex 0.0296429 0.0415 0.00470406
      endloop
   endfacet
   facet normal 0 -1 0
      outer loop
         vertex 0.0112338 0.0415 0.00544008
         vertex 0.029412 0.0415 0.00420484
         vertex 0.0294707 0.0415 0.00437928
      endloop
   endfacet
   facet normal 0 -1 0
      outer loop
         vertex 0.0117638 0.0415 0.00529292
         vertex 0.0119264 0.0415 0.0052067
         vertex 0.029412 0.0415 0.00420484
      endloop
   endfacet
   facet normal 0 -1 0
      outer loop
         vertex 0.0112338 0.0415 0.00206001
         vertex 0.01105 0.0415 0.00205005
         vertex 0 0.0415 0.000502173
      endloop
   endfacet
   facet normal 0 -1 0
      outer loop
         vertex 0 0.0415 0.000502173
         vertex 0.0296429 0.0415 0.00279603
         vertex 0.029548 0.0415 0.00295375
      endloop
   endfacet
   facet normal 0 -1 0
      outer loop
         vertex 0.0298809 0.0415 0.00251585
         vertex 0.0297543 0.0415 0.00264949
         vertex 0 0.0415 0.000502173
      endloop
   endfacet
   facet normal 0 -1 0
      outer loop
         vertex 0.0305072 0.0415 0.00213904
         vertex 0.0303362 0.0415 0.00220717
         vertex 0 0.0415 0.000502173
      endloop
   endfacet
   facet normal 0 -1 0
      outer loop
         vertex 0.0315928 0.0415 0.00213904
         vertex 0.0314154 0.0415 0.00208979
         vertex 0.0348 0.0415 0.000502173
      endloop
   endfacet
   facet normal 0 -1 0
      outer loop
         vertex 0.0323457 0.0415 0.00264949
         vertex 0.0322191 0.0415 0.00251585
         vertex 0.0348 0.0415 0.000502173
      endloop
   endfacet
   facet normal 0 -1 0
      outer loop
         vertex 0.0327475 0.0415 0.00365801
         vertex 0.0327276 0.0415 0.00347502
         vertex 0.0348 0.0415 0.000502173
      endloop
   endfacet
   facet normal 0 -1 0
      outer loop
         vertex 0.0348 0.0415 0.0055998
         vertex 0.0326293 0.0415 0.00437928
         vertex 0.032688 0.0415 0.00420484
      endloop
   endfacet
   facet normal 0 -1 0
      outer loop
         vertex 0.0348 0.0415 0.0055998
         vertex 0.0324571 0.0415 0.00470406
         vertex 0.032552 0.0415 0.00454634
      endloop
   endfacet
   facet normal 0 -1 0
      outer loop
         vertex 0.0317638 0.0415 0.00529292
         vertex 0.0319264 0.0415 0.0052067
         vertex 0.0348 0.0415 0.0055998
      endloop
   endfacet
   facet normal 0 -1 0
      outer loop
         vertex 0.0112338 0.0415 0.00544008
         vertex 0.0294707 0.0415 0.00437928
         vertex 0.029548 0.0415 0.00454634
      endloop
   endfacet
   facet normal 0 -1 0
      outer loop
         vertex 0.012552 0.0415 0.00295375
         vertex 0.0124571 0.0415 0.00279603
         vertex 0.0293525 0.0415 0.00365801
      endloop
   endfacet
   facet normal 0 -1 0
      outer loop
         vertex 0.029548 0.0415 0.00295375
         vertex 0.0294707 0.0415 0.00312081
         vertex 0 0.0415 0.000502173
      endloop
   endfacet
   facet normal 0 -1 0
      outer loop
         vertex 0.0301736 0.0415 0.00229339
         vertex 0.0300212 0.0415 0.00239669
         vertex 0 0.0415 0.000502173
      endloop
   endfacet
   facet normal 0 -1 0
      outer loop
         vertex 0.0320788 0.0415 0.00239669
         vertex 0.0319264 0.0415 0.00229339
         vertex 0.0348 0.0415 0.000502173
      endloop
   endfacet
   facet normal 0 -1 0
      outer loop
         vertex 0.0348 0.0415 0.000502173
         vertex 0.0326293 0.0415 0.00312081
         vertex 0.032552 0.0415 0.00295375
      endloop
   endfacet
   facet normal 0 -1 0
      outer loop
         vertex 0.0348 0.0415 0.0055998
         vertex 0.0327475 0.0415 0.00384208
         vertex 0.0327475 0.0415 0.00365801
      endloop
   endfacet
   facet normal 0 -1 0
      outer loop
         vertex 0.032688 0.0415 0.00420484
         vertex 0.0327276 0.0415 0.00402508
         vertex 0.0348 0.0415 0.0055998
      endloop
   endfacet
   facet normal 0 -1 0
      outer loop
         vertex 0.0323457 0.0415 0.0048506
         vertex 0.0324571 0.0415 0.00470406
         vertex 0.0348 0.0415 0.0055998
      endloop
   endfacet
   facet normal 0 -1 0
      outer loop
         vertex 0.01105 0.0415 0.00545005
         vertex 0.0297543 0.0415 0.0048506
         vertex 0.0298809 0.0415 0.00498424
      endloop
   endfacet
   facet normal 0 -1 0
      outer loop
         vertex 0.0293724 0.0415 0.00402508
         vertex 0.029412 0.0415 0.00420484
         vertex 0.0123457 0.0415 0.0048506
      endloop
   endfacet
   facet normal 0 -1 0
      outer loop
         vertex 0.0297543 0.0415 0.00264949
         vertex 0.0296429 0.0415 0.00279603
         vertex 0 0.0415 0.000502173
      endloop
   endfacet
   facet normal 0 -1 0
      outer loop
         vertex 0.032552 0.0415 0.00295375
         vertex 0.0324571 0.0415 0.00279603
         vertex 0.0348 0.0415 0.000502173
      endloop
   endfacet
   facet normal 0 -1 0
      outer loop
         vertex 0.0327276 0.0415 0.00402508
         vertex 0.0327475 0.0415 0.00384208
         vertex 0.0348 0.0415 0.0055998
      endloop
   endfacet
   facet normal 0 -1 0
      outer loop
         vertex 0.0298809 0.0415 0.00498424
         vertex 0.0300212 0.0415 0.0051034
         vertex 0.01105 0.0415 0.00545005
      endloop
   endfacet
   facet normal 0 -1 0
      outer loop
         vertex 0.0294707 0.0415 0.00312081
         vertex 0.029412 0.0415 0.00329525
         vertex 0 0.0415 0.000502173
      endloop
   endfacet
   facet normal 0 -1 0
      outer loop
         vertex 0.032688 0.0415 0.00329525
         vertex 0.0326293 0.0415 0.00312081
         vertex 0.0348 0.0415 0.000502173
      endloop
   endfacet
   facet normal 0 -1 0
      outer loop
         vertex 0.0296429 0.0415 0.00470406
         vertex 0.0297543 0.0415 0.0048506
         vertex 0.01105 0.0415 0.00545005
      endloop
   endfacet
   facet normal 0 -1 0
      outer loop
         vertex 0.032552 0.0415 0.00454634
         vertex 0.0326293 0.0415 0.00437928
         vertex 0.0348 0.0415 0.0055998
      endloop
   endfacet
   facet normal 0 -1 0
      outer loop
         vertex 0.0312338 0.0415 0.00206001
         vertex 0.03105 0.0415 0.00205005
         vertex 0.0348 0.0415 0.000502173
      endloop
   endfacet
   facet normal 0 -0.707107 -0.707107
      outer loop
         vertex 0.0348 0.0399998 0.0071
         vertex 0 0.0399998 0.0071
         vertex 0 0.0415 0.0055998
      endloop
   endfacet
   facet normal 0 -0.707107 -0.707107
      outer loop
         vertex 0 0.0415 0.0055998
         vertex 0.0348 0.0415 0.0055998
         vertex 0.0348 0.0399998 0.0071
      endloop
   endfacet
   facet normal 0 -2.01134e-16 -1
      outer loop
         vertex 0.0348 0.00550091 0.0071
         vertex 0 0.00550091 0.0071
         vertex 0 0.0399998 0.0071
      endloop
   endfacet
   facet normal 0 -2.01134e-16 -1
      outer loop
         vertex 0 0.0399998 0.0071
         vertex 0.0348 0.0399998 0.0071
         vertex 0.0348 0.00550091 0.0071
      endloop
   endfacet
   facet normal 0 0.707107 -0.707107
      outer loop
         vertex 0.0348 0.004 0.00559909
         vertex 0 0.004 0.00559909
         vertex 0 0.00550091 0.0071
      endloop
   endfacet
   facet normal 0 0.707107 -0.707107
      outer loop
         vertex 0 0.00550091 0.0071
         vertex 0.0348 0.00550091 0.0071
         vertex 0.0348 0.004 0.00559909
      endloop
   endfacet
   facet normal -1 0 0
      outer loop
         vertex 0 0.0205506 0.0307001
         vertex 0 0.0165252 0.0307001
         vertex 0 0.0185 0.032
      endloop
   endfacet
   facet normal -1 0 0
      outer loop
         vertex 0 0.0205506 0.0307001
         vertex 0 0.0195311 0.0322863
         vertex 0 0.0197104 0.0324078
      endloop
   endfacet
   facet normal -1 0 0
      outer loop
         vertex 0 0.0185 0.032
         vertex 0 0.0187163 0.0320117
         vertex 0 0.0205506 0.0307001
      endloop
   endfacet
   facet normal -1 0 0
      outer loop
         vertex 0 0.0165252 0.0307001
         vertex 0 0.0174689 0.0322863
         vertex 0 0.0176602 0.0321848
      endloop
   endfacet
   facet normal -1 0 0
      outer loop
         vertex 0 0.0165252 0.0307001
         vertex 0 0.0171246 0.032548
         vertex 0 0.0172897 0.0324078
      endloop
   endfacet
   facet normal -1 0 0
      outer loop
         vertex 0 0.0112237 0.0365001
         vertex 0 0.0185 0.036
         vertex 0 0.0182838 0.0359882
      endloop
   endfacet
   facet normal -1 0 0
      outer loop
         vertex 0 0.0443754 0.0325481
         vertex 0 0.0455 0
         vertex 0 0.044997 0.0136083
      endloop
   endfacet
   facet normal -1 0 0
      outer loop
         vertex 0 0.0415 0.0055998
         vertex 0 0.0455 0
         vertex 0 0.0420022 -7.64363e-18
      endloop
   endfacet
   facet normal -1 0 0
      outer loop
         vertex 0 0.043 0.0320001
         vertex 0 0.0438398 0.0153152
         vertex 0 0.0436386 0.0153953
      endloop
   endfacet
   facet normal -1 0 0
      outer loop
         vertex 0 0.0197104 0.0324078
         vertex 0 0.02105 0.0312001
         vertex 0 0.0205506 0.0307001
      endloop
   endfacet
   facet normal -1 0 0
      outer loop
         vertex 0 0.0187163 0.0320117
         vertex 0 0.01893 0.0320467
         vertex 0 0.0205506 0.0307001
      endloop
   endfacet
   facet normal -1 0 0
      outer loop
         vertex 0 0.0165252 0.0307001
         vertex 0 0.0180701 0.0320467
         vertex 0 0.0182838 0.0320117
      endloop
   endfacet
   facet normal -1 0 0
      outer loop
         vertex 0 0.0172897 0.0324078
         vertex 0 0.0174689 0.0322863
         vertex 0 0.0165252 0.0307001
      endloop
   endfacet
   facet normal -1 0 0
      outer loop
         vertex 0 0.0165252 0.0307001
         vertex 0 0.0168446 0.0328776
         vertex 0 0.0169757 0.0327052
      endloop
   endfacet
   facet normal -1 0 0
      outer loop
         vertex 0 0.0112237 0.0365001
         vertex 0 0.0166421 0.0332597
         vertex 0 0.016733 0.0330632
      endloop
   endfacet
   facet normal -1 0 0
      outer loop
         vertex 0 0.0112237 0.0365001
         vertex 0 0.0174689 0.0357137
         vertex 0 0.0172897 0.0355922
      endloop
   endfacet
   facet normal -1 0 0
      outer loop
         vertex 0 0.0182838 0.0359882
         vertex 0 0.0180701 0.0359532
         vertex 0 0.0112237 0.0365001
      endloop
   endfacet
   facet normal -1 0 0
      outer loop
         vertex 0 0.0112237 0.011
         vertex 0 0.0165252 0.0168
         vertex 0 0.016733 0.0144369
      endloop
   endfacet
   facet normal -1 0 0
      outer loop
         vertex 0 0.0455 0
         vertex 0 0.044997 0.0133918
         vertex 0 0.044997 0.0136083
      endloop
   endfacet
   facet normal -1 0 0
      outer loop
         vertex 0 0.0420022 -7.64363e-18
         vertex 0 0.0415 0.000502173
         vertex 0 0.0415 0.0055998
      endloop
   endfacet
   facet normal -1 0 0
      outer loop
         vertex 0 0.043 0.0320001
         vertex 0 0.0440311 0.0152137
         vertex 0 0.0438398 0.0153152
      endloop
   endfacet
   facet normal -1 0 0
      outer loop
         vertex 0 0.043 0.0320001
         vertex 0 0.0443754 0.014952
         vertex 0 0.0442103 0.0150922
      endloop
   endfacet
   facet normal -1 0 0
      outer loop
         vertex 0 0.02105 0.0345001
         vertex 0 0.0201554 0.0351223
         vertex 0 0.0200243 0.0352947
      endloop
   endfacet
   facet normal -1 0 0
      outer loop
         vertex 0 0.02105 0.0345001
         vertex 0 0.020358 0.0347402
         vertex 0 0.020267 0.0349368
      endloop
   endfacet
   facet normal -1 0 0
      outer loop
         vertex 0 0.02105 0.0345001
         vertex 0 0.0204737 0.0343235
         vertex 0 0.0204271 0.034535
      endloop
   endfacet
   facet normal -1 0 0
      outer loop
         vertex 0 0.02105 0.0312001
         vertex 0 0.0204271 0.0334649
         vertex 0 0.0204737 0.0336764
      endloop
   endfacet
   facet normal -1 0 0
      outer loop
         vertex 0 0.0205506 0.0307001
         vertex 0 0.0193398 0.0321848
         vertex 0 0.0195311 0.0322863
      endloop
   endfacet
   facet normal -1 0 0
      outer loop
         vertex 0 0.01893 0.0320467
         vertex 0 0.0191386 0.0321047
         vertex 0 0.0205506 0.0307001
      endloop
   endfacet
   facet normal -1 0 0
      outer loop
         vertex 0 0.0165252 0.0307001
         vertex 0 0.0178614 0.0321047
         vertex 0 0.0180701 0.0320467
      endloop
   endfacet
   facet normal -1 0 0
      outer loop
         vertex 0 0.0169757 0.0327052
         vertex 0 0.0171246 0.032548
         vertex 0 0.0165252 0.0307001
      endloop
   endfacet
   facet normal -1 0 0
      outer loop
         vertex 0 0.016733 0.0330632
         vertex 0 0.0165252 0.0307001
         vertex 0 0.0112237 0.0365001
      endloop
   endfacet
   facet normal -1 0 0
      outer loop
         vertex 0 0.0112237 0.0365001
         vertex 0 0.0165264 0.0336764
         vertex 0 0.0165729 0.0334649
      endloop
   endfacet
   facet normal -1 0 0
      outer loop
         vertex 0 0.0112237 0.0365001
         vertex 0 0.0176602 0.0358151
         vertex 0 0.0174689 0.0357137
      endloop
   endfacet
   facet normal -1 0 0
      outer loop
         vertex 0 0.0180701 0.0359532
         vertex 0 0.0178614 0.0358953
         vertex 0 0.0112237 0.0365001
      endloop
   endfacet
   facet normal -1 0 0
      outer loop
         vertex 0 0.0399998 0.0071
         vertex 0 0.0421602 0.0116849
         vertex 0 0.0423614 0.0116047
      endloop
   endfacet
   facet normal -1 0 0
      outer loop
         vertex 0 0.0112237 0.011
         vertex 0 0.0174689 0.0117864
         vertex 0 0.0176602 0.011685
      endloop
   endfacet
   facet normal -1 0 0
      outer loop
         vertex 0 0.0112237 0.011
         vertex 0 0.0171246 0.0120481
         vertex 0 0.0172897 0.0119079
      endloop
   endfacet
   facet normal -1 0 0
      outer loop
         vertex 0 0.0112237 0.011
         vertex 0 0.016733 0.0125633
         vertex 0 0.0168446 0.0123777
      endloop
   endfacet
   facet normal -1 0 0
      outer loop
         vertex 0 0.0165252 0.0168
         vertex 0 0.0168446 0.0146225
         vertex 0 0.016733 0.0144369
      endloop
   endfacet
   facet normal -1 0 0
      outer loop
         vertex 0 0.0420022 0.0475001
         vertex 0 0.0455 0.0475001
         vertex 0 0.0432162 0.0359883
      endloop
   endfacet
   facet normal -1 0 0
      outer loop
         vertex 0 0.0455 0.0475001
         vertex 0 0.044997 0.0338918
         vertex 0 0.044997 0.0341083
      endloop
   endfacet
   facet normal -1 0 0
      outer loop
         vertex 0 0.0455 0
         vertex 0 0.0449736 0.0336765
         vertex 0 0.044997 0.0338918
      endloop
   endfacet
   facet normal -1 0 0
      outer loop
         vertex 0 0.0455 0
         vertex 0 0.0449736 0.0131765
         vertex 0 0.044997 0.0133918
      endloop
   endfacet
   facet normal -1 0 0
      outer loop
         vertex 0 0.0415 0.0055998
         vertex 0 0.044767 0.0125632
         vertex 0 0.0455 0
      endloop
   endfacet
   facet normal -1 0 0
      outer loop
         vertex 0 0.043 0.0320001
         vertex 0 0.0434299 0.0154533
         vertex 0 0.0432162 0.0154883
      endloop
   endfacet
   facet normal -1 0 0
      outer loop
         vertex 0 0.0442103 0.0150922
         vertex 0 0.0440311 0.0152137
         vertex 0 0.043 0.0320001
      endloop
   endfacet
   facet normal -1 0 0
      outer loop
         vertex 0 0.043 0.0320001
         vertex 0 0.0446554 0.0146224
         vertex 0 0.0445243 0.0147948
      endloop
   endfacet
   facet normal -1 0 0
      outer loop
         vertex 0 0.0200243 0.0352947
         vertex 0 0.0198754 0.035452
         vertex 0 0.02105 0.0345001
      endloop
   endfacet
   facet normal -1 0 0
      outer loop
         vertex 0 0.0204271 0.034535
         vertex 0 0.020358 0.0347402
         vertex 0 0.02105 0.0345001
      endloop
   endfacet
   facet normal -1 0 0
      outer loop
         vertex 0 0.02105 0.0345001
         vertex 0 0.0204971 0.0338917
         vertex 0 0.0204971 0.0341082
      endloop
   endfacet
   facet normal -1 0 0
      outer loop
         vertex 0 0.02105 0.0312001
         vertex 0 0.020358 0.0332597
         vertex 0 0.0204271 0.0334649
      endloop
   endfacet
   facet normal -1 0 0
      outer loop
         vertex 0 0.02105 0.0312001
         vertex 0 0.0201554 0.0328776
         vertex 0 0.020267 0.0330632
      endloop
   endfacet
   facet normal -1 0 0
      outer loop
         vertex 0 0.02105 0.0312001
         vertex 0 0.0198754 0.032548
         vertex 0 0.0200243 0.0327052
      endloop
   endfacet
   facet normal -1 0 0
      outer loop
         vertex 0 0.0191386 0.0321047
         vertex 0 0.0193398 0.0321848
         vertex 0 0.0205506 0.0307001
      endloop
   endfacet
   facet normal -1 0 0
      outer loop
         vertex 0 0.0176602 0.0321848
         vertex 0 0.0178614 0.0321047
         vertex 0 0.0165252 0.0307001
      endloop
   endfacet
   facet normal -1 0 0
      outer loop
         vertex 0 0.0165729 0.0334649
         vertex 0 0.0166421 0.0332597
         vertex 0 0.0112237 0.0365001
      endloop
   endfacet
   facet normal -1 0 0
      outer loop
         vertex 0 0.0112237 0.0365001
         vertex 0 0.016503 0.0341082
         vertex 0 0.016503 0.0338917
      endloop
   endfacet
   facet normal -1 0 0
      outer loop
         vertex 0 0.0112237 0.0365001
         vertex 0 0.0166421 0.0347402
         vertex 0 0.0165729 0.034535
      endloop
   endfacet
   facet normal -1 0 0
      outer loop
         vertex 0 0.0112237 0.0365001
         vertex 0 0.0168446 0.0351223
         vertex 0 0.016733 0.0349368
      endloop
   endfacet
   facet normal -1 0 0
      outer loop
         vertex 0 0.0112237 0.0365001
         vertex 0 0.0171246 0.035452
         vertex 0 0.0169757 0.0352947
      endloop
   endfacet
   facet normal -1 0 0
      outer loop
         vertex 0 0.0178614 0.0358953
         vertex 0 0.0176602 0.0358151
         vertex 0 0.0112237 0.0365001
      endloop
   endfacet
   facet normal -1 0 0
      outer loop
         vertex 0 0.0427837 0.0154883
         vertex 0 0.04257 0.0154533
         vertex 0 0.0405 0.0335001
      endloop
   endfacet
   facet normal -1 0 0
      outer loop
         vertex 0 0.0405 0.014
         vertex 0 0.0410263 0.0138236
         vertex 0 0.0410029 0.0136083
      endloop
   endfacet
   facet normal -1 0 0
      outer loop
         vertex 0 0.0405 0.014
         vertex 0 0.0412329 0.0144368
         vertex 0 0.041142 0.0142403
      endloop
   endfacet
   facet normal -1 0 0
      outer loop
         vertex 0 0.0399998 0.0071
         vertex 0 0.0419689 0.0117863
         vertex 0 0.0421602 0.0116849
      endloop
   endfacet
   facet normal -1 0 0
      outer loop
         vertex 0 0.0399998 0.0071
         vertex 0 0.0416246 0.012048
         vertex 0 0.0417896 0.0119078
      endloop
   endfacet
   facet normal -1 0 0
      outer loop
         vertex 0 0.0399998 0.0071
         vertex 0 0.0275499 0.013
         vertex 0 0.0413446 0.0123777
      endloop
   endfacet
   facet normal -1 0 0
      outer loop
         vertex 0 0.0412329 0.0125632
         vertex 0 0.0275499 0.013
         vertex 0 0.02855 0.014
      endloop
   endfacet
   facet normal -1 0 0
      outer loop
         vertex 0 0.0415 0.0055998
         vertex 0 0.0440311 0.0117863
         vertex 0 0.0442103 0.0119078
      endloop
   endfacet
   facet normal -1 0 0
      outer loop
         vertex 0 0.0415 0.0055998
         vertex 0 0.0436386 0.0116047
         vertex 0 0.0438398 0.0116849
      endloop
   endfacet
   facet normal -1 0 0
      outer loop
         vertex 0 0.0415 0.0055998
         vertex 0 0.0432162 0.0115118
         vertex 0 0.0434299 0.0115468
      endloop
   endfacet
   facet normal -1 0 0
      outer loop
         vertex 0 0.0415 0.0055998
         vertex 0 0.0399998 0.0071
         vertex 0 0.043 0.0115
      endloop
   endfacet
   facet normal -1 0 0
      outer loop
         vertex 0 0.0197104 0.0119079
         vertex 0 0.02105 0.013
         vertex 0 0.0275499 0.013
      endloop
   endfacet
   facet normal -1 0 0
      outer loop
         vertex 0 0.0399998 0.0071
         vertex 0 0.0112237 0.011
         vertex 0 0.0182838 0.0115118
      endloop
   endfacet
   facet normal -1 0 0
      outer loop
         vertex 0 0.0172897 0.0119079
         vertex 0 0.0174689 0.0117864
         vertex 0 0.0112237 0.011
      endloop
   endfacet
   facet normal -1 0 0
      outer loop
         vertex 0 0.0168446 0.0123777
         vertex 0 0.0169757 0.0122053
         vertex 0 0.0112237 0.011
      endloop
   endfacet
   facet normal -1 0 0
      outer loop
         vertex 0 0.0112237 0.011
         vertex 0 0.0165264 0.0131766
         vertex 0 0.0165729 0.0129651
      endloop
   endfacet
   facet normal -1 0 0
      outer loop
         vertex 0 0.0112237 0.011
         vertex 0 0.016503 0.0136084
         vertex 0 0.016503 0.0133918
      endloop
   endfacet
   facet normal -1 0 0
      outer loop
         vertex 0 0.0112237 0.011
         vertex 0 0.0166421 0.0142404
         vertex 0 0.0165729 0.0140352
      endloop
   endfacet
   facet normal -1 0 0
      outer loop
         vertex 0 0.0165252 0.0168
         vertex 0 0.0169757 0.0147949
         vertex 0 0.0168446 0.0146225
      endloop
   endfacet
   facet normal -1 0 0
      outer loop
         vertex 0 0.0165252 0.0168
         vertex 0 0.0172897 0.0150923
         vertex 0 0.0171246 0.0149521
      endloop
   endfacet
   facet normal -1 0 0
      outer loop
         vertex 0 0.0455 0.0475001
         vertex 0 0.0434299 0.0359533
         vertex 0 0.0432162 0.0359883
      endloop
   endfacet
   facet normal -1 0 0
      outer loop
         vertex 0 0.0455 0.0475001
         vertex 0 0.0440311 0.0357138
         vertex 0 0.0438398 0.0358152
      endloop
   endfacet
   facet normal -1 0 0
      outer loop
         vertex 0 0.0455 0.0475001
         vertex 0 0.0443754 0.0354521
         vertex 0 0.0442103 0.0355923
      endloop
   endfacet
   facet normal -1 0 0
      outer loop
         vertex 0 0.0455 0.0475001
         vertex 0 0.0449271 0.0345351
         vertex 0 0.0448579 0.0347403
      endloop
   endfacet
   facet normal -1 0 0
      outer loop
         vertex 0 0.044997 0.0341083
         vertex 0 0.0449736 0.0343236
         vertex 0 0.0455 0.0475001
      endloop
   endfacet
   facet normal -1 0 0
      outer loop
         vertex 0 0.0455 0
         vertex 0 0.0449271 0.033465
         vertex 0 0.0449736 0.0336765
      endloop
   endfacet
   facet normal -1 0 0
      outer loop
         vertex 0 0.044997 0.0136083
         vertex 0 0.0440311 0.0322864
         vertex 0 0.0442103 0.0324079
      endloop
   endfacet
   facet normal -1 0 0
      outer loop
         vertex 0 0.044997 0.0136083
         vertex 0 0.0436386 0.0321048
         vertex 0 0.0438398 0.0321849
      endloop
   endfacet
   facet normal -1 0 0
      outer loop
         vertex 0 0.044767 0.0125632
         vertex 0 0.0448579 0.0127598
         vertex 0 0.0455 0
      endloop
   endfacet
   facet normal -1 0 0
      outer loop
         vertex 0 0.0436386 0.0153953
         vertex 0 0.0434299 0.0154533
         vertex 0 0.043 0.0320001
      endloop
   endfacet
   facet normal -1 0 0
      outer loop
         vertex 0 0.043 0.0320001
         vertex 0 0.044767 0.0144368
         vertex 0 0.0446554 0.0146224
      endloop
   endfacet
   facet normal -1 0 0
      outer loop
         vertex 0 0.043 0.0320001
         vertex 0 0.0449271 0.0140351
         vertex 0 0.0448579 0.0142403
      endloop
   endfacet
   facet normal -1 0 0
      outer loop
         vertex 0 0.0432162 0.0320118
         vertex 0 0.044997 0.0136083
         vertex 0 0.0449736 0.0138236
      endloop
   endfacet
   facet normal -1 0 0
      outer loop
         vertex 0 0.020267 0.0349368
         vertex 0 0.0201554 0.0351223
         vertex 0 0.02105 0.0345001
      endloop
   endfacet
   facet normal -1 0 0
      outer loop
         vertex 0 0.02105 0.0345001
         vertex 0 0.0204737 0.0336764
         vertex 0 0.0204971 0.0338917
      endloop
   endfacet
   facet normal -1 0 0
      outer loop
         vertex 0 0.020267 0.0330632
         vertex 0 0.020358 0.0332597
         vertex 0 0.02105 0.0312001
      endloop
   endfacet
   facet normal -1 0 0
      outer loop
         vertex 0 0.0197104 0.0324078
         vertex 0 0.0198754 0.032548
         vertex 0 0.02105 0.0312001
      endloop
   endfacet
   facet normal -1 0 0
      outer loop
         vertex 0 0.016733 0.0330632
         vertex 0 0.0168446 0.0328776
         vertex 0 0.0165252 0.0307001
      endloop
   endfacet
   facet normal -1 0 0
      outer loop
         vertex 0 0.0112237 0.0365001
         vertex 0 0.0165264 0.0343235
         vertex 0 0.016503 0.0341082
      endloop
   endfacet
   facet normal -1 0 0
      outer loop
         vertex 0 0.016733 0.0349368
         vertex 0 0.0166421 0.0347402
         vertex 0 0.0112237 0.0365001
      endloop
   endfacet
   facet normal -1 0 0
      outer loop
         vertex 0 0.0172897 0.0355922
         vertex 0 0.0171246 0.035452
         vertex 0 0.0112237 0.0365001
      endloop
   endfacet
   facet normal -1 0 0
      outer loop
         vertex 0 0.00550091 0.0404001
         vertex 0 0.01893 0.0359532
         vertex 0 0.0187163 0.0359882
      endloop
   endfacet
   facet normal -1 0 0
      outer loop
         vertex 0 0.0399998 0.0404001
         vertex 0 0.0191386 0.0358953
         vertex 0 0.01893 0.0359532
      endloop
   endfacet
   facet normal -1 0 0
      outer loop
         vertex 0 0.0197104 0.0355922
         vertex 0 0.0399998 0.0404001
         vertex 0 0.0275499 0.0345001
      endloop
   endfacet
   facet normal -1 0 0
      outer loop
         vertex 0 0.0399998 0.0404001
         vertex 0 0.0414756 0.0352948
         vertex 0 0.0413446 0.0351224
      endloop
   endfacet
   facet normal -1 0 0
      outer loop
         vertex 0 0.0405 0.0335001
         vertex 0 0.0410029 0.0341083
         vertex 0 0.0410029 0.0338918
      endloop
   endfacet
   facet normal -1 0 0
      outer loop
         vertex 0 0.0410029 0.0136083
         vertex 0 0.0410029 0.0133918
         vertex 0 0.0405 0.014
      endloop
   endfacet
   facet normal -1 0 0
      outer loop
         vertex 0 0.0405 0.014
         vertex 0 0.0413446 0.0146224
         vertex 0 0.0412329 0.0144368
      endloop
   endfacet
   facet normal -1 0 0
      outer loop
         vertex 0 0.0405 0.014
         vertex 0 0.0416246 0.014952
         vertex 0 0.0414756 0.0147948
      endloop
   endfacet
   facet normal -1 0 0
      outer loop
         vertex 0 0.0399998 0.0071
         vertex 0 0.04257 0.0115468
         vertex 0 0.0427837 0.0115118
      endloop
   endfacet
   facet normal -1 0 0
      outer loop
         vertex 0 0.0417896 0.0119078
         vertex 0 0.0419689 0.0117863
         vertex 0 0.0399998 0.0071
      endloop
   endfacet
   facet normal -1 0 0
      outer loop
         vertex 0 0.0413446 0.0123777
         vertex 0 0.0414756 0.0122053
         vertex 0 0.0399998 0.0071
      endloop
   endfacet
   facet normal -1 0 0
      outer loop
         vertex 0 0.02855 0.014
         vertex 0 0.0405 0.014
         vertex 0 0.0412329 0.0125632
      endloop
   endfacet
   facet normal -1 0 0
      outer loop
         vertex 0 0.0415 0.0055998
         vertex 0 0.0443754 0.012048
         vertex 0 0.0445243 0.0122053
      endloop
   endfacet
   facet normal -1 0 0
      outer loop
         vertex 0 0.0438398 0.0116849
         vertex 0 0.0440311 0.0117863
         vertex 0 0.0415 0.0055998
      endloop
   endfacet
   facet normal -1 0 0
      outer loop
         vertex 0 0.043 0.0115
         vertex 0 0.0432162 0.0115118
         vertex 0 0.0415 0.0055998
      endloop
   endfacet
   facet normal -1 0 0
      outer loop
         vertex 0 0.0399998 0.0071
         vertex 0 0.0195311 0.0117864
         vertex 0 0.0197104 0.0119079
      endloop
   endfacet
   facet normal -1 0 0
      outer loop
         vertex 0 0.0399998 0.0071
         vertex 0 0.0191386 0.0116048
         vertex 0 0.0193398 0.011685
      endloop
   endfacet
   facet normal -1 0 0
      outer loop
         vertex 0 0.0399998 0.0071
         vertex 0 0.0185 0.0115001
         vertex 0 0.0187163 0.0115118
      endloop
   endfacet
   facet normal -1 0 0
      outer loop
         vertex 0 0.0112237 0.011
         vertex 0 0.0180701 0.0115469
         vertex 0 0.0182838 0.0115118
      endloop
   endfacet
   facet normal -1 0 0
      outer loop
         vertex 0 0.0169757 0.0122053
         vertex 0 0.0171246 0.0120481
         vertex 0 0.0112237 0.011
      endloop
   endfacet
   facet normal -1 0 0
      outer loop
         vertex 0 0.0165729 0.0129651
         vertex 0 0.0166421 0.0127598
         vertex 0 0.0112237 0.011
      endloop
   endfacet
   facet normal -1 0 0
      outer loop
         vertex 0 0.0112237 0.011
         vertex 0 0.0165264 0.0138237
         vertex 0 0.016503 0.0136084
      endloop
   endfacet
   facet normal -1 0 0
      outer loop
         vertex 0 0.016733 0.0144369
         vertex 0 0.0166421 0.0142404
         vertex 0 0.0112237 0.011
      endloop
   endfacet
   facet normal -1 0 0
      outer loop
         vertex 0 0.0165252 0.0168
         vertex 0 0.0174689 0.0152138
         vertex 0 0.0172897 0.0150923
      endloop
   endfacet
   facet normal -1 0 0
      outer loop
         vertex 0 0.0165252 0.0168
         vertex 0 0.0178614 0.0153954
         vertex 0 0.0176602 0.0153153
      endloop
   endfacet
   facet normal -1 0 0
      outer loop
         vertex 0 0.0165252 0.0168
         vertex 0 0.0205506 0.0168
         vertex 0 0.0185 0.0155001
      endloop
   endfacet
   facet normal -1 0 0
      outer loop
         vertex 0 0.0455 0.0475001
         vertex 0 0.0436386 0.0358954
         vertex 0 0.0434299 0.0359533
      endloop
   endfacet
   facet normal -1 0 0
      outer loop
         vertex 0 0.0442103 0.0355923
         vertex 0 0.0440311 0.0357138
         vertex 0 0.0455 0.0475001
      endloop
   endfacet
   facet normal -1 0 0
      outer loop
         vertex 0 0.0448579 0.0347403
         vertex 0 0.044767 0.0349369
         vertex 0 0.0455 0.0475001
      endloop
   endfacet
   facet normal -1 0 0
      outer loop
         vertex 0 0.044997 0.0338918
         vertex 0 0.0455 0.0475001
         vertex 0 0.0455 0
      endloop
   endfacet
   facet normal -1 0 0
      outer loop
         vertex 0 0.0455 0
         vertex 0 0.0446554 0.0328777
         vertex 0 0.044767 0.0330632
      endloop
   endfacet
   facet normal -1 0 0
      outer loop
         vertex 0 0.0438398 0.0321849
         vertex 0 0.0440311 0.0322864
         vertex 0 0.044997 0.0136083
      endloop
   endfacet
   facet normal -1 0 0
      outer loop
         vertex 0 0.0448579 0.0127598
         vertex 0 0.0449271 0.012965
         vertex 0 0.0455 0
      endloop
   endfacet
   facet normal -1 0 0
      outer loop
         vertex 0 0.0445243 0.0147948
         vertex 0 0.0443754 0.014952
         vertex 0 0.043 0.0320001
      endloop
   endfacet
   facet normal -1 0 0
      outer loop
         vertex 0 0.043 0.0320001
         vertex 0 0.0449736 0.0138236
         vertex 0 0.0449271 0.0140351
      endloop
   endfacet
   facet normal -1 0 0
      outer loop
         vertex 0 0.0449736 0.0138236
         vertex 0 0.043 0.0320001
         vertex 0 0.0432162 0.0320118
      endloop
   endfacet
   facet normal -1 0 0
      outer loop
         vertex 0 0.043 0.0155
         vertex 0 0.04257 0.0320468
         vertex 0 0.0427837 0.0320118
      endloop
   endfacet
   facet normal -1 0 0
      outer loop
         vertex 0 0.043 0.0155
         vertex 0 0.0419689 0.0322864
         vertex 0 0.0421602 0.0321849
      endloop
   endfacet
   facet normal -1 0 0
      outer loop
         vertex 0 0.043 0.0155
         vertex 0 0.0416246 0.0325481
         vertex 0 0.0417896 0.0324079
      endloop
   endfacet
   facet normal -1 0 0
      outer loop
         vertex 0 0.0204971 0.0341082
         vertex 0 0.0204737 0.0343235
         vertex 0 0.02105 0.0345001
      endloop
   endfacet
   facet normal -1 0 0
      outer loop
         vertex 0 0.0200243 0.0327052
         vertex 0 0.0201554 0.0328776
         vertex 0 0.02105 0.0312001
      endloop
   endfacet
   facet normal -1 0 0
      outer loop
         vertex 0 0.016503 0.0338917
         vertex 0 0.0165264 0.0336764
         vertex 0 0.0112237 0.0365001
      endloop
   endfacet
   facet normal -1 0 0
      outer loop
         vertex 0 0.0169757 0.0352947
         vertex 0 0.0168446 0.0351223
         vertex 0 0.0112237 0.0365001
      endloop
   endfacet
   facet normal -1 0 0
      outer loop
         vertex 0 0.04257 0.0359533
         vertex 0 0.0423614 0.0358954
         vertex 0 0.0399998 0.0404001
      endloop
   endfacet
   facet normal -1 0 0
      outer loop
         vertex 0 0.0415 0.0419003
         vertex 0 0.043 0.0360001
         vertex 0 0.0427837 0.0359883
      endloop
   endfacet
   facet normal -1 0 0
      outer loop
         vertex 0 0.01893 0.0359532
         vertex 0 0.00550091 0.0404001
         vertex 0 0.0399998 0.0404001
      endloop
   endfacet
   facet normal -1 0 0
      outer loop
         vertex 0 0.0275499 0.0345001
         vertex 0 0.02105 0.0345001
         vertex 0 0.0197104 0.0355922
      endloop
   endfacet
   facet normal -1 0 0
      outer loop
         vertex 0 0.0412329 0.0349369
         vertex 0 0.0405 0.0335001
         vertex 0 0.02855 0.0335001
      endloop
   endfacet
   facet normal -1 0 0
      outer loop
         vertex 0 0.0399998 0.0404001
         vertex 0 0.0416246 0.0354521
         vertex 0 0.0414756 0.0352948
      endloop
   endfacet
   facet normal -1 0 0
      outer loop
         vertex 0 0.0399998 0.0404001
         vertex 0 0.0419689 0.0357138
         vertex 0 0.0417896 0.0355923
      endloop
   endfacet
   facet normal -1 0 0
      outer loop
         vertex 0 0.0405 0.0335001
         vertex 0 0.0417896 0.0150922
         vertex 0 0.0416246 0.014952
      endloop
   endfacet
   facet normal -1 0 0
      outer loop
         vertex 0 0.0405 0.0335001
         vertex 0 0.0410263 0.0343236
         vertex 0 0.0410029 0.0341083
      endloop
   endfacet
   facet normal -1 0 0
      outer loop
         vertex 0 0.0405 0.014
         vertex 0 0.0410729 0.012965
         vertex 0 0.041142 0.0127598
      endloop
   endfacet
   facet normal -1 0 0
      outer loop
         vertex 0 0.0410029 0.0133918
         vertex 0 0.0410263 0.0131765
         vertex 0 0.0405 0.014
      endloop
   endfacet
   facet normal -1 0 0
      outer loop
         vertex 0 0.0414756 0.0147948
         vertex 0 0.0413446 0.0146224
         vertex 0 0.0405 0.014
      endloop
   endfacet
   facet normal -1 0 0
      outer loop
         vertex 0 0.0423614 0.0116047
         vertex 0 0.04257 0.0115468
         vertex 0 0.0399998 0.0071
      endloop
   endfacet
   facet normal -1 0 0
      outer loop
         vertex 0 0.0412329 0.0125632
         vertex 0 0.0413446 0.0123777
         vertex 0 0.0275499 0.013
      endloop
   endfacet
   facet normal -1 0 0
      outer loop
         vertex 0 0.0445243 0.0122053
         vertex 0 0.0446554 0.0123777
         vertex 0 0.0415 0.0055998
      endloop
   endfacet
   facet normal -1 0 0
      outer loop
         vertex 0 0.0434299 0.0115468
         vertex 0 0.0436386 0.0116047
         vertex 0 0.0415 0.0055998
      endloop
   endfacet
   facet normal -1 0 0
      outer loop
         vertex 0 0.0193398 0.011685
         vertex 0 0.0195311 0.0117864
         vertex 0 0.0399998 0.0071
      endloop
   endfacet
   facet normal -1 0 0
      outer loop
         vertex 0 0.0187163 0.0115118
         vertex 0 0.01893 0.0115469
         vertex 0 0.0399998 0.0071
      endloop
   endfacet
   facet normal -1 0 0
      outer loop
         vertex 0 0.0112237 0.011
         vertex 0 0.0178614 0.0116048
         vertex 0 0.0180701 0.0115469
      endloop
   endfacet
   facet normal -1 0 0
      outer loop
         vertex 0 0.0166421 0.0127598
         vertex 0 0.016733 0.0125633
         vertex 0 0.0112237 0.011
      endloop
   endfacet
   facet normal -1 0 0
      outer loop
         vertex 0 0.0165729 0.0140352
         vertex 0 0.0165264 0.0138237
         vertex 0 0.0112237 0.011
      endloop
   endfacet
   facet normal -1 0 0
      outer loop
         vertex 0 0.0176602 0.0153153
         vertex 0 0.0174689 0.0152138
         vertex 0 0.0165252 0.0168
      endloop
   endfacet
   facet normal -1 0 0
      outer loop
         vertex 0 0.0185 0.0155001
         vertex 0 0.0182838 0.0154884
         vertex 0 0.0165252 0.0168
      endloop
   endfacet
   facet normal -1 0 0
      outer loop
         vertex 0 0.0438398 0.0358152
         vertex 0 0.0436386 0.0358954
         vertex 0 0.0455 0.0475001
      endloop
   endfacet
   facet normal -1 0 0
      outer loop
         vertex 0 0.0455 0.0475001
         vertex 0 0.0446554 0.0351224
         vertex 0 0.0445243 0.0352948
      endloop
   endfacet
   facet normal -1 0 0
      outer loop
         vertex 0 0.0449736 0.0343236
         vertex 0 0.0449271 0.0345351
         vertex 0 0.0455 0.0475001
      endloop
   endfacet
   facet normal -1 0 0
      outer loop
         vertex 0 0.044767 0.0330632
         vertex 0 0.0448579 0.0332598
         vertex 0 0.0455 0
      endloop
   endfacet
   facet normal -1 0 0
      outer loop
         vertex 0 0.0455 0
         vertex 0 0.0443754 0.0325481
         vertex 0 0.0445243 0.0327053
      endloop
   endfacet
   facet normal -1 0 0
      outer loop
         vertex 0 0.0449271 0.012965
         vertex 0 0.0449736 0.0131765
         vertex 0 0.0455 0
      endloop
   endfacet
   facet normal -1 0 0
      outer loop
         vertex 0 0.0448579 0.0142403
         vertex 0 0.044767 0.0144368
         vertex 0 0.043 0.0320001
      endloop
   endfacet
   facet normal -1 0 0
      outer loop
         vertex 0 0.0432162 0.0320118
         vertex 0 0.0434299 0.0320468
         vertex 0 0.044997 0.0136083
      endloop
   endfacet
   facet normal -1 0 0
      outer loop
         vertex 0 0.043 0.0155
         vertex 0 0.0423614 0.0321048
         vertex 0 0.04257 0.0320468
      endloop
   endfacet
   facet normal -1 0 0
      outer loop
         vertex 0 0.0417896 0.0324079
         vertex 0 0.0419689 0.0322864
         vertex 0 0.043 0.0155
      endloop
   endfacet
   facet normal -1 0 0
      outer loop
         vertex 0 0.043 0.0155
         vertex 0 0.0410729 0.033465
         vertex 0 0.041142 0.0332598
      endloop
   endfacet
   facet normal -1 0 0
      outer loop
         vertex 0 0 0.0475001
         vertex 0 0.00349992 0.0475001
         vertex 0 0.004 0.047
      endloop
   endfacet
   facet normal -1 0 0
      outer loop
         vertex 0 0.0204737 0.0336764
         vertex 0 0.02105 0.0345001
         vertex 0 0.02105 0.0312001
      endloop
   endfacet
   facet normal -1 0 0
      outer loop
         vertex 0 0.0165729 0.034535
         vertex 0 0.0165264 0.0343235
         vertex 0 0.0112237 0.0365001
      endloop
   endfacet
   facet normal -1 0 0
      outer loop
         vertex 0 0.0399998 0.0404001
         vertex 0 0.0423614 0.0358954
         vertex 0 0.0421602 0.0358152
      endloop
   endfacet
   facet normal -1 0 0
      outer loop
         vertex 0 0.0427837 0.0359883
         vertex 0 0.04257 0.0359533
         vertex 0 0.0415 0.0419003
      endloop
   endfacet
   facet normal -1 0 0
      outer loop
         vertex 0 0.0399998 0.0404001
         vertex 0 0.0193398 0.0358151
         vertex 0 0.0191386 0.0358953
      endloop
   endfacet
   facet normal -1 0 0
      outer loop
         vertex 0 0.0197104 0.0355922
         vertex 0 0.0195311 0.0357137
         vertex 0 0.0399998 0.0404001
      endloop
   endfacet
   facet normal -1 0 0
      outer loop
         vertex 0 0.0275499 0.0345001
         vertex 0 0.0413446 0.0351224
         vertex 0 0.0412329 0.0349369
      endloop
   endfacet
   facet normal -1 0 0
      outer loop
         vertex 0 0.0417896 0.0355923
         vertex 0 0.0416246 0.0354521
         vertex 0 0.0399998 0.0404001
      endloop
   endfacet
   facet normal -1 0 0
      outer loop
         vertex 0 0.0405 0.0335001
         vertex 0 0.0419689 0.0152137
         vertex 0 0.0417896 0.0150922
      endloop
   endfacet
   facet normal -1 0 0
      outer loop
         vertex 0 0.0405 0.0335001
         vertex 0 0.0423614 0.0153953
         vertex 0 0.0421602 0.0153152
      endloop
   endfacet
   facet normal -1 0 0
      outer loop
         vertex 0 0.0405 0.0335001
         vertex 0 0.0410029 0.0338918
         vertex 0 0.0427837 0.0154883
      endloop
   endfacet
   facet normal -1 0 0
      outer loop
         vertex 0 0.0427837 0.0154883
         vertex 0 0.0410029 0.0338918
         vertex 0 0.0410263 0.0336765
      endloop
   endfacet
   facet normal -1 0 0
      outer loop
         vertex 0 0.0410263 0.0131765
         vertex 0 0.0410729 0.012965
         vertex 0 0.0405 0.014
      endloop
   endfacet
   facet normal -1 0 0
      outer loop
         vertex 0 0.041142 0.0142403
         vertex 0 0.0410729 0.0140351
         vertex 0 0.0405 0.014
      endloop
   endfacet
   facet normal -1 0 0
      outer loop
         vertex 0 0.0414756 0.0122053
         vertex 0 0.0416246 0.012048
         vertex 0 0.0399998 0.0071
      endloop
   endfacet
   facet normal -1 0 0
      outer loop
         vertex 0 0.0442103 0.0119078
         vertex 0 0.0443754 0.012048
         vertex 0 0.0415 0.0055998
      endloop
   endfacet
   facet normal -1 0 0
      outer loop
         vertex 0 0.01893 0.0115469
         vertex 0 0.0191386 0.0116048
         vertex 0 0.0399998 0.0071
      endloop
   endfacet
   facet normal -1 0 0
      outer loop
         vertex 0 0.0176602 0.011685
         vertex 0 0.0178614 0.0116048
         vertex 0 0.0112237 0.011
      endloop
   endfacet
   facet normal -1 0 0
      outer loop
         vertex 0 0.0171246 0.0149521
         vertex 0 0.0169757 0.0147949
         vertex 0 0.0165252 0.0168
      endloop
   endfacet
   facet normal -1 0 0
      outer loop
         vertex 0 0.0182838 0.0154884
         vertex 0 0.0180701 0.0154534
         vertex 0 0.0165252 0.0168
      endloop
   endfacet
   facet normal -1 0 0
      outer loop
         vertex 0 0.0445243 0.0352948
         vertex 0 0.0443754 0.0354521
         vertex 0 0.0455 0.0475001
      endloop
   endfacet
   facet normal -1 0 0
      outer loop
         vertex 0 0.0448579 0.0332598
         vertex 0 0.0449271 0.033465
         vertex 0 0.0455 0
      endloop
   endfacet
   facet normal -1 0 0
      outer loop
         vertex 0 0.044997 0.0136083
         vertex 0 0.0442103 0.0324079
         vertex 0 0.0443754 0.0325481
      endloop
   endfacet
   facet normal -1 0 0
      outer loop
         vertex 0 0.0434299 0.0320468
         vertex 0 0.0436386 0.0321048
         vertex 0 0.044997 0.0136083
      endloop
   endfacet
   facet normal -1 0 0
      outer loop
         vertex 0 0.0421602 0.0321849
         vertex 0 0.0423614 0.0321048
         vertex 0 0.043 0.0155
      endloop
   endfacet
   facet normal -1 0 0
      outer loop
         vertex 0 0.043 0.0155
         vertex 0 0.0413446 0.0328777
         vertex 0 0.0414756 0.0327053
      endloop
   endfacet
   facet normal -1 0 0
      outer loop
         vertex 0 0.043 0.0155
         vertex 0 0.0410263 0.0336765
         vertex 0 0.0410729 0.033465
      endloop
   endfacet
   facet normal -1 0 0
      outer loop
         vertex 0 0.0205506 0.0168
         vertex 0 0.02105 0.0163
         vertex 0 0.0197104 0.0150923
      endloop
   endfacet
   facet normal -1 0 0
      outer loop
         vertex 0 0.02105 0.0163
         vertex 0 0.0201554 0.0146225
         vertex 0 0.0200243 0.0147949
      endloop
   endfacet
   facet normal -1 0 0
      outer loop
         vertex 0 0.02105 0.0163
         vertex 0 0.020358 0.0142404
         vertex 0 0.020267 0.0144369
      endloop
   endfacet
   facet normal -1 0 0
      outer loop
         vertex 0 0.02105 0.0163
         vertex 0 0.02105 0.013
         vertex 0 0.0204737 0.0138237
      endloop
   endfacet
   facet normal -1 0 0
      outer loop
         vertex 0 -1.73472e-18 0.0365001
         vertex 0 0.004 0.041901
         vertex 0 0.00550091 0.0404001
      endloop
   endfacet
   facet normal -1 0 0
      outer loop
         vertex 0 0.004 0.047
         vertex 0 0.004 0.041901
         vertex 0 0 0.0475001
      endloop
   endfacet
   facet normal -1 0 0
      outer loop
         vertex 0 0.0182838 0.0320117
         vertex 0 0.0185 0.032
         vertex 0 0.0165252 0.0307001
      endloop
   endfacet
   facet normal -1 0 0
      outer loop
         vertex 0 0.0420022 0.0475001
         vertex 0 0.043 0.0360001
         vertex 0 0.0415 0.0419003
      endloop
   endfacet
   facet normal -1 0 0
      outer loop
         vertex 0 0.0399998 0.0404001
         vertex 0 0.0415 0.0419003
         vertex 0 0.04257 0.0359533
      endloop
   endfacet
   facet normal -1 0 0
      outer loop
         vertex 0 0.0195311 0.0357137
         vertex 0 0.0193398 0.0358151
         vertex 0 0.0399998 0.0404001
      endloop
   endfacet
   facet normal -1 0 0
      outer loop
         vertex 0 0.0413446 0.0351224
         vertex 0 0.0275499 0.0345001
         vertex 0 0.0399998 0.0404001
      endloop
   endfacet
   facet normal -1 0 0
      outer loop
         vertex 0 0.0421602 0.0153152
         vertex 0 0.0419689 0.0152137
         vertex 0 0.0405 0.0335001
      endloop
   endfacet
   facet normal -1 0 0
      outer loop
         vertex 0 0.0410263 0.0336765
         vertex 0 0.043 0.0155
         vertex 0 0.0427837 0.0154883
      endloop
   endfacet
   facet normal -1 0 0
      outer loop
         vertex 0 0.0410729 0.0140351
         vertex 0 0.0410263 0.0138236
         vertex 0 0.0405 0.014
      endloop
   endfacet
   facet normal -1 0 0
      outer loop
         vertex 0 0.0446554 0.0123777
         vertex 0 0.044767 0.0125632
         vertex 0 0.0415 0.0055998
      endloop
   endfacet
   facet normal -1 0 0
      outer loop
         vertex 0 0.0182838 0.0115118
         vertex 0 0.0185 0.0115001
         vertex 0 0.0399998 0.0071
      endloop
   endfacet
   facet normal -1 0 0
      outer loop
         vertex 0 0.0180701 0.0154534
         vertex 0 0.0178614 0.0153954
         vertex 0 0.0165252 0.0168
      endloop
   endfacet
   facet normal -1 0 0
      outer loop
         vertex 0 0.044767 0.0349369
         vertex 0 0.0446554 0.0351224
         vertex 0 0.0455 0.0475001
      endloop
   endfacet
   facet normal -1 0 0
      outer loop
         vertex 0 0.0432162 0.0154883
         vertex 0 0.043 0.0155
         vertex 0 0.043 0.0320001
      endloop
   endfacet
   facet normal -1 0 0
      outer loop
         vertex 0 0.0414756 0.0327053
         vertex 0 0.0416246 0.0325481
         vertex 0 0.043 0.0155
      endloop
   endfacet
   facet normal -1 0 0
      outer loop
         vertex 0 0.041142 0.0332598
         vertex 0 0.0412329 0.0330632
         vertex 0 0.043 0.0155
      endloop
   endfacet
   facet normal -1 0 0
      outer loop
         vertex 0 0 0
         vertex 0 0.004 0.00559909
         vertex 0 0.004 0.000500082
      endloop
   endfacet
   facet normal -1 0 0
      outer loop
         vertex 0 0.0205506 0.0168
         vertex 0 0.0195311 0.0152138
         vertex 0 0.0193398 0.0153153
      endloop
   endfacet
   facet normal -1 0 0
      outer loop
         vertex 0 0.02105 0.0163
         vertex 0 0.0198754 0.0149521
         vertex 0 0.0197104 0.0150923
      endloop
   endfacet
   facet normal -1 0 0
      outer loop
         vertex 0 0.020267 0.0144369
         vertex 0 0.0201554 0.0146225
         vertex 0 0.02105 0.0163
      endloop
   endfacet
   facet normal -1 0 0
      outer loop
         vertex 0 0.0204737 0.0138237
         vertex 0 0.0204271 0.0140352
         vertex 0 0.02105 0.0163
      endloop
   endfacet
   facet normal -1 0 0
      outer loop
         vertex 0 0.004 0.041901
         vertex 0 -1.73472e-18 0.0365001
         vertex 0 0 0.0475001
      endloop
   endfacet
   facet normal -1 0 0
      outer loop
         vertex 0 0.0198754 0.035452
         vertex 0 0.0197104 0.0355922
         vertex 0 0.02105 0.0345001
      endloop
   endfacet
   facet normal -1 0 0
      outer loop
         vertex 0 0.0421602 0.0358152
         vertex 0 0.0419689 0.0357138
         vertex 0 0.0399998 0.0404001
      endloop
   endfacet
   facet normal -1 0 0
      outer loop
         vertex 0 0.02855 0.0335001
         vertex 0 0.0275499 0.0345001
         vertex 0 0.0412329 0.0349369
      endloop
   endfacet
   facet normal -1 0 0
      outer loop
         vertex 0 0.04257 0.0154533
         vertex 0 0.0423614 0.0153953
         vertex 0 0.0405 0.0335001
      endloop
   endfacet
   facet normal -1 0 0
      outer loop
         vertex 0 0.0427837 0.0115118
         vertex 0 0.043 0.0115
         vertex 0 0.0399998 0.0071
      endloop
   endfacet
   facet normal -1 0 0
      outer loop
         vertex 0 0.016503 0.0133918
         vertex 0 0.0165264 0.0131766
         vertex 0 0.0112237 0.011
      endloop
   endfacet
   facet normal -1 0 0
      outer loop
         vertex 0 0.0445243 0.0327053
         vertex 0 0.0446554 0.0328777
         vertex 0 0.0455 0
      endloop
   endfacet
   facet normal -1 0 0
      outer loop
         vertex 0 0.0412329 0.0330632
         vertex 0 0.0413446 0.0328777
         vertex 0 0.043 0.0155
      endloop
   endfacet
   facet normal -1 0 0
      outer loop
         vertex 0 0 0
         vertex 0 -1.73472e-18 0.011
         vertex 0 0.004 0.00559909
      endloop
   endfacet
   facet normal -1 0 0
      outer loop
         vertex 0 0.0205506 0.0168
         vertex 0 0.01893 0.0154534
         vertex 0 0.0187163 0.0154884
      endloop
   endfacet
   facet normal -1 0 0
      outer loop
         vertex 0 0.0197104 0.0150923
         vertex 0 0.0195311 0.0152138
         vertex 0 0.0205506 0.0168
      endloop
   endfacet
   facet normal -1 0 0
      outer loop
         vertex 0 0.0204271 0.0140352
         vertex 0 0.020358 0.0142404
         vertex 0 0.02105 0.0163
      endloop
   endfacet
   facet normal -1 0 0
      outer loop
         vertex 0 0.02105 0.013
         vertex 0 0.0201554 0.0123777
         vertex 0 0.020267 0.0125633
      endloop
   endfacet
   facet normal -1 0 0
      outer loop
         vertex 0 0.0112237 0.0365001
         vertex 0 0.00550091 0.0404001
         vertex 0 0.0185 0.036
      endloop
   endfacet
   facet normal -1 0 0
      outer loop
         vertex 0 0.0187163 0.0359882
         vertex 0 0.0185 0.036
         vertex 0 0.00550091 0.0404001
      endloop
   endfacet
   facet normal -1 0 0
      outer loop
         vertex 0 0.0405 0.0335001
         vertex 0 0.0410729 0.0345351
         vertex 0 0.0410263 0.0343236
      endloop
   endfacet
   facet normal -1 0 0
      outer loop
         vertex 0 0.0405 0.0335001
         vertex 0 0.0412329 0.0349369
         vertex 0 0.041142 0.0347403
      endloop
   endfacet
   facet normal -1 0 0
      outer loop
         vertex 0 0.0275499 0.013
         vertex 0 0.0399998 0.0071
         vertex 0 0.0197104 0.0119079
      endloop
   endfacet
   facet normal -1 0 0
      outer loop
         vertex 0 0.0427837 0.0320118
         vertex 0 0.043 0.0320001
         vertex 0 0.043 0.0155
      endloop
   endfacet
   facet normal -1 0 0
      outer loop
         vertex 0 -1.73472e-18 0.011
         vertex 0 0.00550091 0.0071
         vertex 0 0.004 0.00559909
      endloop
   endfacet
   facet normal -1 0 0
      outer loop
         vertex 0 0.00550091 0.0071
         vertex 0 -1.73472e-18 0.011
         vertex 0 0.0112237 0.011
      endloop
   endfacet
   facet normal -1 0 0
      outer loop
         vertex 0 0.0205506 0.0168
         vertex 0 0.0191386 0.0153954
         vertex 0 0.01893 0.0154534
      endloop
   endfacet
   facet normal -1 0 0
      outer loop
         vertex 0 0.0200243 0.0147949
         vertex 0 0.0198754 0.0149521
         vertex 0 0.02105 0.0163
      endloop
   endfacet
   facet normal -1 0 0
      outer loop
         vertex 0 0.02105 0.013
         vertex 0 0.0204971 0.0133918
         vertex 0 0.0204971 0.0136084
      endloop
   endfacet
   facet normal -1 0 0
      outer loop
         vertex 0 0.02105 0.013
         vertex 0 0.020358 0.0127598
         vertex 0 0.0204271 0.0129651
      endloop
   endfacet
   facet normal -1 0 0
      outer loop
         vertex 0 0.02105 0.013
         vertex 0 0.0200243 0.0122053
         vertex 0 0.0201554 0.0123777
      endloop
   endfacet
   facet normal -1 0 0
      outer loop
         vertex 0 0.0415 0.0419003
         vertex 0 0.0415 0.0469979
         vertex 0 0.0420022 0.0475001
      endloop
   endfacet
   facet normal -1 0 0
      outer loop
         vertex 0 0.041142 0.0347403
         vertex 0 0.0410729 0.0345351
         vertex 0 0.0405 0.0335001
      endloop
   endfacet
   facet normal -1 0 0
      outer loop
         vertex 0 0.0432162 0.0359883
         vertex 0 0.043 0.0360001
         vertex 0 0.0420022 0.0475001
      endloop
   endfacet
   facet normal -1 0 0
      outer loop
         vertex 0 0.0112237 0.011
         vertex 0 0.0399998 0.0071
         vertex 0 0.00550091 0.0071
      endloop
   endfacet
   facet normal -1 0 0
      outer loop
         vertex 0 0.0193398 0.0153153
         vertex 0 0.0191386 0.0153954
         vertex 0 0.0205506 0.0168
      endloop
   endfacet
   facet normal -1 0 0
      outer loop
         vertex 0 0.02105 0.013
         vertex 0 0.0204737 0.0131766
         vertex 0 0.0204971 0.0133918
      endloop
   endfacet
   facet normal -1 0 0
      outer loop
         vertex 0 0.020267 0.0125633
         vertex 0 0.020358 0.0127598
         vertex 0 0.02105 0.013
      endloop
   endfacet
   facet normal -1 0 0
      outer loop
         vertex 0 0.02105 0.013
         vertex 0 0.0197104 0.0119079
         vertex 0 0.0198754 0.0120481
      endloop
   endfacet
   facet normal -1 0 0
      outer loop
         vertex 0 0.0416246 0.014952
         vertex 0 0.0405 0.014
         vertex 0 0.0405 0.0335001
      endloop
   endfacet
   facet normal -1 0 0
      outer loop
         vertex 0 0.004 0.000500082
         vertex 0 0.00349992 -8.67362e-19
         vertex 0 0 0
      endloop
   endfacet
   facet normal -1 0 0
      outer loop
         vertex 0 0.0204971 0.0136084
         vertex 0 0.0204737 0.0138237
         vertex 0 0.02105 0.013
      endloop
   endfacet
   facet normal -1 0 0
      outer loop
         vertex 0 0.0198754 0.0120481
         vertex 0 0.0200243 0.0122053
         vertex 0 0.02105 0.013
      endloop
   endfacet
   facet normal -1 0 0
      outer loop
         vertex 0 0.041142 0.0127598
         vertex 0 0.0412329 0.0125632
         vertex 0 0.0405 0.014
      endloop
   endfacet
   facet normal -1 0 0
      outer loop
         vertex 0 0.0204271 0.0129651
         vertex 0 0.0204737 0.0131766
         vertex 0 0.02105 0.013
      endloop
   endfacet
   facet normal -1 0 0
      outer loop
         vertex 0 0.0187163 0.0154884
         vertex 0 0.0185 0.0155001
         vertex 0 0.0205506 0.0168
      endloop
   endfacet
   facet normal -1 0 0
      outer loop
         vertex 0 0.00550091 0.0404001
         vertex 0 0.0112237 0.0365001
         vertex 0 -1.73472e-18 0.0365001
      endloop
   endfacet
   facet normal 1 0 0
      outer loop
         vertex 0.0348 0.0399998 0.0071
         vertex 0.0348 0.0455 0.0110002
         vertex 0.0348 0.0112237 0.011
      endloop
   endfacet
   facet normal 1 0 0
      outer loop
         vertex 0.0348 0.0415 0.0055998
         vertex 0.0348 0.0415 0.000502173
         vertex 0.0348 0.0420022 -7.64363e-18
      endloop
   endfacet
   facet normal 1 0 0
      outer loop
         vertex 0.0348 0.0112237 0.011
         vertex 0.0348 0.00550091 0.0071
         vertex 0.0348 0.0399998 0.0071
      endloop
   endfacet
   facet normal 1 0 0
      outer loop
         vertex 0.0348 0 0
         vertex 0.0348 0.00349992 -8.67362e-19
         vertex 0.0348 0.004 0.000500082
      endloop
   endfacet
   facet normal 1 0 0
      outer loop
         vertex 0.0348 0.0455 0
         vertex 0.0348 0.0455 0.0110002
         vertex 0.0348 0.0415 0.0055998
      endloop
   endfacet
   facet normal 1 0 0
      outer loop
         vertex 0.0348 -1.73472e-18 0.011
         vertex 0.0348 0.004 0.00559909
         vertex 0.0348 0.00550091 0.0071
      endloop
   endfacet
   facet normal 1 0 0
      outer loop
         vertex 0.0348 0.004 0.000500082
         vertex 0.0348 0.004 0.00559909
         vertex 0.0348 0 0
      endloop
   endfacet
   facet normal 1 0 0
      outer loop
         vertex 0.0348 0.0455 0.0110002
         vertex 0.0348 0.0399998 0.0071
         vertex 0.0348 0.0415 0.0055998
      endloop
   endfacet
   facet normal 1 0 0
      outer loop
         vertex 0.0348 0.004 0.00559909
         vertex 0.0348 -1.73472e-18 0.011
         vertex 0.0348 0 0
      endloop
   endfacet
   facet normal 1 0 0
      outer loop
         vertex 0.0348 0.0112237 0.011
         vertex 0.0348 -1.73472e-18 0.011
         vertex 0.0348 0.00550091 0.0071
      endloop
   endfacet
   facet normal 1 0 0
      outer loop
         vertex 0.0348 0.0420022 -7.64363e-18
         vertex 0.0348 0.0455 0
         vertex 0.0348 0.0415 0.0055998
      endloop
   endfacet
   facet normal 0 0 -1
      outer loop
         vertex 0.0348 0 0
         vertex 0 0 0
         vertex 0 0.00349992 -8.67362e-19
      endloop
   endfacet
   facet normal 0 0 -1
      outer loop
         vertex 0 0.00349992 -8.67362e-19
         vertex 0.0348 0.00349992 -8.67362e-19
         vertex 0.0348 0 0
      endloop
   endfacet
   facet normal 0 0.707107 -0.707107
      outer loop
         vertex 0.0348 0.00349992 -8.67362e-19
         vertex 0 0.00349992 -8.67362e-19
         vertex 0 0.004 0.000500082
      endloop
   endfacet
   facet normal 0 0.707107 -0.707107
      outer loop
         vertex 0 0.004 0.000500082
         vertex 0.0348 0.004 0.000500082
         vertex 0.0348 0.00349992 -8.67362e-19
      endloop
   endfacet
   facet normal 0 -1 0
      outer loop
         vertex 0.0294707 0 0.00312081
         vertex 0.0114154 0 0.00208979
         vertex 0.0112338 0 0.00206001
      endloop
   endfacet
   facet normal 0 -1 0
      outer loop
         vertex 0.0294707 0 0.00312081
         vertex 0.0117638 0 0.00220717
         vertex 0.0115928 0 0.00213904
      endloop
   endfacet
   facet normal 0 -1 0
      outer loop
         vertex 0.0294707 0 0.00312081
         vertex 0.0120788 0 0.00239669
         vertex 0.0119264 0 0.00229339
      endloop
   endfacet
   facet normal 0 -1 0
      outer loop
         vertex 0 -1.73472e-18 0.011
         vertex 0.00941197 0 0.00420484
         vertex 0.00947074 0 0.00437928
      endloop
   endfacet
   facet normal 0 -1 0
      outer loop
         vertex 0 0 0
         vertex 0.00935249 0 0.00384208
         vertex 0.00937239 0 0.00402508
      endloop
   endfacet
   facet normal 0 -1 0
      outer loop
         vertex 0.0115928 0 0.00213904
         vertex 0.0114154 0 0.00208979
         vertex 0.0294707 0 0.00312081
      endloop
   endfacet
   facet normal 0 -1 0
      outer loop
         vertex 0.0294707 0 0.00312081
         vertex 0.0122191 0 0.00251585
         vertex 0.0120788 0 0.00239669
      endloop
   endfacet
   facet normal 0 -1 0
      outer loop
         vertex 0.0293724 0 0.00402508
         vertex 0 -1.73472e-18 0.011
         vertex 0.0112338 0 0.00544008
      endloop
   endfacet
   facet normal 0 -1 0
      outer loop
         vertex 0.00947074 0 0.00437928
         vertex 0.00954803 0 0.00454634
         vertex 0 -1.73472e-18 0.011
      endloop
   endfacet
   facet normal 0 -1 0
      outer loop
         vertex 0.00937239 0 0.00402508
         vertex 0 -1.73472e-18 0.011
         vertex 0 0 0
      endloop
   endfacet
   facet normal 0 -1 0
      outer loop
         vertex 0 0 0
         vertex 0.00941197 0 0.00329525
         vertex 0.00937239 0 0.00347502
      endloop
   endfacet
   facet normal 0 -1 0
      outer loop
         vertex 0 0 0
         vertex 0.0100212 0 0.00239669
         vertex 0.00988091 0 0.00251585
      endloop
   endfacet
   facet normal 0 -1 0
      outer loop
         vertex 0 0 0
         vertex 0.0106846 0 0.00208979
         vertex 0.0105072 0 0.00213904
      endloop
   endfacet
   facet normal 0 -1 0
      outer loop
         vertex 0.0119264 0 0.00229339
         vertex 0.0117638 0 0.00220717
         vertex 0.0294707 0 0.00312081
      endloop
   endfacet
   facet normal 0 -1 0
      outer loop
         vertex 0.0294707 0 0.00312081
         vertex 0.0124571 0 0.00279603
         vertex 0.0123457 0 0.00264949
      endloop
   endfacet
   facet normal 0 -1 0
      outer loop
         vertex 0 -1.73472e-18 0.011
         vertex 0.0303362 0 0.00529292
         vertex 0.0305072 0 0.00536106
      endloop
   endfacet
   facet normal 0 -1 0
      outer loop
         vertex 0 -1.73472e-18 0.011
         vertex 0.01105 0 0.00545005
         vertex 0.0112338 0 0.00544008
      endloop
   endfacet
   facet normal 0 -1 0
      outer loop
         vertex 0.00937239 0 0.00402508
         vertex 0.00941197 0 0.00420484
         vertex 0 -1.73472e-18 0.011
      endloop
   endfacet
   facet normal 0 -1 0
      outer loop
         vertex 0.00937239 0 0.00347502
         vertex 0.00935249 0 0.00365801
         vertex 0 0 0
      endloop
   endfacet
   facet normal 0 -1 0
      outer loop
         vertex 0 0 0
         vertex 0.0101736 0 0.00229339
         vertex 0.0100212 0 0.00239669
      endloop
   endfacet
   facet normal 0 -1 0
      outer loop
         vertex 0.0105072 0 0.00213904
         vertex 0.0103362 0 0.00220717
         vertex 0 0 0
      endloop
   endfacet
   facet normal 0 -1 0
      outer loop
         vertex 0.0123457 0 0.00264949
         vertex 0.0122191 0 0.00251585
         vertex 0.0294707 0 0.00312081
      endloop
   endfacet
   facet normal 0 -1 0
      outer loop
         vertex 0.0294707 0 0.00312081
         vertex 0.012688 0 0.00329525
         vertex 0.0126293 0 0.00312081
      endloop
   endfacet
   facet normal 0 -1 0
      outer loop
         vertex 0.0294707 0 0.00312081
         vertex 0.0127475 0 0.00365801
         vertex 0.0127276 0 0.00347502
      endloop
   endfacet
   facet normal 0 -1 0
      outer loop
         vertex 0.0127475 0 0.00365801
         vertex 0.0294707 0 0.00312081
         vertex 0.029412 0 0.00329525
      endloop
   endfacet
   facet normal 0 -1 0
      outer loop
         vertex 0.029412 0 0.00329525
         vertex 0.0119264 0 0.0052067
         vertex 0.0120788 0 0.0051034
      endloop
   endfacet
   facet normal 0 -1 0
      outer loop
         vertex 0.0348 -1.73472e-18 0.011
         vertex 0.03105 0 0.00545005
         vertex 0.0312338 0 0.00544008
      endloop
   endfacet
   facet normal 0 -1 0
      outer loop
         vertex 0.0305072 0 0.00536106
         vertex 0.0348 -1.73472e-18 0.011
         vertex 0 -1.73472e-18 0.011
      endloop
   endfacet
   facet normal 0 -1 0
      outer loop
         vertex 0.0112338 0 0.00544008
         vertex 0.0293525 0 0.00384208
         vertex 0.0293724 0 0.00402508
      endloop
   endfacet
   facet normal 0 -1 0
      outer loop
         vertex 0 -1.73472e-18 0.011
         vertex 0.0105072 0 0.00536106
         vertex 0.0106846 0 0.0054103
      endloop
   endfacet
   facet normal 0 -1 0
      outer loop
         vertex 0 -1.73472e-18 0.011
         vertex 0.0101736 0 0.0052067
         vertex 0.0103362 0 0.00529292
      endloop
   endfacet
   facet normal 0 -1 0
      outer loop
         vertex 0 -1.73472e-18 0.011
         vertex 0.00964293 0 0.00470406
         vertex 0.00975432 0 0.0048506
      endloop
   endfacet
   facet normal 0 -1 0
      outer loop
         vertex 0.00935249 0 0.00365801
         vertex 0.00935249 0 0.00384208
         vertex 0 0 0
      endloop
   endfacet
   facet normal 0 -1 0
      outer loop
         vertex 0 0 0
         vertex 0.00954803 0 0.00295375
         vertex 0.00947074 0 0.00312081
      endloop
   endfacet
   facet normal 0 -1 0
      outer loop
         vertex 0.0103362 0 0.00220717
         vertex 0.0101736 0 0.00229339
         vertex 0 0 0
      endloop
   endfacet
   facet normal 0 -1 0
      outer loop
         vertex 0 0 0
         vertex 0.01105 0 0.00205005
         vertex 0.0108662 0 0.00206001
      endloop
   endfacet
   facet normal 0 -1 0
      outer loop
         vertex 0.0112338 0 0.00206001
         vertex 0 0 0
         vertex 0.0294707 0 0.00312081
      endloop
   endfacet
   facet normal 0 -1 0
      outer loop
         vertex 0.0126293 0 0.00312081
         vertex 0.012552 0 0.00295375
         vertex 0.0294707 0 0.00312081
      endloop
   endfacet
   facet normal 0 -1 0
      outer loop
         vertex 0.029412 0 0.00329525
         vertex 0.0127475 0 0.00384208
         vertex 0.0127475 0 0.00365801
      endloop
   endfacet
   facet normal 0 -1 0
      outer loop
         vertex 0.029412 0 0.00329525
         vertex 0.012688 0 0.00420484
         vertex 0.0127276 0 0.00402508
      endloop
   endfacet
   facet normal 0 -1 0
      outer loop
         vertex 0.029412 0 0.00329525
         vertex 0.012552 0 0.00454634
         vertex 0.0126293 0 0.00437928
      endloop
   endfacet
   facet normal 0 -1 0
      outer loop
         vertex 0.0120788 0 0.0051034
         vertex 0.0122191 0 0.00498424
         vertex 0.029412 0 0.00329525
      endloop
   endfacet
   facet normal 0 -1 0
      outer loop
         vertex 0.0348 -1.73472e-18 0.011
         vertex 0.0315928 0 0.00536106
         vertex 0.0317638 0 0.00529292
      endloop
   endfacet
   facet normal 0 -1 0
      outer loop
         vertex 0.0348 -1.73472e-18 0.011
         vertex 0.0308662 0 0.00544008
         vertex 0.03105 0 0.00545005
      endloop
   endfacet
   facet normal 0 -1 0
      outer loop
         vertex 0.0305072 0 0.00536106
         vertex 0.0306846 0 0.0054103
         vertex 0.0348 -1.73472e-18 0.011
      endloop
   endfacet
   facet normal 0 -1 0
      outer loop
         vertex 0 -1.73472e-18 0.011
         vertex 0.0108662 0 0.00544008
         vertex 0.01105 0 0.00545005
      endloop
   endfacet
   facet normal 0 -1 0
      outer loop
         vertex 0.0103362 0 0.00529292
         vertex 0.0105072 0 0.00536106
         vertex 0 -1.73472e-18 0.011
      endloop
   endfacet
   facet normal 0 -1 0
      outer loop
         vertex 0.00954803 0 0.00454634
         vertex 0.00964293 0 0.00470406
         vertex 0 -1.73472e-18 0.011
      endloop
   endfacet
   facet normal 0 -1 0
      outer loop
         vertex 0 0 0
         vertex 0.00964293 0 0.00279603
         vertex 0.00954803 0 0.00295375
      endloop
   endfacet
   facet normal 0 -1 0
      outer loop
         vertex 0.0108662 0 0.00206001
         vertex 0.0106846 0 0.00208979
         vertex 0 0 0
      endloop
   endfacet
   facet normal 0 -1 0
      outer loop
         vertex 0.012552 0 0.00295375
         vertex 0.0124571 0 0.00279603
         vertex 0.0294707 0 0.00312081
      endloop
   endfacet
   facet normal 0 -1 0
      outer loop
         vertex 0.0127276 0 0.00402508
         vertex 0.0127475 0 0.00384208
         vertex 0.029412 0 0.00329525
      endloop
   endfacet
   facet normal 0 -1 0
      outer loop
         vertex 0.029412 0 0.00329525
         vertex 0.0124571 0 0.00470406
         vertex 0.012552 0 0.00454634
      endloop
   endfacet
   facet normal 0 -1 0
      outer loop
         vertex 0.0122191 0 0.00498424
         vertex 0.0123457 0 0.0048506
         vertex 0.029412 0 0.00329525
      endloop
   endfacet
   facet normal 0 -1 0
      outer loop
         vertex 0.029412 0 0.00329525
         vertex 0.0115928 0 0.00536106
         vertex 0.0117638 0 0.00529292
      endloop
   endfacet
   facet normal 0 -1 0
      outer loop
         vertex 0 0 0
         vertex 0.0306846 0 0.00208979
         vertex 0.0305072 0 0.00213904
      endloop
   endfacet
   facet normal 0 -1 0
      outer loop
         vertex 0.0348 0 0
         vertex 0.0308662 0 0.00206001
         vertex 0.0306846 0 0.00208979
      endloop
   endfacet
   facet normal 0 -1 0
      outer loop
         vertex 0.0348 -1.73472e-18 0.011
         vertex 0.0314154 0 0.0054103
         vertex 0.0315928 0 0.00536106
      endloop
   endfacet
   facet normal 0 -1 0
      outer loop
         vertex 0.0306846 0 0.0054103
         vertex 0.0308662 0 0.00544008
         vertex 0.0348 -1.73472e-18 0.011
      endloop
   endfacet
   facet normal 0 -1 0
      outer loop
         vertex 0.0106846 0 0.0054103
         vertex 0.0108662 0 0.00544008
         vertex 0 -1.73472e-18 0.011
      endloop
   endfacet
   facet normal 0 -1 0
      outer loop
         vertex 0 -1.73472e-18 0.011
         vertex 0.00988091 0 0.00498424
         vertex 0.0100212 0 0.0051034
      endloop
   endfacet
   facet normal 0 -1 0
      outer loop
         vertex 0.00947074 0 0.00312081
         vertex 0.00941197 0 0.00329525
         vertex 0 0 0
      endloop
   endfacet
   facet normal 0 -1 0
      outer loop
         vertex 0.00988091 0 0.00251585
         vertex 0.00975432 0 0.00264949
         vertex 0 0 0
      endloop
   endfacet
   facet normal 0 -1 0
      outer loop
         vertex 0.0127276 0 0.00347502
         vertex 0.012688 0 0.00329525
         vertex 0.0294707 0 0.00312081
      endloop
   endfacet
   facet normal 0 -1 0
      outer loop
         vertex 0.0123457 0 0.0048506
         vertex 0.0124571 0 0.00470406
         vertex 0.029412 0 0.00329525
      endloop
   endfacet
   facet normal 0 -1 0
      outer loop
         vertex 0.029412 0 0.00329525
         vertex 0.0114154 0 0.0054103
         vertex 0.0115928 0 0.00536106
      endloop
   endfacet
   facet normal 0 -1 0
      outer loop
         vertex 0.0306846 0 0.00208979
         vertex 0 0 0
         vertex 0.0348 0 0
      endloop
   endfacet
   facet normal 0 -1 0
      outer loop
         vertex 0.0348 0 0
         vertex 0.0319264 0 0.00229339
         vertex 0.0317638 0 0.00220717
      endloop
   endfacet
   facet normal 0 -1 0
      outer loop
         vertex 0.0348 -1.73472e-18 0.011
         vertex 0.0322191 0 0.00498424
         vertex 0.0323457 0 0.0048506
      endloop
   endfacet
   facet normal 0 -1 0
      outer loop
         vertex 0.0348 -1.73472e-18 0.011
         vertex 0.0319264 0 0.0052067
         vertex 0.0320788 0 0.0051034
      endloop
   endfacet
   facet normal 0 -1 0
      outer loop
         vertex 0.0312338 0 0.00544008
         vertex 0.0314154 0 0.0054103
         vertex 0.0348 -1.73472e-18 0.011
      endloop
   endfacet
   facet normal 0 -1 0
      outer loop
         vertex 0 -1.73472e-18 0.011
         vertex 0.0300212 0 0.0051034
         vertex 0.0301736 0 0.0052067
      endloop
   endfacet
   facet normal 0 -1 0
      outer loop
         vertex 0.0100212 0 0.0051034
         vertex 0.0101736 0 0.0052067
         vertex 0 -1.73472e-18 0.011
      endloop
   endfacet
   facet normal 0 -1 0
      outer loop
         vertex 0.00975432 0 0.00264949
         vertex 0.00964293 0 0.00279603
         vertex 0 0 0
      endloop
   endfacet
   facet normal 0 -1 0
      outer loop
         vertex 0.0112338 0 0.00544008
         vertex 0.029412 0 0.00329525
         vertex 0.0293724 0 0.00347502
      endloop
   endfacet
   facet normal 0 -1 0
      outer loop
         vertex 0.0126293 0 0.00437928
         vertex 0.012688 0 0.00420484
         vertex 0.029412 0 0.00329525
      endloop
   endfacet
   facet normal 0 -1 0
      outer loop
         vertex 0.029412 0 0.00329525
         vertex 0.0112338 0 0.00544008
         vertex 0.0114154 0 0.0054103
      endloop
   endfacet
   facet normal 0 -1 0
      outer loop
         vertex 0 0 0
         vertex 0.0300212 0 0.00239669
         vertex 0.0298809 0 0.00251585
      endloop
   endfacet
   facet normal 0 -1 0
      outer loop
         vertex 0 0 0
         vertex 0.0303362 0 0.00220717
         vertex 0.0301736 0 0.00229339
      endloop
   endfacet
   facet normal 0 -1 0
      outer loop
         vertex 0.0348 0 0
         vertex 0.03105 0 0.00205005
         vertex 0.0308662 0 0.00206001
      endloop
   endfacet
   facet normal 0 -1 0
      outer loop
         vertex 0.0348 0 0
         vertex 0.0314154 0 0.00208979
         vertex 0.0312338 0 0.00206001
      endloop
   endfacet
   facet normal 0 -1 0
      outer loop
         vertex 0.0317638 0 0.00220717
         vertex 0.0315928 0 0.00213904
         vertex 0.0348 0 0
      endloop
   endfacet
   facet normal 0 -1 0
      outer loop
         vertex 0.0348 0 0
         vertex 0.0322191 0 0.00251585
         vertex 0.0320788 0 0.00239669
      endloop
   endfacet
   facet normal 0 -1 0
      outer loop
         vertex 0.0348 0 0
         vertex 0.0324571 0 0.00279603
         vertex 0.0323457 0 0.00264949
      endloop
   endfacet
   facet normal 0 -1 0
      outer loop
         vertex 0.0348 0 0
         vertex 0.0327276 0 0.00347502
         vertex 0.032688 0 0.00329525
      endloop
   endfacet
   facet normal 0 -1 0
      outer loop
         vertex 0.0320788 0 0.0051034
         vertex 0.0322191 0 0.00498424
         vertex 0.0348 -1.73472e-18 0.011
      endloop
   endfacet
   facet normal 0 -1 0
      outer loop
         vertex 0.0301736 0 0.0052067
         vertex 0.0303362 0 0.00529292
         vertex 0 -1.73472e-18 0.011
      endloop
   endfacet
   facet normal 0 -1 0
      outer loop
         vertex 0 -1.73472e-18 0.011
         vertex 0.029548 0 0.00454634
         vertex 0.0296429 0 0.00470406
      endloop
   endfacet
   facet normal 0 -1 0
      outer loop
         vertex 0 -1.73472e-18 0.011
         vertex 0.029412 0 0.00420484
         vertex 0.0294707 0 0.00437928
      endloop
   endfacet
   facet normal 0 -1 0
      outer loop
         vertex 0.00975432 0 0.0048506
         vertex 0.00988091 0 0.00498424
         vertex 0 -1.73472e-18 0.011
      endloop
   endfacet
   facet normal 0 -1 0
      outer loop
         vertex 0.0293724 0 0.00347502
         vertex 0.0293525 0 0.00365801
         vertex 0.0112338 0 0.00544008
      endloop
   endfacet
   facet normal 0 -1 0
      outer loop
         vertex 0.0117638 0 0.00529292
         vertex 0.0119264 0 0.0052067
         vertex 0.029412 0 0.00329525
      endloop
   endfacet
   facet normal 0 -1 0
      outer loop
         vertex 0 0 0
         vertex 0.0296429 0 0.00279603
         vertex 0.029548 0 0.00295375
      endloop
   endfacet
   facet normal 0 -1 0
      outer loop
         vertex 0.0298809 0 0.00251585
         vertex 0.0297543 0 0.00264949
         vertex 0 0 0
      endloop
   endfacet
   facet normal 0 -1 0
      outer loop
         vertex 0.0305072 0 0.00213904
         vertex 0.0303362 0 0.00220717
         vertex 0 0 0
      endloop
   endfacet
   facet normal 0 -1 0
      outer loop
         vertex 0.0315928 0 0.00213904
         vertex 0.0314154 0 0.00208979
         vertex 0.0348 0 0
      endloop
   endfacet
   facet normal 0 -1 0
      outer loop
         vertex 0.0323457 0 0.00264949
         vertex 0.0322191 0 0.00251585
         vertex 0.0348 0 0
      endloop
   endfacet
   facet normal 0 -1 0
      outer loop
         vertex 0.0348 0 0
         vertex 0.0327475 0 0.00365801
         vertex 0.0327276 0 0.00347502
      endloop
   endfacet
   facet normal 0 -1 0
      outer loop
         vertex 0.0348 -1.73472e-18 0.011
         vertex 0.0327276 0 0.00402508
         vertex 0.0327475 0 0.00384208
      endloop
   endfacet
   facet normal 0 -1 0
      outer loop
         vertex 0.0348 -1.73472e-18 0.011
         vertex 0.0326293 0 0.00437928
         vertex 0.032688 0 0.00420484
      endloop
   endfacet
   facet normal 0 -1 0
      outer loop
         vertex 0.0348 -1.73472e-18 0.011
         vertex 0.0324571 0 0.00470406
         vertex 0.032552 0 0.00454634
      endloop
   endfacet
   facet normal 0 -1 0
      outer loop
         vertex 0.0317638 0 0.00529292
         vertex 0.0319264 0 0.0052067
         vertex 0.0348 -1.73472e-18 0.011
      endloop
   endfacet
   facet normal 0 -1 0
      outer loop
         vertex 0.0294707 0 0.00437928
         vertex 0.029548 0 0.00454634
         vertex 0 -1.73472e-18 0.011
      endloop
   endfacet
   facet normal 0 -1 0
      outer loop
         vertex 0.0293525 0 0.00365801
         vertex 0.0293525 0 0.00384208
         vertex 0.0112338 0 0.00544008
      endloop
   endfacet
   facet normal 0 -1 0
      outer loop
         vertex 0.029548 0 0.00295375
         vertex 0.0294707 0 0.00312081
         vertex 0 0 0
      endloop
   endfacet
   facet normal 0 -1 0
      outer loop
         vertex 0.0301736 0 0.00229339
         vertex 0.0300212 0 0.00239669
         vertex 0 0 0
      endloop
   endfacet
   facet normal 0 -1 0
      outer loop
         vertex 0.0320788 0 0.00239669
         vertex 0.0319264 0 0.00229339
         vertex 0.0348 0 0
      endloop
   endfacet
   facet normal 0 -1 0
      outer loop
         vertex 0.0348 0 0
         vertex 0.0326293 0 0.00312081
         vertex 0.032552 0 0.00295375
      endloop
   endfacet
   facet normal 0 -1 0
      outer loop
         vertex 0.0348 0 0
         vertex 0.0327475 0 0.00384208
         vertex 0.0327475 0 0.00365801
      endloop
   endfacet
   facet normal 0 -1 0
      outer loop
         vertex 0.032688 0 0.00420484
         vertex 0.0327276 0 0.00402508
         vertex 0.0348 -1.73472e-18 0.011
      endloop
   endfacet
   facet normal 0 -1 0
      outer loop
         vertex 0.0323457 0 0.0048506
         vertex 0.0324571 0 0.00470406
         vertex 0.0348 -1.73472e-18 0.011
      endloop
   endfacet
   facet normal 0 -1 0
      outer loop
         vertex 0 -1.73472e-18 0.011
         vertex 0.0297543 0 0.0048506
         vertex 0.0298809 0 0.00498424
      endloop
   endfacet
   facet normal 0 -1 0
      outer loop
         vertex 0.0293724 0 0.00402508
         vertex 0.029412 0 0.00420484
         vertex 0 -1.73472e-18 0.011
      endloop
   endfacet
   facet normal 0 -1 0
      outer loop
         vertex 0.0297543 0 0.00264949
         vertex 0.0296429 0 0.00279603
         vertex 0 0 0
      endloop
   endfacet
   facet normal 0 -1 0
      outer loop
         vertex 0.032552 0 0.00295375
         vertex 0.0324571 0 0.00279603
         vertex 0.0348 0 0
      endloop
   endfacet
   facet normal 0 -1 0
      outer loop
         vertex 0.0327475 0 0.00384208
         vertex 0.0348 0 0
         vertex 0.0348 -1.73472e-18 0.011
      endloop
   endfacet
   facet normal 0 -1 0
      outer loop
         vertex 0.0298809 0 0.00498424
         vertex 0.0300212 0 0.0051034
         vertex 0 -1.73472e-18 0.011
      endloop
   endfacet
   facet normal 0 -1 0
      outer loop
         vertex 0.0112338 0 0.00206001
         vertex 0.01105 0 0.00205005
         vertex 0 0 0
      endloop
   endfacet
   facet normal 0 -1 0
      outer loop
         vertex 0.032688 0 0.00329525
         vertex 0.0326293 0 0.00312081
         vertex 0.0348 0 0
      endloop
   endfacet
   facet normal 0 -1 0
      outer loop
         vertex 0.0296429 0 0.00470406
         vertex 0.0297543 0 0.0048506
         vertex 0 -1.73472e-18 0.011
      endloop
   endfacet
   facet normal 0 -1 0
      outer loop
         vertex 0.032552 0 0.00454634
         vertex 0.0326293 0 0.00437928
         vertex 0.0348 -1.73472e-18 0.011
      endloop
   endfacet
   facet normal 0 -1 0
      outer loop
         vertex 0.0312338 0 0.00206001
         vertex 0.03105 0 0.00205005
         vertex 0.0348 0 0
      endloop
   endfacet
   facet normal 0 1 -3.40208e-16
      outer loop
         vertex 0 0.004 0.000500082
         vertex 0.01105 0.004 0.00205005
         vertex 0.0112338 0.004 0.00206001
      endloop
   endfacet
   facet normal 0 1 -3.40208e-16
      outer loop
         vertex 0 0.004 0.000500082
         vertex 0.0108662 0.004 0.00206001
         vertex 0.01105 0.004 0.00205005
      endloop
   endfacet
   facet normal 0 1 -3.40208e-16
      outer loop
         vertex 0 0.004 0.000500082
         vertex 0.0103362 0.004 0.00220717
         vertex 0.0105072 0.004 0.00213904
      endloop
   endfacet
   facet normal 0 1 -3.40208e-16
      outer loop
         vertex 0.0112338 0.004 0.00206001
         vertex 0.029412 0.004 0.00329525
         vertex 0 0.004 0.000500082
      endloop
   endfacet
   facet normal 0 1 -3.40208e-16
      outer loop
         vertex 0.0105072 0.004 0.00213904
         vertex 0.0106846 0.004 0.00208979
         vertex 0 0.004 0.000500082
      endloop
   endfacet
   facet normal 0 1 -3.40208e-16
      outer loop
         vertex 0.0112338 0.004 0.00206001
         vertex 0.0293724 0.004 0.00347502
         vertex 0.029412 0.004 0.00329525
      endloop
   endfacet
   facet normal 0 1 -3.40208e-16
      outer loop
         vertex 0 0.004 0.000500082
         vertex 0.0101736 0.004 0.00229339
         vertex 0.0103362 0.004 0.00220717
      endloop
   endfacet
   facet normal 0 1 -3.40208e-16
      outer loop
         vertex 0 0.004 0.000500082
         vertex 0.00975432 0.004 0.00264949
         vertex 0.00988091 0.004 0.00251585
      endloop
   endfacet
   facet normal 0 1 -3.40208e-16
      outer loop
         vertex 0 0.004 0.000500082
         vertex 0 0.004 0.00559909
         vertex 0.00935249 0.004 0.00365801
      endloop
   endfacet
   facet normal 0 1 -3.40208e-16
      outer loop
         vertex 0 0.004 0.00559909
         vertex 0.00954803 0.004 0.00454634
         vertex 0.00947074 0.004 0.00437928
      endloop
   endfacet
   facet normal 0 1 -3.40208e-16
      outer loop
         vertex 0.0348 0.004 0.000500082
         vertex 0.0315928 0.004 0.00213904
         vertex 0.0317638 0.004 0.00220717
      endloop
   endfacet
   facet normal 0 1 -3.40208e-16
      outer loop
         vertex 0.0348 0.004 0.000500082
         vertex 0.0308662 0.004 0.00206001
         vertex 0.03105 0.004 0.00205005
      endloop
   endfacet
   facet normal 0 1 -3.40208e-16
      outer loop
         vertex 0.0106846 0.004 0.00208979
         vertex 0.0108662 0.004 0.00206001
         vertex 0 0.004 0.000500082
      endloop
   endfacet
   facet normal 0 1 -3.40208e-16
      outer loop
         vertex 0.00988091 0.004 0.00251585
         vertex 0.0100212 0.004 0.00239669
         vertex 0 0.004 0.000500082
      endloop
   endfacet
   facet normal 0 1 -3.40208e-16
      outer loop
         vertex 0.00935249 0.004 0.00365801
         vertex 0.00937239 0.004 0.00347502
         vertex 0 0.004 0.000500082
      endloop
   endfacet
   facet normal 0 1 -3.40208e-16
      outer loop
         vertex 0 0.004 0.00559909
         vertex 0.00941197 0.004 0.00420484
         vertex 0.00937239 0.004 0.00402508
      endloop
   endfacet
   facet normal 0 1 -3.40208e-16
      outer loop
         vertex 0 0.004 0.00559909
         vertex 0.00964293 0.004 0.00470406
         vertex 0.00954803 0.004 0.00454634
      endloop
   endfacet
   facet normal 0 1 -3.40208e-16
      outer loop
         vertex 0.0348 0.004 0.000500082
         vertex 0.0322191 0.004 0.00251585
         vertex 0.0323457 0.004 0.00264949
      endloop
   endfacet
   facet normal 0 1 -3.40208e-16
      outer loop
         vertex 0.0348 0.004 0.000500082
         vertex 0.0319264 0.004 0.00229339
         vertex 0.0320788 0.004 0.00239669
      endloop
   endfacet
   facet normal 0 1 -3.40208e-16
      outer loop
         vertex 0.0348 0.004 0.000500082
         vertex 0.0314154 0.004 0.00208979
         vertex 0.0315928 0.004 0.00213904
      endloop
   endfacet
   facet normal 0 1 -3.40208e-16
      outer loop
         vertex 0.03105 0.004 0.00205005
         vertex 0.0312338 0.004 0.00206001
         vertex 0.0348 0.004 0.000500082
      endloop
   endfacet
   facet normal 0 1 -3.40208e-16
      outer loop
         vertex 0 0.004 0.000500082
         vertex 0.0303362 0.004 0.00220717
         vertex 0.0305072 0.004 0.00213904
      endloop
   endfacet
   facet normal 0 1 -3.40208e-16
      outer loop
         vertex 0.0100212 0.004 0.00239669
         vertex 0.0101736 0.004 0.00229339
         vertex 0 0.004 0.000500082
      endloop
   endfacet
   facet normal 0 1 -3.40208e-16
      outer loop
         vertex 0 0.004 0.000500082
         vertex 0.00941197 0.004 0.00329525
         vertex 0.00947074 0.004 0.00312081
      endloop
   endfacet
   facet normal 0 1 -3.40208e-16
      outer loop
         vertex 0 0.004 0.00559909
         vertex 0.00935249 0.004 0.00384208
         vertex 0.00935249 0.004 0.00365801
      endloop
   endfacet
   facet normal 0 1 -3.40208e-16
      outer loop
         vertex 0.00947074 0.004 0.00437928
         vertex 0.00941197 0.004 0.00420484
         vertex 0 0.004 0.00559909
      endloop
   endfacet
   facet normal 0 1 -3.40208e-16
      outer loop
         vertex 0 0.004 0.00559909
         vertex 0.0108662 0.004 0.00544008
         vertex 0.0106846 0.004 0.0054103
      endloop
   endfacet
   facet normal 0 1 -3.40208e-16
      outer loop
         vertex 0.0127276 0.004 0.00402508
         vertex 0.0298809 0.004 0.00498424
         vertex 0.0297543 0.004 0.0048506
      endloop
   endfacet
   facet normal 0 1 -3.40208e-16
      outer loop
         vertex 0.0297543 0.004 0.0048506
         vertex 0.0114154 0.004 0.00208979
         vertex 0.0115928 0.004 0.00213904
      endloop
   endfacet
   facet normal 0 1 -3.40208e-16
      outer loop
         vertex 0.0320788 0.004 0.00239669
         vertex 0.0322191 0.004 0.00251585
         vertex 0.0348 0.004 0.000500082
      endloop
   endfacet
   facet normal 0 1 -3.40208e-16
      outer loop
         vertex 0.0312338 0.004 0.00206001
         vertex 0.0314154 0.004 0.00208979
         vertex 0.0348 0.004 0.000500082
      endloop
   endfacet
   facet normal 0 1 -3.40208e-16
      outer loop
         vertex 0.0305072 0.004 0.00213904
         vertex 0.0348 0.004 0.000500082
         vertex 0 0.004 0.000500082
      endloop
   endfacet
   facet normal 0 1 -3.40208e-16
      outer loop
         vertex 0 0.004 0.000500082
         vertex 0.00964293 0.004 0.00279603
         vertex 0.00975432 0.004 0.00264949
      endloop
   endfacet
   facet normal 0 1 -3.40208e-16
      outer loop
         vertex 0.00947074 0.004 0.00312081
         vertex 0.00954803 0.004 0.00295375
         vertex 0 0.004 0.000500082
      endloop
   endfacet
   facet normal 0 1 -3.40208e-16
      outer loop
         vertex 0.00937239 0.004 0.00402508
         vertex 0.00935249 0.004 0.00384208
         vertex 0 0.004 0.00559909
      endloop
   endfacet
   facet normal 0 1 -3.40208e-16
      outer loop
         vertex 0 0.004 0.00559909
         vertex 0.00988091 0.004 0.00498424
         vertex 0.00975432 0.004 0.0048506
      endloop
   endfacet
   facet normal 0 1 -3.40208e-16
      outer loop
         vertex 0 0.004 0.00559909
         vertex 0.0105072 0.004 0.00536106
         vertex 0.0103362 0.004 0.00529292
      endloop
   endfacet
   facet normal 0 1 -3.40208e-16
      outer loop
         vertex 0 0.004 0.00559909
         vertex 0.01105 0.004 0.00545005
         vertex 0.0108662 0.004 0.00544008
      endloop
   endfacet
   facet normal 0 1 -3.40208e-16
      outer loop
         vertex 0.0300212 0.004 0.0051034
         vertex 0.0122191 0.004 0.00498424
         vertex 0.0120788 0.004 0.0051034
      endloop
   endfacet
   facet normal 0 1 -3.40208e-16
      outer loop
         vertex 0.0127276 0.004 0.00402508
         vertex 0.0300212 0.004 0.0051034
         vertex 0.0298809 0.004 0.00498424
      endloop
   endfacet
   facet normal 0 1 -3.40208e-16
      outer loop
         vertex 0.0297543 0.004 0.0048506
         vertex 0.0112338 0.004 0.00206001
         vertex 0.0114154 0.004 0.00208979
      endloop
   endfacet
   facet normal 0 1 -3.40208e-16
      outer loop
         vertex 0.0317638 0.004 0.00220717
         vertex 0.0319264 0.004 0.00229339
         vertex 0.0348 0.004 0.000500082
      endloop
   endfacet
   facet normal 0 1 -3.40208e-16
      outer loop
         vertex 0.0305072 0.004 0.00213904
         vertex 0.0306846 0.004 0.00208979
         vertex 0.0348 0.004 0.000500082
      endloop
   endfacet
   facet normal 0 1 -3.40208e-16
      outer loop
         vertex 0.00954803 0.004 0.00295375
         vertex 0.00964293 0.004 0.00279603
         vertex 0 0.004 0.000500082
      endloop
   endfacet
   facet normal 0 1 -3.40208e-16
      outer loop
         vertex 0.00975432 0.004 0.0048506
         vertex 0.00964293 0.004 0.00470406
         vertex 0 0.004 0.00559909
      endloop
   endfacet
   facet normal 0 1 -3.40208e-16
      outer loop
         vertex 0 0.004 0.00559909
         vertex 0.0101736 0.004 0.0052067
         vertex 0.0100212 0.004 0.0051034
      endloop
   endfacet
   facet normal 0 1 -3.40208e-16
      outer loop
         vertex 0.0106846 0.004 0.0054103
         vertex 0.0105072 0.004 0.00536106
         vertex 0 0.004 0.00559909
      endloop
   endfacet
   facet normal 0 1 -3.40208e-16
      outer loop
         vertex 0.0300212 0.004 0.0051034
         vertex 0.0123457 0.004 0.0048506
         vertex 0.0122191 0.004 0.00498424
      endloop
   endfacet
   facet normal 0 1 -3.40208e-16
      outer loop
         vertex 0.0300212 0.004 0.0051034
         vertex 0.012688 0.004 0.00420484
         vertex 0.0126293 0.004 0.00437928
      endloop
   endfacet
   facet normal 0 1 -3.40208e-16
      outer loop
         vertex 0.0297543 0.004 0.0048506
         vertex 0.0127475 0.004 0.00384208
         vertex 0.0127276 0.004 0.00402508
      endloop
   endfacet
   facet normal 0 1 -3.40208e-16
      outer loop
         vertex 0.0297543 0.004 0.0048506
         vertex 0.0119264 0.004 0.00229339
         vertex 0.0120788 0.004 0.00239669
      endloop
   endfacet
   facet normal 0 1 -3.40208e-16
      outer loop
         vertex 0.0115928 0.004 0.00213904
         vertex 0.0117638 0.004 0.00220717
         vertex 0.0297543 0.004 0.0048506
      endloop
   endfacet
   facet normal 0 1 -3.40208e-16
      outer loop
         vertex 0.0348 0.004 0.000500082
         vertex 0.0324571 0.004 0.00279603
         vertex 0.032552 0.004 0.00295375
      endloop
   endfacet
   facet normal 0 1 -3.40208e-16
      outer loop
         vertex 0.0306846 0.004 0.00208979
         vertex 0.0308662 0.004 0.00206001
         vertex 0.0348 0.004 0.000500082
      endloop
   endfacet
   facet normal 0 1 -3.40208e-16
      outer loop
         vertex 0.00937239 0.004 0.00347502
         vertex 0.00941197 0.004 0.00329525
         vertex 0 0.004 0.000500082
      endloop
   endfacet
   facet normal 0 1 -3.40208e-16
      outer loop
         vertex 0.0103362 0.004 0.00529292
         vertex 0.0101736 0.004 0.0052067
         vertex 0 0.004 0.00559909
      endloop
   endfacet
   facet normal 0 1 -3.40208e-16
      outer loop
         vertex 0.0300212 0.004 0.0051034
         vertex 0.0124571 0.004 0.00470406
         vertex 0.0123457 0.004 0.0048506
      endloop
   endfacet
   facet normal 0 1 -3.40208e-16
      outer loop
         vertex 0.0126293 0.004 0.00437928
         vertex 0.012552 0.004 0.00454634
         vertex 0.0300212 0.004 0.0051034
      endloop
   endfacet
   facet normal 0 1 -3.40208e-16
      outer loop
         vertex 0.0297543 0.004 0.0048506
         vertex 0.0127475 0.004 0.00365801
         vertex 0.0127475 0.004 0.00384208
      endloop
   endfacet
   facet normal 0 1 -3.40208e-16
      outer loop
         vertex 0.0297543 0.004 0.0048506
         vertex 0.012688 0.004 0.00329525
         vertex 0.0127276 0.004 0.00347502
      endloop
   endfacet
   facet normal 0 1 -3.40208e-16
      outer loop
         vertex 0.0297543 0.004 0.0048506
         vertex 0.012552 0.004 0.00295375
         vertex 0.0126293 0.004 0.00312081
      endloop
   endfacet
   facet normal 0 1 -3.40208e-16
      outer loop
         vertex 0.0297543 0.004 0.0048506
         vertex 0.0122191 0.004 0.00251585
         vertex 0.0123457 0.004 0.00264949
      endloop
   endfacet
   facet normal 0 1 -3.40208e-16
      outer loop
         vertex 0.0117638 0.004 0.00220717
         vertex 0.0119264 0.004 0.00229339
         vertex 0.0297543 0.004 0.0048506
      endloop
   endfacet
   facet normal 0 1 -3.40208e-16
      outer loop
         vertex 0.0348 0.004 0.00559909
         vertex 0.0319264 0.004 0.0052067
         vertex 0.0317638 0.004 0.00529292
      endloop
   endfacet
   facet normal 0 1 -3.40208e-16
      outer loop
         vertex 0.0323457 0.004 0.00264949
         vertex 0.0324571 0.004 0.00279603
         vertex 0.0348 0.004 0.000500082
      endloop
   endfacet
   facet normal 0 1 -3.40208e-16
      outer loop
         vertex 0 0.004 0.000500082
         vertex 0.0300212 0.004 0.00239669
         vertex 0.0301736 0.004 0.00229339
      endloop
   endfacet
   facet normal 0 1 -3.40208e-16
      outer loop
         vertex 0 0.004 0.000500082
         vertex 0.0296429 0.004 0.00279603
         vertex 0.0297543 0.004 0.00264949
      endloop
   endfacet
   facet normal 0 1 -3.40208e-16
      outer loop
         vertex 0.0100212 0.004 0.0051034
         vertex 0.00988091 0.004 0.00498424
         vertex 0 0.004 0.00559909
      endloop
   endfacet
   facet normal 0 1 -3.40208e-16
      outer loop
         vertex 0.0300212 0.004 0.0051034
         vertex 0.0119264 0.004 0.0052067
         vertex 0.0117638 0.004 0.00529292
      endloop
   endfacet
   facet normal 0 1 -3.40208e-16
      outer loop
         vertex 0.012552 0.004 0.00454634
         vertex 0.0124571 0.004 0.00470406
         vertex 0.0300212 0.004 0.0051034
      endloop
   endfacet
   facet normal 0 1 -3.40208e-16
      outer loop
         vertex 0.0127276 0.004 0.00347502
         vertex 0.0127475 0.004 0.00365801
         vertex 0.0297543 0.004 0.0048506
      endloop
   endfacet
   facet normal 0 1 -3.40208e-16
      outer loop
         vertex 0.0297543 0.004 0.0048506
         vertex 0.0124571 0.004 0.00279603
         vertex 0.012552 0.004 0.00295375
      endloop
   endfacet
   facet normal 0 1 -3.40208e-16
      outer loop
         vertex 0.0120788 0.004 0.00239669
         vertex 0.0122191 0.004 0.00251585
         vertex 0.0297543 0.004 0.0048506
      endloop
   endfacet
   facet normal 0 1 -3.40208e-16
      outer loop
         vertex 0 0.004 0.00559909
         vertex 0.0306846 0.004 0.0054103
         vertex 0.0305072 0.004 0.00536106
      endloop
   endfacet
   facet normal 0 1 -3.40208e-16
      outer loop
         vertex 0.0348 0.004 0.00559909
         vertex 0.0314154 0.004 0.0054103
         vertex 0.0312338 0.004 0.00544008
      endloop
   endfacet
   facet normal 0 1 -3.40208e-16
      outer loop
         vertex 0.0317638 0.004 0.00529292
         vertex 0.0315928 0.004 0.00536106
         vertex 0.0348 0.004 0.00559909
      endloop
   endfacet
   facet normal 0 1 -3.40208e-16
      outer loop
         vertex 0.0348 0.004 0.00559909
         vertex 0.0322191 0.004 0.00498424
         vertex 0.0320788 0.004 0.0051034
      endloop
   endfacet
   facet normal 0 1 -3.40208e-16
      outer loop
         vertex 0.0348 0.004 0.00559909
         vertex 0.0324571 0.004 0.00470406
         vertex 0.0323457 0.004 0.0048506
      endloop
   endfacet
   facet normal 0 1 -3.40208e-16
      outer loop
         vertex 0.0348 0.004 0.00559909
         vertex 0.0327276 0.004 0.00402508
         vertex 0.032688 0.004 0.00420484
      endloop
   endfacet
   facet normal 0 1 -3.40208e-16
      outer loop
         vertex 0.0301736 0.004 0.00229339
         vertex 0.0303362 0.004 0.00220717
         vertex 0 0.004 0.000500082
      endloop
   endfacet
   facet normal 0 1 -3.40208e-16
      outer loop
         vertex 0.0297543 0.004 0.00264949
         vertex 0.0298809 0.004 0.00251585
         vertex 0 0.004 0.000500082
      endloop
   endfacet
   facet normal 0 1 -3.40208e-16
      outer loop
         vertex 0 0.004 0.000500082
         vertex 0.0294707 0.004 0.00312081
         vertex 0.029548 0.004 0.00295375
      endloop
   endfacet
   facet normal 0 1 -3.40208e-16
      outer loop
         vertex 0.0112338 0.004 0.00206001
         vertex 0.0293525 0.004 0.00384208
         vertex 0.0293525 0.004 0.00365801
      endloop
   endfacet
   facet normal 0 1 -3.40208e-16
      outer loop
         vertex 0.0112338 0.004 0.00206001
         vertex 0.029412 0.004 0.00420484
         vertex 0.0293724 0.004 0.00402508
      endloop
   endfacet
   facet normal 0 1 -3.40208e-16
      outer loop
         vertex 0.0112338 0.004 0.00206001
         vertex 0.029548 0.004 0.00454634
         vertex 0.0294707 0.004 0.00437928
      endloop
   endfacet
   facet normal 0 1 -3.40208e-16
      outer loop
         vertex 0.0112338 0.004 0.00206001
         vertex 0.0297543 0.004 0.0048506
         vertex 0.0296429 0.004 0.00470406
      endloop
   endfacet
   facet normal 0 1 -3.40208e-16
      outer loop
         vertex 0.0300212 0.004 0.0051034
         vertex 0.0114154 0.004 0.0054103
         vertex 0.0112338 0.004 0.00544008
      endloop
   endfacet
   facet normal 0 1 -3.40208e-16
      outer loop
         vertex 0.0117638 0.004 0.00529292
         vertex 0.0115928 0.004 0.00536106
         vertex 0.0300212 0.004 0.0051034
      endloop
   endfacet
   facet normal 0 1 -3.40208e-16
      outer loop
         vertex 0.0127276 0.004 0.00402508
         vertex 0.012688 0.004 0.00420484
         vertex 0.0300212 0.004 0.0051034
      endloop
   endfacet
   facet normal 0 1 -3.40208e-16
      outer loop
         vertex 0.0123457 0.004 0.00264949
         vertex 0.0124571 0.004 0.00279603
         vertex 0.0297543 0.004 0.0048506
      endloop
   endfacet
   facet normal 0 1 -3.40208e-16
      outer loop
         vertex 0.0303362 0.004 0.00529292
         vertex 0.0301736 0.004 0.0052067
         vertex 0.01105 0.004 0.00545005
      endloop
   endfacet
   facet normal 0 1 -3.40208e-16
      outer loop
         vertex 0 0.004 0.00559909
         vertex 0.0308662 0.004 0.00544008
         vertex 0.0306846 0.004 0.0054103
      endloop
   endfacet
   facet normal 0 1 -3.40208e-16
      outer loop
         vertex 0 0.004 0.00559909
         vertex 0.0348 0.004 0.00559909
         vertex 0.03105 0.004 0.00545005
      endloop
   endfacet
   facet normal 0 1 -3.40208e-16
      outer loop
         vertex 0.0315928 0.004 0.00536106
         vertex 0.0314154 0.004 0.0054103
         vertex 0.0348 0.004 0.00559909
      endloop
   endfacet
   facet normal 0 1 -3.40208e-16
      outer loop
         vertex 0.0323457 0.004 0.0048506
         vertex 0.0322191 0.004 0.00498424
         vertex 0.0348 0.004 0.00559909
      endloop
   endfacet
   facet normal 0 1 -3.40208e-16
      outer loop
         vertex 0.0348 0.004 0.00559909
         vertex 0.0327475 0.004 0.00384208
         vertex 0.0327276 0.004 0.00402508
      endloop
   endfacet
   facet normal 0 1 -3.40208e-16
      outer loop
         vertex 0.0348 0.004 0.000500082
         vertex 0.0327276 0.004 0.00347502
         vertex 0.0327475 0.004 0.00365801
      endloop
   endfacet
   facet normal 0 1 -3.40208e-16
      outer loop
         vertex 0.0348 0.004 0.000500082
         vertex 0.0326293 0.004 0.00312081
         vertex 0.032688 0.004 0.00329525
      endloop
   endfacet
   facet normal 0 1 -3.40208e-16
      outer loop
         vertex 0.0298809 0.004 0.00251585
         vertex 0.0300212 0.004 0.00239669
         vertex 0 0.004 0.000500082
      endloop
   endfacet
   facet normal 0 1 -3.40208e-16
      outer loop
         vertex 0 0.004 0.000500082
         vertex 0.029412 0.004 0.00329525
         vertex 0.0294707 0.004 0.00312081
      endloop
   endfacet
   facet normal 0 1 -3.40208e-16
      outer loop
         vertex 0.0293724 0.004 0.00402508
         vertex 0.0293525 0.004 0.00384208
         vertex 0.0112338 0.004 0.00206001
      endloop
   endfacet
   facet normal 0 1 -3.40208e-16
      outer loop
         vertex 0.0296429 0.004 0.00470406
         vertex 0.029548 0.004 0.00454634
         vertex 0.0112338 0.004 0.00206001
      endloop
   endfacet
   facet normal 0 1 -3.40208e-16
      outer loop
         vertex 0.0115928 0.004 0.00536106
         vertex 0.0114154 0.004 0.0054103
         vertex 0.0300212 0.004 0.0051034
      endloop
   endfacet
   facet normal 0 1 -3.40208e-16
      outer loop
         vertex 0.0126293 0.004 0.00312081
         vertex 0.012688 0.004 0.00329525
         vertex 0.0297543 0.004 0.0048506
      endloop
   endfacet
   facet normal 0 1 -3.40208e-16
      outer loop
         vertex 0.01105 0.004 0.00545005
         vertex 0 0.004 0.00559909
         vertex 0.0303362 0.004 0.00529292
      endloop
   endfacet
   facet normal 0 1 -3.40208e-16
      outer loop
         vertex 0.03105 0.004 0.00545005
         vertex 0.0308662 0.004 0.00544008
         vertex 0 0.004 0.00559909
      endloop
   endfacet
   facet normal 0 1 -3.40208e-16
      outer loop
         vertex 0.0320788 0.004 0.0051034
         vertex 0.0319264 0.004 0.0052067
         vertex 0.0348 0.004 0.00559909
      endloop
   endfacet
   facet normal 0 1 -3.40208e-16
      outer loop
         vertex 0.0348 0.004 0.00559909
         vertex 0.0326293 0.004 0.00437928
         vertex 0.032552 0.004 0.00454634
      endloop
   endfacet
   facet normal 0 1 -3.40208e-16
      outer loop
         vertex 0.0348 0.004 0.00559909
         vertex 0.0327475 0.004 0.00365801
         vertex 0.0327475 0.004 0.00384208
      endloop
   endfacet
   facet normal 0 1 -3.40208e-16
      outer loop
         vertex 0.032688 0.004 0.00329525
         vertex 0.0327276 0.004 0.00347502
         vertex 0.0348 0.004 0.000500082
      endloop
   endfacet
   facet normal 0 1 -3.40208e-16
      outer loop
         vertex 0.029548 0.004 0.00295375
         vertex 0.0296429 0.004 0.00279603
         vertex 0 0.004 0.000500082
      endloop
   endfacet
   facet normal 0 1 -3.40208e-16
      outer loop
         vertex 0.0294707 0.004 0.00437928
         vertex 0.029412 0.004 0.00420484
         vertex 0.0112338 0.004 0.00206001
      endloop
   endfacet
   facet normal 0 1 -3.40208e-16
      outer loop
         vertex 0.0120788 0.004 0.0051034
         vertex 0.0119264 0.004 0.0052067
         vertex 0.0300212 0.004 0.0051034
      endloop
   endfacet
   facet normal 0 1 -3.40208e-16
      outer loop
         vertex 0.0305072 0.004 0.00536106
         vertex 0.0303362 0.004 0.00529292
         vertex 0 0.004 0.00559909
      endloop
   endfacet
   facet normal 0 1 -3.40208e-16
      outer loop
         vertex 0.032552 0.004 0.00454634
         vertex 0.0324571 0.004 0.00470406
         vertex 0.0348 0.004 0.00559909
      endloop
   endfacet
   facet normal 0 1 -3.40208e-16
      outer loop
         vertex 0.0327475 0.004 0.00365801
         vertex 0.0348 0.004 0.00559909
         vertex 0.0348 0.004 0.000500082
      endloop
   endfacet
   facet normal 0 1 -3.40208e-16
      outer loop
         vertex 0.0112338 0.004 0.00206001
         vertex 0.0293525 0.004 0.00365801
         vertex 0.0293724 0.004 0.00347502
      endloop
   endfacet
   facet normal 0 1 -3.40208e-16
      outer loop
         vertex 0.0301736 0.004 0.0052067
         vertex 0.0300212 0.004 0.0051034
         vertex 0.01105 0.004 0.00545005
      endloop
   endfacet
   facet normal 0 1 -3.40208e-16
      outer loop
         vertex 0.032688 0.004 0.00420484
         vertex 0.0326293 0.004 0.00437928
         vertex 0.0348 0.004 0.00559909
      endloop
   endfacet
   facet normal 0 1 -3.40208e-16
      outer loop
         vertex 0.0112338 0.004 0.00544008
         vertex 0.01105 0.004 0.00545005
         vertex 0.0300212 0.004 0.0051034
      endloop
   endfacet
   facet normal 0 1 -3.40208e-16
      outer loop
         vertex 0.032552 0.004 0.00295375
         vertex 0.0326293 0.004 0.00312081
         vertex 0.0348 0.004 0.000500082
      endloop
   endfacet
   facet normal 0 1 -3.40208e-16
      outer loop
         vertex 0.0312338 0.004 0.00544008
         vertex 0.03105 0.004 0.00545005
         vertex 0.0348 0.004 0.00559909
      endloop
   endfacet
   facet normal 0.108119 0 0.994138
      outer loop
         vertex 0.0308662 0 0.00206001
         vertex 0.03105 0 0.00205005
         vertex 0.03105 0.004 0.00205005
      endloop
   endfacet
   facet normal 0.21497 0 0.976621
      outer loop
         vertex 0.0306846 0 0.00208979
         vertex 0.0308662 0 0.00206001
         vertex 0.0308662 0.004 0.00206001
      endloop
   endfacet
   facet normal 0.319302 0 0.947653
      outer loop
         vertex 0.0305072 0 0.00213904
         vertex 0.0306846 0 0.00208979
         vertex 0.0306846 0.004 0.00208979
      endloop
   endfacet
   facet normal 0.419889 0 0.907575
      outer loop
         vertex 0.0303362 0 0.00220717
         vertex 0.0305072 0 0.00213904
         vertex 0.0305072 0.004 0.00213904
      endloop
   endfacet
   facet normal 0.515554 0 0.856857
      outer loop
         vertex 0.0301736 0 0.00229339
         vertex 0.0303362 0 0.00220717
         vertex 0.0303362 0.004 0.00220717
      endloop
   endfacet
   facet normal 0.605174 0 0.796093
      outer loop
         vertex 0.0300212 0 0.00239669
         vertex 0.0301736 0 0.00229339
         vertex 0.0301736 0.004 0.00229339
      endloop
   endfacet
   facet normal 0.687699 0 0.725995
      outer loop
         vertex 0.0298809 0 0.00251585
         vertex 0.0300212 0 0.00239669
         vertex 0.0300212 0.004 0.00239669
      endloop
   endfacet
   facet normal 0.762162 0 0.647386
      outer loop
         vertex 0.0297543 0 0.00264949
         vertex 0.0298809 0 0.00251585
         vertex 0.0298809 0.004 0.00251585
      endloop
   endfacet
   facet normal 0.827689 0 0.561187
      outer loop
         vertex 0.0296429 0 0.00279603
         vertex 0.0297543 0 0.00264949
         vertex 0.0297543 0.004 0.00264949
      endloop
   endfacet
   facet normal 0.883512 0 0.468408
      outer loop
         vertex 0.029548 0 0.00295375
         vertex 0.0296429 0 0.00279603
         vertex 0.0296429 0.004 0.00279603
      endloop
   endfacet
   facet normal 0.928977 0 0.370138
      outer loop
         vertex 0.0294707 0 0.00312081
         vertex 0.029548 0 0.00295375
         vertex 0.029548 0.004 0.00295375
      endloop
   endfacet
   facet normal 0.96355 0 0.267528
      outer loop
         vertex 0.029412 0 0.00329525
         vertex 0.0294707 0 0.00312081
         vertex 0.0294707 0.004 0.00312081
      endloop
   endfacet
   facet normal 0.986827 0 0.161782
      outer loop
         vertex 0.0293724 0 0.00347502
         vertex 0.029412 0 0.00329525
         vertex 0.029412 0.004 0.00329525
      endloop
   endfacet
   facet normal 0.998533 0 0.0541389
      outer loop
         vertex 0.0293525 0 0.00365801
         vertex 0.0293724 0 0.00347502
         vertex 0.0293724 0.004 0.00347502
      endloop
   endfacet
   facet normal 0.998533 0 -0.0541389
      outer loop
         vertex 0.0293525 0 0.00384208
         vertex 0.0293525 0 0.00365801
         vertex 0.0293525 0.004 0.00365801
      endloop
   endfacet
   facet normal 0.986827 0 -0.161782
      outer loop
         vertex 0.0293724 0 0.00402508
         vertex 0.0293525 0 0.00384208
         vertex 0.0293525 0.004 0.00384208
      endloop
   endfacet
   facet normal 0.96355 0 -0.267528
      outer loop
         vertex 0.029412 0 0.00420484
         vertex 0.0293724 0 0.00402508
         vertex 0.0293724 0.004 0.00402508
      endloop
   endfacet
   facet normal 0.928977 0 -0.370138
      outer loop
         vertex 0.0294707 0 0.00437928
         vertex 0.029412 0 0.00420484
         vertex 0.029412 0.004 0.00420484
      endloop
   endfacet
   facet normal 0.883512 0 -0.468408
      outer loop
         vertex 0.029548 0 0.00454634
         vertex 0.0294707 0 0.00437928
         vertex 0.0294707 0.004 0.00437928
      endloop
   endfacet
   facet normal 0.827689 0 -0.561187
      outer loop
         vertex 0.0296429 0 0.00470406
         vertex 0.029548 0 0.00454634
         vertex 0.029548 0.004 0.00454634
      endloop
   endfacet
   facet normal 0.762162 0 -0.647386
      outer loop
         vertex 0.0297543 0 0.0048506
         vertex 0.0296429 0 0.00470406
         vertex 0.0296429 0.004 0.00470406
      endloop
   endfacet
   facet normal 0.687699 0 -0.725995
      outer loop
         vertex 0.0298809 0 0.00498424
         vertex 0.0297543 0 0.0048506
         vertex 0.0297543 0.004 0.0048506
      endloop
   endfacet
   facet normal 0.605174 0 -0.796093
      outer loop
         vertex 0.0300212 0 0.0051034
         vertex 0.0298809 0 0.00498424
         vertex 0.0298809 0.004 0.00498424
      endloop
   endfacet
   facet normal 0.515554 0 -0.856857
      outer loop
         vertex 0.0301736 0 0.0052067
         vertex 0.0300212 0 0.0051034
         vertex 0.0300212 0.004 0.0051034
      endloop
   endfacet
   facet normal 0.419889 0 -0.907575
      outer loop
         vertex 0.0303362 0 0.00529292
         vertex 0.0301736 0 0.0052067
         vertex 0.0301736 0.004 0.0052067
      endloop
   endfacet
   facet normal 0.319302 0 -0.947653
      outer loop
         vertex 0.0305072 0 0.00536106
         vertex 0.0303362 0 0.00529292
         vertex 0.0303362 0.004 0.00529292
      endloop
   endfacet
   facet normal 0.21497 0 -0.976621
      outer loop
         vertex 0.0306846 0 0.0054103
         vertex 0.0305072 0 0.00536106
         vertex 0.0305072 0.004 0.00536106
      endloop
   endfacet
   facet normal 0.108119 0 -0.994138
      outer loop
         vertex 0.0308662 0 0.00544008
         vertex 0.0306846 0 0.0054103
         vertex 0.0306846 0.004 0.0054103
      endloop
   endfacet
   facet normal -1.22465e-16 0 -1
      outer loop
         vertex 0.03105 0 0.00545005
         vertex 0.0308662 0 0.00544008
         vertex 0.0308662 0.004 0.00544008
      endloop
   endfacet
   facet normal -0.108119 0 -0.994138
      outer loop
         vertex 0.0312338 0 0.00544008
         vertex 0.03105 0 0.00545005
         vertex 0.03105 0.004 0.00545005
      endloop
   endfacet
   facet normal -0.21497 0 -0.976621
      outer loop
         vertex 0.0314154 0 0.0054103
         vertex 0.0312338 0 0.00544008
         vertex 0.0312338 0.004 0.00544008
      endloop
   endfacet
   facet normal -0.319302 0 -0.947653
      outer loop
         vertex 0.0315928 0 0.00536106
         vertex 0.0314154 0 0.0054103
         vertex 0.0314154 0.004 0.0054103
      endloop
   endfacet
   facet normal -0.419889 0 -0.907575
      outer loop
         vertex 0.0317638 0 0.00529292
         vertex 0.0315928 0 0.00536106
         vertex 0.0315928 0.004 0.00536106
      endloop
   endfacet
   facet normal -0.515554 0 -0.856857
      outer loop
         vertex 0.0319264 0 0.0052067
         vertex 0.0317638 0 0.00529292
         vertex 0.0317638 0.004 0.00529292
      endloop
   endfacet
   facet normal -0.605174 0 -0.796093
      outer loop
         vertex 0.0320788 0 0.0051034
         vertex 0.0319264 0 0.0052067
         vertex 0.0319264 0.004 0.0052067
      endloop
   endfacet
   facet normal -0.687699 0 -0.725995
      outer loop
         vertex 0.0322191 0 0.00498424
         vertex 0.0320788 0 0.0051034
         vertex 0.0320788 0.004 0.0051034
      endloop
   endfacet
   facet normal -0.762162 0 -0.647386
      outer loop
         vertex 0.0323457 0 0.0048506
         vertex 0.0322191 0 0.00498424
         vertex 0.0322191 0.004 0.00498424
      endloop
   endfacet
   facet normal -0.827689 0 -0.561187
      outer loop
         vertex 0.0324571 0 0.00470406
         vertex 0.0323457 0 0.0048506
         vertex 0.0323457 0.004 0.0048506
      endloop
   endfacet
   facet normal -0.883512 0 -0.468408
      outer loop
         vertex 0.032552 0 0.00454634
         vertex 0.0324571 0 0.00470406
         vertex 0.0324571 0.004 0.00470406
      endloop
   endfacet
   facet normal -0.928977 0 -0.370138
      outer loop
         vertex 0.0326293 0 0.00437928
         vertex 0.032552 0 0.00454634
         vertex 0.032552 0.004 0.00454634
      endloop
   endfacet
   facet normal -0.96355 0 -0.267528
      outer loop
         vertex 0.032688 0 0.00420484
         vertex 0.0326293 0 0.00437928
         vertex 0.0326293 0.004 0.00437928
      endloop
   endfacet
   facet normal -0.986827 0 -0.161782
      outer loop
         vertex 0.0327276 0 0.00402508
         vertex 0.032688 0 0.00420484
         vertex 0.032688 0.004 0.00420484
      endloop
   endfacet
   facet normal -0.998533 0 -0.0541389
      outer loop
         vertex 0.0327475 0 0.00384208
         vertex 0.0327276 0 0.00402508
         vertex 0.0327276 0.004 0.00402508
      endloop
   endfacet
   facet normal -0.998533 0 0.0541389
      outer loop
         vertex 0.0327475 0 0.00365801
         vertex 0.0327475 0 0.00384208
         vertex 0.0327475 0.004 0.00384208
      endloop
   endfacet
   facet normal -0.986827 0 0.161782
      outer loop
         vertex 0.0327276 0 0.00347502
         vertex 0.0327475 0 0.00365801
         vertex 0.0327475 0.004 0.00365801
      endloop
   endfacet
   facet normal -0.96355 0 0.267528
      outer loop
         vertex 0.032688 0 0.00329525
         vertex 0.0327276 0 0.00347502
         vertex 0.0327276 0.004 0.00347502
      endloop
   endfacet
   facet normal -0.928977 0 0.370138
      outer loop
         vertex 0.0326293 0 0.00312081
         vertex 0.032688 0 0.00329525
         vertex 0.032688 0.004 0.00329525
      endloop
   endfacet
   facet normal -0.883512 0 0.468408
      outer loop
         vertex 0.032552 0 0.00295375
         vertex 0.0326293 0 0.00312081
         vertex 0.0326293 0.004 0.00312081
      endloop
   endfacet
   facet normal -0.827689 0 0.561187
      outer loop
         vertex 0.0324571 0 0.00279603
         vertex 0.032552 0 0.00295375
         vertex 0.032552 0.004 0.00295375
      endloop
   endfacet
   facet normal -0.762162 0 0.647386
      outer loop
         vertex 0.0323457 0 0.00264949
         vertex 0.0324571 0 0.00279603
         vertex 0.0324571 0.004 0.00279603
      endloop
   endfacet
   facet normal -0.687699 0 0.725995
      outer loop
         vertex 0.0322191 0 0.00251585
         vertex 0.0323457 0 0.00264949
         vertex 0.0323457 0.004 0.00264949
      endloop
   endfacet
   facet normal -0.605174 0 0.796093
      outer loop
         vertex 0.0320788 0 0.00239669
         vertex 0.0322191 0 0.00251585
         vertex 0.0322191 0.004 0.00251585
      endloop
   endfacet
   facet normal -0.515554 0 0.856857
      outer loop
         vertex 0.0319264 0 0.00229339
         vertex 0.0320788 0 0.00239669
         vertex 0.0320788 0.004 0.00239669
      endloop
   endfacet
   facet normal -0.419889 0 0.907575
      outer loop
         vertex 0.0317638 0 0.00220717
         vertex 0.0319264 0 0.00229339
         vertex 0.0319264 0.004 0.00229339
      endloop
   endfacet
   facet normal -0.319302 0 0.947653
      outer loop
         vertex 0.0315928 0 0.00213904
         vertex 0.0317638 0 0.00220717
         vertex 0.0317638 0.004 0.00220717
      endloop
   endfacet
   facet normal -0.21497 0 0.976621
      outer loop
         vertex 0.0314154 0 0.00208979
         vertex 0.0315928 0 0.00213904
         vertex 0.0315928 0.004 0.00213904
      endloop
   endfacet
   facet normal -0.108119 0 0.994138
      outer loop
         vertex 0.0312338 0 0.00206001
         vertex 0.0314154 0 0.00208979
         vertex 0.0314154 0.004 0.00208979
      endloop
   endfacet
   facet normal 0 0 1
      outer loop
         vertex 0.03105 0 0.00205005
         vertex 0.0312338 0 0.00206001
         vertex 0.0312338 0.004 0.00206001
      endloop
   endfacet
   facet normal -0.108119 0 0.994138
      outer loop
         vertex 0.0312338 0.004 0.00206001
         vertex 0.03105 0.004 0.00205005
         vertex 0.03105 0 0.00205005
      endloop
   endfacet
   facet normal -0.21497 0 0.976621
      outer loop
         vertex 0.0314154 0.004 0.00208979
         vertex 0.0312338 0.004 0.00206001
         vertex 0.0312338 0 0.00206001
      endloop
   endfacet
   facet normal -0.319302 0 0.947653
      outer loop
         vertex 0.0315928 0.004 0.00213904
         vertex 0.0314154 0.004 0.00208979
         vertex 0.0314154 0 0.00208979
      endloop
   endfacet
   facet normal -0.419889 0 0.907575
      outer loop
         vertex 0.0317638 0.004 0.00220717
         vertex 0.0315928 0.004 0.00213904
         vertex 0.0315928 0 0.00213904
      endloop
   endfacet
   facet normal -0.515554 0 0.856857
      outer loop
         vertex 0.0319264 0.004 0.00229339
         vertex 0.0317638 0.004 0.00220717
         vertex 0.0317638 0 0.00220717
      endloop
   endfacet
   facet normal -0.605174 0 0.796093
      outer loop
         vertex 0.0320788 0.004 0.00239669
         vertex 0.0319264 0.004 0.00229339
         vertex 0.0319264 0 0.00229339
      endloop
   endfacet
   facet normal -0.687699 0 0.725995
      outer loop
         vertex 0.0322191 0.004 0.00251585
         vertex 0.0320788 0.004 0.00239669
         vertex 0.0320788 0 0.00239669
      endloop
   endfacet
   facet normal -0.762162 0 0.647386
      outer loop
         vertex 0.0323457 0.004 0.00264949
         vertex 0.0322191 0.004 0.00251585
         vertex 0.0322191 0 0.00251585
      endloop
   endfacet
   facet normal -0.827689 0 0.561187
      outer loop
         vertex 0.0324571 0.004 0.00279603
         vertex 0.0323457 0.004 0.00264949
         vertex 0.0323457 0 0.00264949
      endloop
   endfacet
   facet normal -0.883512 0 0.468408
      outer loop
         vertex 0.032552 0.004 0.00295375
         vertex 0.0324571 0.004 0.00279603
         vertex 0.0324571 0 0.00279603
      endloop
   endfacet
   facet normal -0.928977 0 0.370138
      outer loop
         vertex 0.0326293 0.004 0.00312081
         vertex 0.032552 0.004 0.00295375
         vertex 0.032552 0 0.00295375
      endloop
   endfacet
   facet normal -0.96355 0 0.267528
      outer loop
         vertex 0.032688 0.004 0.00329525
         vertex 0.0326293 0.004 0.00312081
         vertex 0.0326293 0 0.00312081
      endloop
   endfacet
   facet normal -0.986827 0 0.161782
      outer loop
         vertex 0.0327276 0.004 0.00347502
         vertex 0.032688 0.004 0.00329525
         vertex 0.032688 0 0.00329525
      endloop
   endfacet
   facet normal -0.998533 0 0.0541389
      outer loop
         vertex 0.0327475 0.004 0.00365801
         vertex 0.0327276 0.004 0.00347502
         vertex 0.0327276 0 0.00347502
      endloop
   endfacet
   facet normal -0.998533 0 -0.0541389
      outer loop
         vertex 0.0327475 0.004 0.00384208
         vertex 0.0327475 0.004 0.00365801
         vertex 0.0327475 0 0.00365801
      endloop
   endfacet
   facet normal -0.986827 0 -0.161782
      outer loop
         vertex 0.0327276 0.004 0.00402508
         vertex 0.0327475 0.004 0.00384208
         vertex 0.0327475 0 0.00384208
      endloop
   endfacet
   facet normal -0.96355 0 -0.267528
      outer loop
         vertex 0.032688 0.004 0.00420484
         vertex 0.0327276 0.004 0.00402508
         vertex 0.0327276 0 0.00402508
      endloop
   endfacet
   facet normal -0.928977 0 -0.370138
      outer loop
         vertex 0.0326293 0.004 0.00437928
         vertex 0.032688 0.004 0.00420484
         vertex 0.032688 0 0.00420484
      endloop
   endfacet
   facet normal -0.883512 0 -0.468408
      outer loop
         vertex 0.032552 0.004 0.00454634
         vertex 0.0326293 0.004 0.00437928
         vertex 0.0326293 0 0.00437928
      endloop
   endfacet
   facet normal -0.827689 0 -0.561187
      outer loop
         vertex 0.0324571 0.004 0.00470406
         vertex 0.032552 0.004 0.00454634
         vertex 0.032552 0 0.00454634
      endloop
   endfacet
   facet normal -0.762162 0 -0.647386
      outer loop
         vertex 0.0323457 0.004 0.0048506
         vertex 0.0324571 0.004 0.00470406
         vertex 0.0324571 0 0.00470406
      endloop
   endfacet
   facet normal -0.687699 0 -0.725995
      outer loop
         vertex 0.0322191 0.004 0.00498424
         vertex 0.0323457 0.004 0.0048506
         vertex 0.0323457 0 0.0048506
      endloop
   endfacet
   facet normal -0.605174 0 -0.796093
      outer loop
         vertex 0.0320788 0.004 0.0051034
         vertex 0.0322191 0.004 0.00498424
         vertex 0.0322191 0 0.00498424
      endloop
   endfacet
   facet normal -0.515554 0 -0.856857
      outer loop
         vertex 0.0319264 0.004 0.0052067
         vertex 0.0320788 0.004 0.0051034
         vertex 0.0320788 0 0.0051034
      endloop
   endfacet
   facet normal -0.419889 0 -0.907575
      outer loop
         vertex 0.0317638 0.004 0.00529292
         vertex 0.0319264 0.004 0.0052067
         vertex 0.0319264 0 0.0052067
      endloop
   endfacet
   facet normal -0.319302 0 -0.947653
      outer loop
         vertex 0.0315928 0.004 0.00536106
         vertex 0.0317638 0.004 0.00529292
         vertex 0.0317638 0 0.00529292
      endloop
   endfacet
   facet normal -0.21497 0 -0.976621
      outer loop
         vertex 0.0314154 0.004 0.0054103
         vertex 0.0315928 0.004 0.00536106
         vertex 0.0315928 0 0.00536106
      endloop
   endfacet
   facet normal -0.108119 0 -0.994138
      outer loop
         vertex 0.0312338 0.004 0.00544008
         vertex 0.0314154 0.004 0.0054103
         vertex 0.0314154 0 0.0054103
      endloop
   endfacet
   facet normal 0 0 -1
      outer loop
         vertex 0.03105 0.004 0.00545005
         vertex 0.0312338 0.004 0.00544008
         vertex 0.0312338 0 0.00544008
      endloop
   endfacet
   facet normal 0.108119 0 -0.994138
      outer loop
         vertex 0.0308662 0.004 0.00544008
         vertex 0.03105 0.004 0.00545005
         vertex 0.03105 0 0.00545005
      endloop
   endfacet
   facet normal 0.21497 0 -0.976621
      outer loop
         vertex 0.0306846 0.004 0.0054103
         vertex 0.0308662 0.004 0.00544008
         vertex 0.0308662 0 0.00544008
      endloop
   endfacet
   facet normal 0.319302 0 -0.947653
      outer loop
         vertex 0.0305072 0.004 0.00536106
         vertex 0.0306846 0.004 0.0054103
         vertex 0.0306846 0 0.0054103
      endloop
   endfacet
   facet normal 0.419889 0 -0.907575
      outer loop
         vertex 0.0303362 0.004 0.00529292
         vertex 0.0305072 0.004 0.00536106
         vertex 0.0305072 0 0.00536106
      endloop
   endfacet
   facet normal 0.515554 0 -0.856857
      outer loop
         vertex 0.0301736 0.004 0.0052067
         vertex 0.0303362 0.004 0.00529292
         vertex 0.0303362 0 0.00529292
      endloop
   endfacet
   facet normal 0.605174 0 -0.796093
      outer loop
         vertex 0.0300212 0.004 0.0051034
         vertex 0.0301736 0.004 0.0052067
         vertex 0.0301736 0 0.0052067
      endloop
   endfacet
   facet normal 0.687699 0 -0.725995
      outer loop
         vertex 0.0298809 0.004 0.00498424
         vertex 0.0300212 0.004 0.0051034
         vertex 0.0300212 0 0.0051034
      endloop
   endfacet
   facet normal 0.762162 0 -0.647386
      outer loop
         vertex 0.0297543 0.004 0.0048506
         vertex 0.0298809 0.004 0.00498424
         vertex 0.0298809 0 0.00498424
      endloop
   endfacet
   facet normal 0.827689 0 -0.561187
      outer loop
         vertex 0.0296429 0.004 0.00470406
         vertex 0.0297543 0.004 0.0048506
         vertex 0.0297543 0 0.0048506
      endloop
   endfacet
   facet normal 0.883512 0 -0.468408
      outer loop
         vertex 0.029548 0.004 0.00454634
         vertex 0.0296429 0.004 0.00470406
         vertex 0.0296429 0 0.00470406
      endloop
   endfacet
   facet normal 0.928977 0 -0.370138
      outer loop
         vertex 0.0294707 0.004 0.00437928
         vertex 0.029548 0.004 0.00454634
         vertex 0.029548 0 0.00454634
      endloop
   endfacet
   facet normal 0.96355 0 -0.267528
      outer loop
         vertex 0.029412 0.004 0.00420484
         vertex 0.0294707 0.004 0.00437928
         vertex 0.0294707 0 0.00437928
      endloop
   endfacet
   facet normal 0.986827 0 -0.161782
      outer loop
         vertex 0.0293724 0.004 0.00402508
         vertex 0.029412 0.004 0.00420484
         vertex 0.029412 0 0.00420484
      endloop
   endfacet
   facet normal 0.998533 0 -0.0541389
      outer loop
         vertex 0.0293525 0.004 0.00384208
         vertex 0.0293724 0.004 0.00402508
         vertex 0.0293724 0 0.00402508
      endloop
   endfacet
   facet normal 0.998533 0 0.0541389
      outer loop
         vertex 0.0293525 0.004 0.00365801
         vertex 0.0293525 0.004 0.00384208
         vertex 0.0293525 0 0.00384208
      endloop
   endfacet
   facet normal 0.986827 0 0.161782
      outer loop
         vertex 0.0293724 0.004 0.00347502
         vertex 0.0293525 0.004 0.00365801
         vertex 0.0293525 0 0.00365801
      endloop
   endfacet
   facet normal 0.96355 0 0.267528
      outer loop
         vertex 0.029412 0.004 0.00329525
         vertex 0.0293724 0.004 0.00347502
         vertex 0.0293724 0 0.00347502
      endloop
   endfacet
   facet normal 0.928977 0 0.370138
      outer loop
         vertex 0.0294707 0.004 0.00312081
         vertex 0.029412 0.004 0.00329525
         vertex 0.029412 0 0.00329525
      endloop
   endfacet
   facet normal 0.883512 0 0.468408
      outer loop
         vertex 0.029548 0.004 0.00295375
         vertex 0.0294707 0.004 0.00312081
         vertex 0.0294707 0 0.00312081
      endloop
   endfacet
   facet normal 0.827689 0 0.561187
      outer loop
         vertex 0.0296429 0.004 0.00279603
         vertex 0.029548 0.004 0.00295375
         vertex 0.029548 0 0.00295375
      endloop
   endfacet
   facet normal 0.762162 0 0.647386
      outer loop
         vertex 0.0297543 0.004 0.00264949
         vertex 0.0296429 0.004 0.00279603
         vertex 0.0296429 0 0.00279603
      endloop
   endfacet
   facet normal 0.687699 0 0.725995
      outer loop
         vertex 0.0298809 0.004 0.00251585
         vertex 0.0297543 0.004 0.00264949
         vertex 0.0297543 0 0.00264949
      endloop
   endfacet
   facet normal 0.605174 0 0.796093
      outer loop
         vertex 0.0300212 0.004 0.00239669
         vertex 0.0298809 0.004 0.00251585
         vertex 0.0298809 0 0.00251585
      endloop
   endfacet
   facet normal 0.515554 0 0.856857
      outer loop
         vertex 0.0301736 0.004 0.00229339
         vertex 0.0300212 0.004 0.00239669
         vertex 0.0300212 0 0.00239669
      endloop
   endfacet
   facet normal 0.419889 0 0.907575
      outer loop
         vertex 0.0303362 0.004 0.00220717
         vertex 0.0301736 0.004 0.00229339
         vertex 0.0301736 0 0.00229339
      endloop
   endfacet
   facet normal 0.319302 0 0.947653
      outer loop
         vertex 0.0305072 0.004 0.00213904
         vertex 0.0303362 0.004 0.00220717
         vertex 0.0303362 0 0.00220717
      endloop
   endfacet
   facet normal 0.21497 0 0.976621
      outer loop
         vertex 0.0306846 0.004 0.00208979
         vertex 0.0305072 0.004 0.00213904
         vertex 0.0305072 0 0.00213904
      endloop
   endfacet
   facet normal 0.108119 0 0.994138
      outer loop
         vertex 0.0308662 0.004 0.00206001
         vertex 0.0306846 0.004 0.00208979
         vertex 0.0306846 0 0.00208979
      endloop
   endfacet
   facet normal 0 0 1
      outer loop
         vertex 0.03105 0.004 0.00205005
         vertex 0.0308662 0.004 0.00206001
         vertex 0.0308662 0 0.00206001
      endloop
   endfacet
   facet normal 0.108119 0 0.994138
      outer loop
         vertex 0.0108662 0 0.00206001
         vertex 0.01105 0 0.00205005
         vertex 0.01105 0.004 0.00205005
      endloop
   endfacet
   facet normal 0.21497 0 0.976621
      outer loop
         vertex 0.0106846 0 0.00208979
         vertex 0.0108662 0 0.00206001
         vertex 0.0108662 0.004 0.00206001
      endloop
   endfacet
   facet normal 0.319302 0 0.947653
      outer loop
         vertex 0.0105072 0 0.00213904
         vertex 0.0106846 0 0.00208979
         vertex 0.0106846 0.004 0.00208979
      endloop
   endfacet
   facet normal 0.419889 0 0.907575
      outer loop
         vertex 0.0103362 0 0.00220717
         vertex 0.0105072 0 0.00213904
         vertex 0.0105072 0.004 0.00213904
      endloop
   endfacet
   facet normal 0.515554 0 0.856857
      outer loop
         vertex 0.0101736 0 0.00229339
         vertex 0.0103362 0 0.00220717
         vertex 0.0103362 0.004 0.00220717
      endloop
   endfacet
   facet normal 0.605174 0 0.796093
      outer loop
         vertex 0.0100212 0 0.00239669
         vertex 0.0101736 0 0.00229339
         vertex 0.0101736 0.004 0.00229339
      endloop
   endfacet
   facet normal 0.687699 0 0.725995
      outer loop
         vertex 0.00988091 0 0.00251585
         vertex 0.0100212 0 0.00239669
         vertex 0.0100212 0.004 0.00239669
      endloop
   endfacet
   facet normal 0.762162 0 0.647386
      outer loop
         vertex 0.00975432 0 0.00264949
         vertex 0.00988091 0 0.00251585
         vertex 0.00988091 0.004 0.00251585
      endloop
   endfacet
   facet normal 0.827689 0 0.561187
      outer loop
         vertex 0.00964293 0 0.00279603
         vertex 0.00975432 0 0.00264949
         vertex 0.00975432 0.004 0.00264949
      endloop
   endfacet
   facet normal 0.883512 0 0.468408
      outer loop
         vertex 0.00954803 0 0.00295375
         vertex 0.00964293 0 0.00279603
         vertex 0.00964293 0.004 0.00279603
      endloop
   endfacet
   facet normal 0.928977 0 0.370138
      outer loop
         vertex 0.00947074 0 0.00312081
         vertex 0.00954803 0 0.00295375
         vertex 0.00954803 0.004 0.00295375
      endloop
   endfacet
   facet normal 0.96355 0 0.267528
      outer loop
         vertex 0.00941197 0 0.00329525
         vertex 0.00947074 0 0.00312081
         vertex 0.00947074 0.004 0.00312081
      endloop
   endfacet
   facet normal 0.986827 0 0.161782
      outer loop
         vertex 0.00937239 0 0.00347502
         vertex 0.00941197 0 0.00329525
         vertex 0.00941197 0.004 0.00329525
      endloop
   endfacet
   facet normal 0.998533 0 0.0541389
      outer loop
         vertex 0.00935249 0 0.00365801
         vertex 0.00937239 0 0.00347502
         vertex 0.00937239 0.004 0.00347502
      endloop
   endfacet
   facet normal 0.998533 0 -0.0541389
      outer loop
         vertex 0.00935249 0 0.00384208
         vertex 0.00935249 0 0.00365801
         vertex 0.00935249 0.004 0.00365801
      endloop
   endfacet
   facet normal 0.986827 0 -0.161782
      outer loop
         vertex 0.00937239 0 0.00402508
         vertex 0.00935249 0 0.00384208
         vertex 0.00935249 0.004 0.00384208
      endloop
   endfacet
   facet normal 0.96355 0 -0.267528
      outer loop
         vertex 0.00941197 0 0.00420484
         vertex 0.00937239 0 0.00402508
         vertex 0.00937239 0.004 0.00402508
      endloop
   endfacet
   facet normal 0.928977 0 -0.370138
      outer loop
         vertex 0.00947074 0 0.00437928
         vertex 0.00941197 0 0.00420484
         vertex 0.00941197 0.004 0.00420484
      endloop
   endfacet
   facet normal 0.883512 0 -0.468408
      outer loop
         vertex 0.00954803 0 0.00454634
         vertex 0.00947074 0 0.00437928
         vertex 0.00947074 0.004 0.00437928
      endloop
   endfacet
   facet normal 0.827689 0 -0.561187
      outer loop
         vertex 0.00964293 0 0.00470406
         vertex 0.00954803 0 0.00454634
         vertex 0.00954803 0.004 0.00454634
      endloop
   endfacet
   facet normal 0.762162 0 -0.647386
      outer loop
         vertex 0.00975432 0 0.0048506
         vertex 0.00964293 0 0.00470406
         vertex 0.00964293 0.004 0.00470406
      endloop
   endfacet
   facet normal 0.687699 0 -0.725995
      outer loop
         vertex 0.00988091 0 0.00498424
         vertex 0.00975432 0 0.0048506
         vertex 0.00975432 0.004 0.0048506
      endloop
   endfacet
   facet normal 0.605174 0 -0.796093
      outer loop
         vertex 0.0100212 0 0.0051034
         vertex 0.00988091 0 0.00498424
         vertex 0.00988091 0.004 0.00498424
      endloop
   endfacet
   facet normal 0.515554 0 -0.856857
      outer loop
         vertex 0.0101736 0 0.0052067
         vertex 0.0100212 0 0.0051034
         vertex 0.0100212 0.004 0.0051034
      endloop
   endfacet
   facet normal 0.419889 0 -0.907575
      outer loop
         vertex 0.0103362 0 0.00529292
         vertex 0.0101736 0 0.0052067
         vertex 0.0101736 0.004 0.0052067
      endloop
   endfacet
   facet normal 0.319302 0 -0.947653
      outer loop
         vertex 0.0105072 0 0.00536106
         vertex 0.0103362 0 0.00529292
         vertex 0.0103362 0.004 0.00529292
      endloop
   endfacet
   facet normal 0.21497 0 -0.976621
      outer loop
         vertex 0.0106846 0 0.0054103
         vertex 0.0105072 0 0.00536106
         vertex 0.0105072 0.004 0.00536106
      endloop
   endfacet
   facet normal 0.108119 0 -0.994138
      outer loop
         vertex 0.0108662 0 0.00544008
         vertex 0.0106846 0 0.0054103
         vertex 0.0106846 0.004 0.0054103
      endloop
   endfacet
   facet normal -1.22465e-16 0 -1
      outer loop
         vertex 0.01105 0 0.00545005
         vertex 0.0108662 0 0.00544008
         vertex 0.0108662 0.004 0.00544008
      endloop
   endfacet
   facet normal -0.108119 0 -0.994138
      outer loop
         vertex 0.0112338 0 0.00544008
         vertex 0.01105 0 0.00545005
         vertex 0.01105 0.004 0.00545005
      endloop
   endfacet
   facet normal -0.21497 0 -0.976621
      outer loop
         vertex 0.0114154 0 0.0054103
         vertex 0.0112338 0 0.00544008
         vertex 0.0112338 0.004 0.00544008
      endloop
   endfacet
   facet normal -0.319302 0 -0.947653
      outer loop
         vertex 0.0115928 0 0.00536106
         vertex 0.0114154 0 0.0054103
         vertex 0.0114154 0.004 0.0054103
      endloop
   endfacet
   facet normal -0.419889 0 -0.907575
      outer loop
         vertex 0.0117638 0 0.00529292
         vertex 0.0115928 0 0.00536106
         vertex 0.0115928 0.004 0.00536106
      endloop
   endfacet
   facet normal -0.515554 0 -0.856857
      outer loop
         vertex 0.0119264 0 0.0052067
         vertex 0.0117638 0 0.00529292
         vertex 0.0117638 0.004 0.00529292
      endloop
   endfacet
   facet normal -0.605174 0 -0.796093
      outer loop
         vertex 0.0120788 0 0.0051034
         vertex 0.0119264 0 0.0052067
         vertex 0.0119264 0.004 0.0052067
      endloop
   endfacet
   facet normal -0.687699 0 -0.725995
      outer loop
         vertex 0.0122191 0 0.00498424
         vertex 0.0120788 0 0.0051034
         vertex 0.0120788 0.004 0.0051034
      endloop
   endfacet
   facet normal -0.762162 0 -0.647386
      outer loop
         vertex 0.0123457 0 0.0048506
         vertex 0.0122191 0 0.00498424
         vertex 0.0122191 0.004 0.00498424
      endloop
   endfacet
   facet normal -0.827689 0 -0.561187
      outer loop
         vertex 0.0124571 0 0.00470406
         vertex 0.0123457 0 0.0048506
         vertex 0.0123457 0.004 0.0048506
      endloop
   endfacet
   facet normal -0.883512 0 -0.468408
      outer loop
         vertex 0.012552 0 0.00454634
         vertex 0.0124571 0 0.00470406
         vertex 0.0124571 0.004 0.00470406
      endloop
   endfacet
   facet normal -0.928977 0 -0.370138
      outer loop
         vertex 0.0126293 0 0.00437928
         vertex 0.012552 0 0.00454634
         vertex 0.012552 0.004 0.00454634
      endloop
   endfacet
   facet normal -0.96355 0 -0.267528
      outer loop
         vertex 0.012688 0 0.00420484
         vertex 0.0126293 0 0.00437928
         vertex 0.0126293 0.004 0.00437928
      endloop
   endfacet
   facet normal -0.986827 0 -0.161782
      outer loop
         vertex 0.0127276 0 0.00402508
         vertex 0.012688 0 0.00420484
         vertex 0.012688 0.004 0.00420484
      endloop
   endfacet
   facet normal -0.998533 0 -0.0541389
      outer loop
         vertex 0.0127475 0 0.00384208
         vertex 0.0127276 0 0.00402508
         vertex 0.0127276 0.004 0.00402508
      endloop
   endfacet
   facet normal -0.998533 0 0.0541389
      outer loop
         vertex 0.0127475 0 0.00365801
         vertex 0.0127475 0 0.00384208
         vertex 0.0127475 0.004 0.00384208
      endloop
   endfacet
   facet normal -0.986827 0 0.161782
      outer loop
         vertex 0.0127276 0 0.00347502
         vertex 0.0127475 0 0.00365801
         vertex 0.0127475 0.004 0.00365801
      endloop
   endfacet
   facet normal -0.96355 0 0.267528
      outer loop
         vertex 0.012688 0 0.00329525
         vertex 0.0127276 0 0.00347502
         vertex 0.0127276 0.004 0.00347502
      endloop
   endfacet
   facet normal -0.928977 0 0.370138
      outer loop
         vertex 0.0126293 0 0.00312081
         vertex 0.012688 0 0.00329525
         vertex 0.012688 0.004 0.00329525
      endloop
   endfacet
   facet normal -0.883512 0 0.468408
      outer loop
         vertex 0.012552 0 0.00295375
         vertex 0.0126293 0 0.00312081
         vertex 0.0126293 0.004 0.00312081
      endloop
   endfacet
   facet normal -0.827689 0 0.561187
      outer loop
         vertex 0.0124571 0 0.00279603
         vertex 0.012552 0 0.00295375
         vertex 0.012552 0.004 0.00295375
      endloop
   endfacet
   facet normal -0.762162 0 0.647386
      outer loop
         vertex 0.0123457 0 0.00264949
         vertex 0.0124571 0 0.00279603
         vertex 0.0124571 0.004 0.00279603
      endloop
   endfacet
   facet normal -0.687699 0 0.725995
      outer loop
         vertex 0.0122191 0 0.00251585
         vertex 0.0123457 0 0.00264949
         vertex 0.0123457 0.004 0.00264949
      endloop
   endfacet
   facet normal -0.605174 0 0.796093
      outer loop
         vertex 0.0120788 0 0.00239669
         vertex 0.0122191 0 0.00251585
         vertex 0.0122191 0.004 0.00251585
      endloop
   endfacet
   facet normal -0.515554 0 0.856857
      outer loop
         vertex 0.0119264 0 0.00229339
         vertex 0.0120788 0 0.00239669
         vertex 0.0120788 0.004 0.00239669
      endloop
   endfacet
   facet normal -0.419889 0 0.907575
      outer loop
         vertex 0.0117638 0 0.00220717
         vertex 0.0119264 0 0.00229339
         vertex 0.0119264 0.004 0.00229339
      endloop
   endfacet
   facet normal -0.319302 0 0.947653
      outer loop
         vertex 0.0115928 0 0.00213904
         vertex 0.0117638 0 0.00220717
         vertex 0.0117638 0.004 0.00220717
      endloop
   endfacet
   facet normal -0.21497 0 0.976621
      outer loop
         vertex 0.0114154 0 0.00208979
         vertex 0.0115928 0 0.00213904
         vertex 0.0115928 0.004 0.00213904
      endloop
   endfacet
   facet normal -0.108119 0 0.994138
      outer loop
         vertex 0.0112338 0 0.00206001
         vertex 0.0114154 0 0.00208979
         vertex 0.0114154 0.004 0.00208979
      endloop
   endfacet
   facet normal 0 0 1
      outer loop
         vertex 0.01105 0 0.00205005
         vertex 0.0112338 0 0.00206001
         vertex 0.0112338 0.004 0.00206001
      endloop
   endfacet
   facet normal -0.108119 0 0.994138
      outer loop
         vertex 0.0112338 0.004 0.00206001
         vertex 0.01105 0.004 0.00205005
         vertex 0.01105 0 0.00205005
      endloop
   endfacet
   facet normal -0.21497 0 0.976621
      outer loop
         vertex 0.0114154 0.004 0.00208979
         vertex 0.0112338 0.004 0.00206001
         vertex 0.0112338 0 0.00206001
      endloop
   endfacet
   facet normal -0.319302 0 0.947653
      outer loop
         vertex 0.0115928 0.004 0.00213904
         vertex 0.0114154 0.004 0.00208979
         vertex 0.0114154 0 0.00208979
      endloop
   endfacet
   facet normal -0.419889 0 0.907575
      outer loop
         vertex 0.0117638 0.004 0.00220717
         vertex 0.0115928 0.004 0.00213904
         vertex 0.0115928 0 0.00213904
      endloop
   endfacet
   facet normal -0.515554 0 0.856857
      outer loop
         vertex 0.0119264 0.004 0.00229339
         vertex 0.0117638 0.004 0.00220717
         vertex 0.0117638 0 0.00220717
      endloop
   endfacet
   facet normal -0.605174 0 0.796093
      outer loop
         vertex 0.0120788 0.004 0.00239669
         vertex 0.0119264 0.004 0.00229339
         vertex 0.0119264 0 0.00229339
      endloop
   endfacet
   facet normal -0.687699 0 0.725995
      outer loop
         vertex 0.0122191 0.004 0.00251585
         vertex 0.0120788 0.004 0.00239669
         vertex 0.0120788 0 0.00239669
      endloop
   endfacet
   facet normal -0.762162 0 0.647386
      outer loop
         vertex 0.0123457 0.004 0.00264949
         vertex 0.0122191 0.004 0.00251585
         vertex 0.0122191 0 0.00251585
      endloop
   endfacet
   facet normal -0.827689 0 0.561187
      outer loop
         vertex 0.0124571 0.004 0.00279603
         vertex 0.0123457 0.004 0.00264949
         vertex 0.0123457 0 0.00264949
      endloop
   endfacet
   facet normal -0.883512 0 0.468408
      outer loop
         vertex 0.012552 0.004 0.00295375
         vertex 0.0124571 0.004 0.00279603
         vertex 0.0124571 0 0.00279603
      endloop
   endfacet
   facet normal -0.928977 0 0.370138
      outer loop
         vertex 0.0126293 0.004 0.00312081
         vertex 0.012552 0.004 0.00295375
         vertex 0.012552 0 0.00295375
      endloop
   endfacet
   facet normal -0.96355 0 0.267528
      outer loop
         vertex 0.012688 0.004 0.00329525
         vertex 0.0126293 0.004 0.00312081
         vertex 0.0126293 0 0.00312081
      endloop
   endfacet
   facet normal -0.986827 0 0.161782
      outer loop
         vertex 0.0127276 0.004 0.00347502
         vertex 0.012688 0.004 0.00329525
         vertex 0.012688 0 0.00329525
      endloop
   endfacet
   facet normal -0.998533 0 0.0541389
      outer loop
         vertex 0.0127475 0.004 0.00365801
         vertex 0.0127276 0.004 0.00347502
         vertex 0.0127276 0 0.00347502
      endloop
   endfacet
   facet normal -0.998533 0 -0.0541389
      outer loop
         vertex 0.0127475 0.004 0.00384208
         vertex 0.0127475 0.004 0.00365801
         vertex 0.0127475 0 0.00365801
      endloop
   endfacet
   facet normal -0.986827 0 -0.161782
      outer loop
         vertex 0.0127276 0.004 0.00402508
         vertex 0.0127475 0.004 0.00384208
         vertex 0.0127475 0 0.00384208
      endloop
   endfacet
   facet normal -0.96355 0 -0.267528
      outer loop
         vertex 0.012688 0.004 0.00420484
         vertex 0.0127276 0.004 0.00402508
         vertex 0.0127276 0 0.00402508
      endloop
   endfacet
   facet normal -0.928977 0 -0.370138
      outer loop
         vertex 0.0126293 0.004 0.00437928
         vertex 0.012688 0.004 0.00420484
         vertex 0.012688 0 0.00420484
      endloop
   endfacet
   facet normal -0.883512 0 -0.468408
      outer loop
         vertex 0.012552 0.004 0.00454634
         vertex 0.0126293 0.004 0.00437928
         vertex 0.0126293 0 0.00437928
      endloop
   endfacet
   facet normal -0.827689 0 -0.561187
      outer loop
         vertex 0.0124571 0.004 0.00470406
         vertex 0.012552 0.004 0.00454634
         vertex 0.012552 0 0.00454634
      endloop
   endfacet
   facet normal -0.762162 0 -0.647386
      outer loop
         vertex 0.0123457 0.004 0.0048506
         vertex 0.0124571 0.004 0.00470406
         vertex 0.0124571 0 0.00470406
      endloop
   endfacet
   facet normal -0.687699 0 -0.725995
      outer loop
         vertex 0.0122191 0.004 0.00498424
         vertex 0.0123457 0.004 0.0048506
         vertex 0.0123457 0 0.0048506
      endloop
   endfacet
   facet normal -0.605174 0 -0.796093
      outer loop
         vertex 0.0120788 0.004 0.0051034
         vertex 0.0122191 0.004 0.00498424
         vertex 0.0122191 0 0.00498424
      endloop
   endfacet
   facet normal -0.515554 0 -0.856857
      outer loop
         vertex 0.0119264 0.004 0.0052067
         vertex 0.0120788 0.004 0.0051034
         vertex 0.0120788 0 0.0051034
      endloop
   endfacet
   facet normal -0.419889 0 -0.907575
      outer loop
         vertex 0.0117638 0.004 0.00529292
         vertex 0.0119264 0.004 0.0052067
         vertex 0.0119264 0 0.0052067
      endloop
   endfacet
   facet normal -0.319302 0 -0.947653
      outer loop
         vertex 0.0115928 0.004 0.00536106
         vertex 0.0117638 0.004 0.00529292
         vertex 0.0117638 0 0.00529292
      endloop
   endfacet
   facet normal -0.21497 0 -0.976621
      outer loop
         vertex 0.0114154 0.004 0.0054103
         vertex 0.0115928 0.004 0.00536106
         vertex 0.0115928 0 0.00536106
      endloop
   endfacet
   facet normal -0.108119 0 -0.994138
      outer loop
         vertex 0.0112338 0.004 0.00544008
         vertex 0.0114154 0.004 0.0054103
         vertex 0.0114154 0 0.0054103
      endloop
   endfacet
   facet normal 0 0 -1
      outer loop
         vertex 0.01105 0.004 0.00545005
         vertex 0.0112338 0.004 0.00544008
         vertex 0.0112338 0 0.00544008
      endloop
   endfacet
   facet normal 0.108119 0 -0.994138
      outer loop
         vertex 0.0108662 0.004 0.00544008
         vertex 0.01105 0.004 0.00545005
         vertex 0.01105 0 0.00545005
      endloop
   endfacet
   facet normal 0.21497 0 -0.976621
      outer loop
         vertex 0.0106846 0.004 0.0054103
         vertex 0.0108662 0.004 0.00544008
         vertex 0.0108662 0 0.00544008
      endloop
   endfacet
   facet normal 0.319302 0 -0.947653
      outer loop
         vertex 0.0105072 0.004 0.00536106
         vertex 0.0106846 0.004 0.0054103
         vertex 0.0106846 0 0.0054103
      endloop
   endfacet
   facet normal 0.419889 0 -0.907575
      outer loop
         vertex 0.0103362 0.004 0.00529292
         vertex 0.0105072 0.004 0.00536106
         vertex 0.0105072 0 0.00536106
      endloop
   endfacet
   facet normal 0.515554 0 -0.856857
      outer loop
         vertex 0.0101736 0.004 0.0052067
         vertex 0.0103362 0.004 0.00529292
         vertex 0.0103362 0 0.00529292
      endloop
   endfacet
   facet normal 0.605174 0 -0.796093
      outer loop
         vertex 0.0100212 0.004 0.0051034
         vertex 0.0101736 0.004 0.0052067
         vertex 0.0101736 0 0.0052067
      endloop
   endfacet
   facet normal 0.687699 0 -0.725995
      outer loop
         vertex 0.00988091 0.004 0.00498424
         vertex 0.0100212 0.004 0.0051034
         vertex 0.0100212 0 0.0051034
      endloop
   endfacet
   facet normal 0.762162 0 -0.647386
      outer loop
         vertex 0.00975432 0.004 0.0048506
         vertex 0.00988091 0.004 0.00498424
         vertex 0.00988091 0 0.00498424
      endloop
   endfacet
   facet normal 0.827689 0 -0.561187
      outer loop
         vertex 0.00964293 0.004 0.00470406
         vertex 0.00975432 0.004 0.0048506
         vertex 0.00975432 0 0.0048506
      endloop
   endfacet
   facet normal 0.883512 0 -0.468408
      outer loop
         vertex 0.00954803 0.004 0.00454634
         vertex 0.00964293 0.004 0.00470406
         vertex 0.00964293 0 0.00470406
      endloop
   endfacet
   facet normal 0.928977 0 -0.370138
      outer loop
         vertex 0.00947074 0.004 0.00437928
         vertex 0.00954803 0.004 0.00454634
         vertex 0.00954803 0 0.00454634
      endloop
   endfacet
   facet normal 0.96355 0 -0.267528
      outer loop
         vertex 0.00941197 0.004 0.00420484
         vertex 0.00947074 0.004 0.00437928
         vertex 0.00947074 0 0.00437928
      endloop
   endfacet
   facet normal 0.986827 0 -0.161782
      outer loop
         vertex 0.00937239 0.004 0.00402508
         vertex 0.00941197 0.004 0.00420484
         vertex 0.00941197 0 0.00420484
      endloop
   endfacet
   facet normal 0.998533 0 -0.0541389
      outer loop
         vertex 0.00935249 0.004 0.00384208
         vertex 0.00937239 0.004 0.00402508
         vertex 0.00937239 0 0.00402508
      endloop
   endfacet
   facet normal 0.998533 0 0.0541389
      outer loop
         vertex 0.00935249 0.004 0.00365801
         vertex 0.00935249 0.004 0.00384208
         vertex 0.00935249 0 0.00384208
      endloop
   endfacet
   facet normal 0.986827 0 0.161782
      outer loop
         vertex 0.00937239 0.004 0.00347502
         vertex 0.00935249 0.004 0.00365801
         vertex 0.00935249 0 0.00365801
      endloop
   endfacet
   facet normal 0.96355 0 0.267528
      outer loop
         vertex 0.00941197 0.004 0.00329525
         vertex 0.00937239 0.004 0.00347502
         vertex 0.00937239 0 0.00347502
      endloop
   endfacet
   facet normal 0.928977 0 0.370138
      outer loop
         vertex 0.00947074 0.004 0.00312081
         vertex 0.00941197 0.004 0.00329525
         vertex 0.00941197 0 0.00329525
      endloop
   endfacet
   facet normal 0.883512 0 0.468408
      outer loop
         vertex 0.00954803 0.004 0.00295375
         vertex 0.00947074 0.004 0.00312081
         vertex 0.00947074 0 0.00312081
      endloop
   endfacet
   facet normal 0.827689 0 0.561187
      outer loop
         vertex 0.00964293 0.004 0.00279603
         vertex 0.00954803 0.004 0.00295375
         vertex 0.00954803 0 0.00295375
      endloop
   endfacet
   facet normal 0.762162 0 0.647386
      outer loop
         vertex 0.00975432 0.004 0.00264949
         vertex 0.00964293 0.004 0.00279603
         vertex 0.00964293 0 0.00279603
      endloop
   endfacet
   facet normal 0.687699 0 0.725995
      outer loop
         vertex 0.00988091 0.004 0.00251585
         vertex 0.00975432 0.004 0.00264949
         vertex 0.00975432 0 0.00264949
      endloop
   endfacet
   facet normal 0.605174 0 0.796093
      outer loop
         vertex 0.0100212 0.004 0.00239669
         vertex 0.00988091 0.004 0.00251585
         vertex 0.00988091 0 0.00251585
      endloop
   endfacet
   facet normal 0.515554 0 0.856857
      outer loop
         vertex 0.0101736 0.004 0.00229339
         vertex 0.0100212 0.004 0.00239669
         vertex 0.0100212 0 0.00239669
      endloop
   endfacet
   facet normal 0.419889 0 0.907575
      outer loop
         vertex 0.0103362 0.004 0.00220717
         vertex 0.0101736 0.004 0.00229339
         vertex 0.0101736 0 0.00229339
      endloop
   endfacet
   facet normal 0.319302 0 0.947653
      outer loop
         vertex 0.0105072 0.004 0.00213904
         vertex 0.0103362 0.004 0.00220717
         vertex 0.0103362 0 0.00220717
      endloop
   endfacet
   facet normal 0.21497 0 0.976621
      outer loop
         vertex 0.0106846 0.004 0.00208979
         vertex 0.0105072 0.004 0.00213904
         vertex 0.0105072 0 0.00213904
      endloop
   endfacet
   facet normal 0.108119 0 0.994138
      outer loop
         vertex 0.0108662 0.004 0.00206001
         vertex 0.0106846 0.004 0.00208979
         vertex 0.0106846 0 0.00208979
      endloop
   endfacet
   facet normal 0 0 1
      outer loop
         vertex 0.01105 0.004 0.00205005
         vertex 0.0108662 0.004 0.00206001
         vertex 0.0108662 0 0.00206001
      endloop
   endfacet
endsolid servo_mount. Units = meters